ma_san_pham,ma_cua_hang,ten_san_pham,gia_niem_yet,diem_danh_gia,so_luot_danh_gia,so_luot_thich,ma_thuong_hieu,ma_danh_muc
SYSN10000000,SH2719583,Estee Lauder Nhẹ nhàng Foam Cleanser,1495000,4.8,13,19,9,1
SYSN10000001,SH1445199,CeraVe Sáng da Balm Cleanser,310000,4.6,625,838,4,1
SYSN10000002,SH3678638,Innisfree Hiệu quả Essence Toner,218000,4.8,73,112,13,5
SYSN10000003,SH7022674,Hasaki Trắng sáng Niacinamide Serum,196000,4.7,6,10,12,3
SYSN10000004,SH5918715,Simple Trắng sáng Brightening Toner,85000,4.8,20,34,28,5
SYSN10000005,SH5855124,Cosrx Hiệu quả Gel Moisturizer,313000,4.9,89,176,8,2
SYSN10000006,SH6960453,Rovectin Tăng cường Retinol Serum,563000,4.7,3,2,24,3
SYSN10000007,SH8755439,Garnier Chống lão hóa Gel Moisturizer,103000,5.0,93,99,10,2
SYSN10000008,SH6292423,Senka Hiệu quả Gel Cleanser,64000,4.8,35,38,26,1
SYSN10000009,SH8698256,Cetaphil Cấp nước Night Cream Moisturizer,290000,4.4,14,10,5,2
SYSN10000010,SH7073292,Klairs Cấp nước Pore Care Toner,291000,4.3,3,2,15,5
SYSN10000011,SH8082668,Simple Hiệu quả SPF 30 Sunscreen,79000,4.6,13,18,28,4
SYSN10000012,SH2921859,Neutrogena Chuyên sâu Gel Cleanser,269000,4.8,0,0,20,1
SYSN10000013,SH1054447,Simple Làm mềm Retinol Serum,100000,4.2,29,55,28,3
SYSN10000014,SH9517169,Cosrx Cao cấp Micellar Cleanser,316000,4.5,5,7,8,1
SYSN10000015,SH9197443,The Face Shop Tăng cường Pore Care Toner,318000,4.2,4125,2183,32,5
SYSN10000016,SH2437026,L'Oreal Trắng sáng Eye Cream Moisturizer,122000,4.8,31,49,16,2
SYSN10000017,SH5446912,Garnier Chống lão hóa Pore Care Toner,125000,4.8,125,161,10,5
SYSN10000018,SH6229731,Kiehl's VN Nhẹ nhàng Gel Moisturizer,2033000,4.4,58,63,14,2
SYSN10000019,SH6672134,Beauty of Joseon VN Trắng sáng SPF 30 Sunscreen,257000,4.5,43,22,2,4
SYSN10000020,SH6543670,La Roche-Posay Cao cấp Gel Cleanser,213000,4.7,6,3,17,1
SYSN10000021,SH8930103,Anessa Sáng da Balm Cleanser,228000,4.3,22,19,1,1
SYSN10000022,SH1908841,Sulwhasoo Làm mềm Tint Sunscreen,2378000,4.7,197,297,31,4
SYSN10000023,SH8526486,Simple Kiểm soát nhờn Retinol Serum,123000,4.5,27,19,28,3
SYSN10000024,SH1848731,Cocoon Trắng sáng Water Resistant Sunscreen,96000,4.3,276,407,7,4
SYSN10000025,SH4586084,Paula's Choice Làm mềm Niacinamide Serum,607000,4.5,76,136,22,3
SYSN10000026,SH8096887,Hasaki Làm dịu Tint Sunscreen,111000,4.4,18,27,12,4
SYSN10000027,SH2022698,Neutrogena Sáng da Essence Toner,232000,4.8,8,12,20,5
SYSN10000028,SH4117625,The Face Shop Trắng sáng Balm Cleanser,234000,4.5,38,22,32,1
SYSN10000029,SH2375453,Klairs Dưỡng ẩm Eye Cream Moisturizer,190000,4.7,7,7,15,2
SYSN10000030,SH5456272,Murad VN Phục hồi Micellar Cleanser,1573000,4.3,19,20,19,1
SYSN10000031,SH2677407,Cosrx Sáng da Water Resistant Sunscreen,402000,4.8,13,7,8,4
SYSN10000032,SH3646552,Cocoon Làm dịu Hyaluronic Acid Serum,211000,4.4,122,141,7,3
SYSN10000033,SH6022741,Kiehl's VN Chuyên sâu SPF 50+ Sunscreen,2796000,4.8,4,7,14,4
SYSN10000034,SH5727085,Cosrx Làm dịu Gel Moisturizer,333000,4.7,11,15,8,2
SYSN10000035,SH1852264,Pond's Thiên nhiên Hyaluronic Acid Serum,181000,4.7,23,14,23,3
SYSN10000036,SH8412769,The Ordinary Chống lão hóa Hyaluronic Acid Serum,238000,4.4,24,31,33,3
SYSN10000037,SH3484601,The Ordinary Sáng da Hyaluronic Acid Serum,347000,4.9,354,405,33,3
SYSN10000038,SH5186414,Kiehl's VN Phục hồi PA++++ Sunscreen,1763000,4.2,459,688,14,4
SYSN10000039,SH3726327,Ohui VN Cao cấp Foam Cleanser,1348000,4.6,8,15,21,1
SYSN10000040,SH5163555,Cetaphil Hiệu quả Tint Sunscreen,348000,4.4,22,19,5,4
SYSN10000041,SH6120253,Laneige Tăng cường Tint Sunscreen,1115000,4.8,44,76,18,4
SYSN10000042,SH5682940,Cetaphil Hiệu quả Vitamin C Serum,380000,4.6,29,29,5,3
SYSN10000043,SH5382463,Vaseline Thiên nhiên Gel Cleanser,84000,4.5,79,60,34,1
SYSN10000044,SH7462506,Cetaphil Trắng sáng Peptide Serum,391000,5.0,60,110,5,3
SYSN10000045,SH4305700,The Face Shop Chuyên sâu Peptide Serum,285000,4.9,277,289,32,3
SYSN10000046,SH6038571,Cetaphil Nhẹ nhàng Gel Cleanser,334000,4.7,111,139,5,1
SYSN10000047,SH3919694,Garnier Cấp nước Daily Sunscreen,162000,4.3,6,8,10,4
SYSN10000048,SH6406444,Estee Lauder Sáng da Balm Cleanser,1470000,4.5,12,14,9,1
SYSN10000049,SH6623525,Anessa Kiểm soát nhờn Hyaluronic Acid Serum,519000,4.8,230,147,1,3
SYSN10000050,SH2221854,Garnier Làm mềm SPF 30 Sunscreen,176000,4.7,22,26,10,4
SYSN10000051,SH1093026,St. Ives Chuyên sâu Retinol Serum,163000,4.1,38,69,30,3
SYSN10000052,SH3036059,The Face Shop Phục hồi Water Resistant Sunscreen,349000,4.4,162,191,32,4
SYSN10000053,SH9468772,Cetaphil Sáng da Oil Cleanser,295000,4.6,15,17,5,1
SYSN10000054,SH5652512,St. Ives Cao cấp Gel Moisturizer,162000,4.5,52,85,30,2
SYSN10000055,SH6634586,Cosrx Làm dịu Foam Cleanser,304000,4.6,110,107,8,1
SYSN10000056,SH7838382,Anessa Cấp nước Vitamin C Serum,487000,4.6,22,21,1,3
SYSN10000057,SH1327691,Clean & Clear Nhẹ nhàng Peptide Serum,96000,5.0,15,26,6,3
SYSN10000058,SH4700025,Hasaki Kiểm soát nhờn Tint Sunscreen,212000,4.2,1753,2160,12,4
SYSN10000059,SH3768991,Rovectin Nhẹ nhàng Tint Sunscreen,242000,4.4,35,61,24,4
SYSN10000060,SH8190929,Ohui VN Trắng sáng Gel Cleanser,1556000,4.3,49,34,21,1
SYSN10000061,SH7360682,Bioderma Hiệu quả Hyaluronic Acid Serum,325000,4.4,107,98,3,3
SYSN10000062,SH2151225,The Face Shop Phục hồi Hydrating Toner,383000,5.0,67,112,32,5
SYSN10000063,SH5002120,Murad VN Chống lão hóa Pore Care Toner,1258000,5.0,2,1,19,5
SYSN10000064,SH2921542,Neutrogena Sáng da Foam Cleanser,327000,5.0,25,41,20,1
SYSN10000065,SH4327421,Neutrogena Cấp nước Tint Sunscreen,275000,4.7,85,52,20,4
SYSN10000066,SH3030966,Estee Lauder Hiệu quả Balm Cleanser,1047000,4.5,5,8,9,1
SYSN10000067,SH6724909,Rovectin Chuyên sâu Peptide Serum,562000,4.7,17,8,24,3
SYSN10000068,SH3566765,Cetaphil Nhẹ nhàng Tint Sunscreen,223000,4.6,526,606,5,4
SYSN10000069,SH5502929,St. Ives Sáng da Low pH Cleanser,119000,4.6,5,4,30,1
SYSN10000070,SH7358385,Innisfree Sáng da Night Cream Moisturizer,256000,4.4,17,17,13,2
SYSN10000071,SH5635017,Cetaphil Làm dịu PA++++ Sunscreen,423000,4.9,2,2,5,4
SYSN10000072,SH8987516,Hada Labo Nhẹ nhàng Retinol Serum,250000,4.8,74,108,11,3
SYSN10000073,SH7191135,Paula's Choice Làm dịu Exfoliating Toner,307000,4.7,160,193,22,5
SYSN10000074,SH6144280,Vaseline Làm dịu Tint Sunscreen,99000,4.5,7,6,34,4
SYSN10000075,SH5638893,The Ordinary Làm mềm AHA/BHA Serum,276000,4.5,40,63,33,3
SYSN10000076,SH6071208,Paula's Choice Chống lão hóa PA++++ Sunscreen,398000,4.2,21,10,22,4
SYSN10000077,SH9235577,Ohui VN Chuyên sâu Retinol Serum,2673000,4.8,85,55,21,3
SYSN10000078,SH9014965,Cetaphil Làm dịu SPF 50+ Sunscreen,362000,4.5,82,55,5,4
SYSN10000079,SH6097514,Rovectin Hiệu quả SPF 30 Sunscreen,367000,4.9,32,20,24,4
SYSN10000080,SH9767312,Klairs Hiệu quả Foam Cleanser,315000,4.8,85,90,15,1
SYSN10000081,SH2664863,Hasaki Sáng da Cream Moisturizer,250000,4.8,67,128,12,2
SYSN10000082,SH3626181,Garnier Trắng sáng Peptide Serum,176000,4.6,76,38,10,3
SYSN10000083,SH8617381,Bioderma Nhẹ nhàng Micellar Cleanser,199000,4.8,132,80,3,1
SYSN10000084,SH3499627,L'Oreal Phục hồi Peptide Serum,117000,4.5,83,154,16,3
SYSN10000085,SH6101803,Pond's Nhẹ nhàng Niacinamide Serum,87000,4.3,42,65,23,3
SYSN10000086,SH6407658,Klairs Nhẹ nhàng Oil Cleanser,222000,4.7,13,18,15,1
SYSN10000087,SH5521644,Senka Cao cấp AHA/BHA Serum,184000,4.7,234,319,26,3
SYSN10000088,SH9249789,Neutrogena Cấp nước Balm Cleanser,444000,4.1,37,72,20,1
SYSN10000089,SH9312590,Cosrx Cấp nước PA++++ Sunscreen,197000,5.0,208,193,8,4
SYSN10000090,SH7780932,CeraVe Trắng sáng Hydrating Toner,398000,4.8,5,8,4,5
SYSN10000091,SH9363326,Some By Mi Sáng da Lotion Moisturizer,267000,4.7,25,35,29,2
SYSN10000092,SH3037191,Estee Lauder Làm mềm AHA/BHA Serum,1217000,4.7,615,334,9,3
SYSN10000093,SH2563790,Pond's Cấp nước Pore Care Toner,110000,5.0,103,86,23,5
SYSN10000094,SH9537455,Garnier Làm dịu Barrier Repair Moisturizer,95000,4.8,36,56,10,2
SYSN10000095,SH9526867,Innisfree Phục hồi Tint Sunscreen,423000,4.8,15,24,13,4
SYSN10000096,SH1043037,Clean & Clear Làm dịu Peptide Serum,131000,4.1,84,77,6,3
SYSN10000097,SH9125900,Beauty of Joseon VN Kiểm soát nhờn Oil Cleanser,133000,4.9,103,104,2,1
SYSN10000098,SH7425184,Cetaphil Phục hồi Low pH Cleanser,192000,4.4,3,2,5,1
SYSN10000099,SH3551903,Hada Labo Hiệu quả Daily Sunscreen,561000,4.2,21,26,11,4
SYSN10000100,SH9823994,Cosrx Trắng sáng Oil Cleanser,306000,4.6,0,0,8,1
SYSN10000101,SH7668663,Murad VN Tăng cường Hyaluronic Acid Serum,3079000,4.4,31,45,19,3
SYSN10000102,SH1602286,Cetaphil Cao cấp Oil Cleanser,198000,4.5,257,366,5,1
SYSN10000103,SH2686231,Bioderma Trắng sáng Oil Cleanser,326000,4.8,62,72,3,1
SYSN10000104,SH3442255,La Roche-Posay Cấp nước Lotion Moisturizer,225000,4.0,3,2,17,2
SYSN10000105,SH5040453,Anessa Sáng da Oil Cleanser,309000,4.6,276,344,1,1
SYSN10000106,SH8805654,St. Ives Thiên nhiên Vitamin C Serum,203000,4.4,21,38,30,3
SYSN10000107,SH8118722,Cetaphil Chuyên sâu Hyaluronic Acid Serum,487000,4.6,82,125,5,3
SYSN10000108,SH7022335,Kiehl's VN Cấp nước SPF 30 Sunscreen,1358000,4.4,122,166,14,4
SYSN10000109,SH1822825,Clean & Clear Cao cấp Peptide Serum,249000,4.3,4,7,6,3
SYSN10000110,SH4189885,Bioderma Phục hồi Lotion Moisturizer,440000,4.6,36,51,3,2
SYSN10000111,SH8395785,Garnier Làm dịu Essence Toner,53000,4.5,109,59,10,5
SYSN10000112,SH3217273,Hasaki Phục hồi Retinol Serum,341000,4.6,132,221,12,3
SYSN10000113,SH5951651,Anessa Hiệu quả Oil Cleanser,206000,4.5,800,1295,1,1
SYSN10000114,SH7667458,Murad VN Cao cấp Retinol Serum,2405000,4.9,3,5,19,3
SYSN10000115,SH5398338,Neutrogena Tăng cường Niacinamide Serum,617000,5.0,2,2,20,3
SYSN10000116,SH4713925,St. Ives Tăng cường Water Resistant Sunscreen,79000,4.9,17,25,30,4
SYSN10000117,SH6106390,Clean & Clear Dưỡng ẩm SPF 50+ Sunscreen,86000,4.7,74,147,6,4
SYSN10000118,SH8031780,Hada Labo Nhẹ nhàng AHA/BHA Serum,584000,4.3,2,2,11,3
SYSN10000119,SH7216461,Laneige Dưỡng ẩm PA++++ Sunscreen,2036000,4.9,23,18,18,4
SYSN10000120,SH2015861,Rovectin Tăng cường AHA/BHA Serum,520000,4.5,4,4,24,3
SYSN10000121,SH1358318,St. Ives Chuyên sâu Retinol Serum,145000,4.9,39,22,30,3
SYSN10000122,SH4623062,L'Oreal Phục hồi Eye Cream Moisturizer,173000,4.7,286,491,16,2
SYSN10000123,SH5205279,Senka Chống lão hóa Exfoliating Toner,108000,4.6,40,67,26,5
SYSN10000124,SH6431983,SK-II Sáng da Gel Moisturizer,2544000,4.4,35,18,25,2
SYSN10000125,SH7074006,Cosrx Làm mềm Niacinamide Serum,561000,4.9,4,5,8,3
SYSN10000126,SH6060517,Cocoon Kiểm soát nhờn Low pH Cleanser,101000,4.5,33,39,7,1
SYSN10000127,SH8441741,Clean & Clear Nhẹ nhàng Night Cream Moisturizer,103000,4.1,1418,865,6,2
SYSN10000128,SH6455706,Estee Lauder Kiểm soát nhờn Balm Cleanser,1483000,4.4,28,29,9,1
SYSN10000129,SH4607488,Hada Labo Trắng sáng Daily Sunscreen,405000,5.0,412,471,11,4
SYSN10000130,SH6243275,Hada Labo Cấp nước PA++++ Sunscreen,368000,4.2,67,100,11,4
SYSN10000131,SH8245685,Cocoon Trắng sáng Vitamin C Serum,247000,4.8,10,6,7,3
SYSN10000132,SH8095702,SK-II Tăng cường Niacinamide Serum,1648000,4.8,32,57,25,3
SYSN10000133,SH9089795,Cosrx Chống lão hóa SPF 30 Sunscreen,408000,5.0,36,30,8,4
SYSN10000134,SH1440466,Neutrogena Cao cấp Brightening Toner,230000,4.7,133,187,20,5
SYSN10000135,SH6701311,Estee Lauder Thiên nhiên Micellar Cleanser,1383000,4.5,2,2,9,1
SYSN10000136,SH2539438,Simple Dưỡng ẩm AHA/BHA Serum,144000,4.5,181,293,28,3
SYSN10000137,SH2425342,Cetaphil Hiệu quả PA++++ Sunscreen,198000,4.2,767,1399,5,4
SYSN10000138,SH8416270,CeraVe Làm mềm Brightening Toner,238000,4.5,31,34,4,5
SYSN10000139,SH9164342,Cosrx Sáng da Low pH Cleanser,195000,4.8,31,40,8,1
SYSN10000140,SH3302417,Cocoon Phục hồi Hyaluronic Acid Serum,138000,4.7,71,116,7,3
SYSN10000141,SH4860617,Hada Labo Kiểm soát nhờn Niacinamide Serum,346000,4.4,203,253,11,3
SYSN10000142,SH2306317,Some By Mi Thiên nhiên Tint Sunscreen,365000,4.6,382,684,29,4
SYSN10000143,SH6448705,Clean & Clear Dưỡng ẩm Oil Cleanser,102000,4.8,30,22,6,1
SYSN10000144,SH8309439,Cocoon Phục hồi Essence Toner,169000,4.7,13,17,7,5
SYSN10000145,SH9564488,Cetaphil Trắng sáng SPF 30 Sunscreen,281000,4.7,147,213,5,4
SYSN10000146,SH3477824,Vaseline Cao cấp AHA/BHA Serum,134000,4.9,118,100,34,3
SYSN10000147,SH8783840,Simple Làm mềm AHA/BHA Serum,202000,4.0,1893,3088,28,3
SYSN10000148,SH6303930,Shiseido VN Tăng cường Balm Cleanser,849000,4.8,56,40,27,1
SYSN10000149,SH2244712,Neutrogena Kiểm soát nhờn PA++++ Sunscreen,477000,4.7,25,24,20,4
SYSN10000150,SH9507186,Simple Sáng da Vitamin C Serum,217000,5.0,54,58,28,3
SYSN10000151,SH4158134,Senka Chuyên sâu Eye Cream Moisturizer,167000,4.3,1270,1247,26,2
SYSN10000152,SH2414808,CeraVe Nhẹ nhàng Hyaluronic Acid Serum,464000,4.7,131,164,4,3
SYSN10000153,SH7105194,Innisfree Chống lão hóa Peptide Serum,392000,4.9,310,328,13,3
SYSN10000154,SH6614484,Klairs Chuyên sâu Daily Sunscreen,461000,4.8,1,0,15,4
SYSN10000155,SH3522845,Rovectin Cao cấp Balm Cleanser,214000,4.3,78,78,24,1
SYSN10000156,SH2421349,Rovectin Chống lão hóa Niacinamide Serum,691000,4.4,29,27,24,3
SYSN10000157,SH7070468,Simple Kiểm soát nhờn Brightening Toner,105000,5.0,77,40,28,5
SYSN10000158,SH2294615,Innisfree Chống lão hóa Gel Moisturizer,227000,4.4,4,3,13,2
SYSN10000159,SH7320310,Senka Chống lão hóa Pore Care Toner,105000,4.9,7,5,26,5
SYSN10000160,SH7111929,Garnier Cấp nước Gel Cleanser,118000,5.0,36,54,10,1
SYSN10000161,SH8868776,Innisfree Làm dịu SPF 30 Sunscreen,272000,4.5,109,202,13,4
SYSN10000162,SH7406756,Innisfree Hiệu quả Micellar Cleanser,303000,4.7,33,41,13,1
SYSN10000163,SH9062973,Klairs Dưỡng ẩm Hyaluronic Acid Serum,354000,4.6,143,258,15,3
SYSN10000164,SH8538325,Simple Làm dịu Retinol Serum,95000,4.5,31,57,28,3
SYSN10000165,SH1447451,Murad VN Thiên nhiên PA++++ Sunscreen,1437000,4.3,9,10,19,4
SYSN10000166,SH2662338,Cosrx Tăng cường SPF 50+ Sunscreen,498000,4.6,19,33,8,4
SYSN10000167,SH3328554,Estee Lauder Nhẹ nhàng Brightening Toner,832000,4.6,114,186,9,5
SYSN10000168,SH9854536,Cocoon Kiểm soát nhờn Foam Cleanser,139000,4.2,51,57,7,1
SYSN10000169,SH2053729,Sulwhasoo Làm mềm Water Resistant Sunscreen,766000,4.0,32,21,31,4
SYSN10000170,SH1026245,L'Oreal Cấp nước Micellar Cleanser,135000,4.3,17,24,16,1
SYSN10000171,SH9825812,Simple Trắng sáng PA++++ Sunscreen,99000,4.7,4,5,28,4
SYSN10000172,SH1272499,Cocoon Làm dịu Hyaluronic Acid Serum,283000,4.8,99,102,7,3
SYSN10000173,SH6578736,Simple Hiệu quả AHA/BHA Serum,167000,4.5,40,28,28,3
SYSN10000174,SH4058117,St. Ives Chuyên sâu Tint Sunscreen,112000,4.5,894,1535,30,4
SYSN10000175,SH1703065,Neutrogena Thiên nhiên Exfoliating Toner,288000,4.8,23532,22905,20,5
SYSN10000176,SH5800144,St. Ives Phục hồi Daily Sunscreen,110000,4.4,16,16,30,4
SYSN10000177,SH8377556,Cetaphil Nhẹ nhàng Oil Cleanser,380000,4.5,22,40,5,1
SYSN10000178,SH2385991,Innisfree Làm dịu Eye Cream Moisturizer,321000,4.4,24,38,13,2
SYSN10000179,SH5960015,Pond's Tăng cường Gel Cleanser,58000,4.8,0,0,23,1
SYSN10000180,SH6914963,Vaseline Cao cấp Daily Sunscreen,162000,4.6,24,34,34,4
SYSN10000181,SH7095349,Senka Cấp nước Low pH Cleanser,53000,4.8,179,227,26,1
SYSN10000182,SH7145971,Laneige Phục hồi Cream Moisturizer,2484000,4.9,34,35,18,2
SYSN10000183,SH3310140,Vaseline Sáng da Gel Cleanser,52000,5.0,499,645,34,1
SYSN10000184,SH9686324,Cosrx Làm mềm Foam Cleanser,229000,4.3,38,41,8,1
SYSN10000185,SH9240971,Innisfree Làm dịu Peptide Serum,456000,4.6,134,107,13,3
SYSN10000186,SH6361793,Innisfree Cao cấp AHA/BHA Serum,295000,4.8,7,10,13,3
SYSN10000187,SH3920762,Neutrogena Nhẹ nhàng Low pH Cleanser,280000,4.9,357,603,20,1
SYSN10000188,SH7054838,Anessa Dưỡng ẩm Niacinamide Serum,427000,4.8,42,55,1,3
SYSN10000189,SH7680015,Klairs Làm dịu Essence Toner,442000,4.4,38,75,15,5
SYSN10000190,SH2244282,Klairs Chuyên sâu PA++++ Sunscreen,411000,5.0,25,29,15,4
SYSN10000191,SH3164813,Kiehl's VN Chống lão hóa Water Resistant Sunscreen,2331000,4.8,66,75,14,4
SYSN10000192,SH6805303,Anessa Phục hồi AHA/BHA Serum,742000,4.8,10,19,1,3
SYSN10000193,SH3100009,Paula's Choice Làm dịu Water Resistant Sunscreen,233000,4.6,11,15,22,4
SYSN10000194,SH6664316,Garnier Nhẹ nhàng Peptide Serum,142000,5.0,19,33,10,3
SYSN10000195,SH4536777,La Roche-Posay Làm dịu Pore Care Toner,169000,4.6,12,19,17,5
SYSN10000196,SH9102469,Rovectin Làm dịu Low pH Cleanser,321000,4.6,114,98,24,1
SYSN10000197,SH8792046,La Roche-Posay Làm mềm Tint Sunscreen,348000,5.0,8,6,17,4
SYSN10000198,SH7216632,Vaseline Hiệu quả SPF 30 Sunscreen,177000,4.6,80,101,34,4
SYSN10000199,SH5868949,Laneige Dưỡng ẩm Vitamin C Serum,1544000,4.4,115,220,18,3
SYSN10000200,SH6246485,Murad VN Nhẹ nhàng Peptide Serum,1941000,4.2,1,0,19,3
SYSN10000201,SH9479950,Neutrogena Cấp nước Cream Moisturizer,422000,4.9,3,3,20,2
SYSN10000202,SH8895137,Estee Lauder Chuyên sâu Low pH Cleanser,1035000,4.7,83,77,9,1
SYSN10000203,SH1759041,Estee Lauder Tăng cường Niacinamide Serum,2839000,4.6,114,125,9,3
SYSN10000204,SH5692934,Cosrx Hiệu quả Niacinamide Serum,521000,4.5,83,144,8,3
SYSN10000205,SH7133857,CeraVe Kiểm soát nhờn Micellar Cleanser,285000,4.4,77,125,4,1
SYSN10000206,SH8948107,Some By Mi Tăng cường Low pH Cleanser,318000,4.7,116,148,29,1
SYSN10000207,SH6020319,SK-II Nhẹ nhàng Eye Cream Moisturizer,1423000,4.3,707,983,25,2
SYSN10000208,SH6557278,Klairs Tăng cường Gel Cleanser,246000,4.6,77,116,15,1
SYSN10000209,SH8962302,Kiehl's VN Sáng da SPF 50+ Sunscreen,1017000,4.7,15,13,14,4
SYSN10000210,SH3860717,Bioderma Làm mềm Eye Cream Moisturizer,390000,4.4,40,51,3,2
SYSN10000211,SH1317716,Paula's Choice Phục hồi Essence Toner,142000,5.0,2,2,22,5
SYSN10000212,SH2044906,The Face Shop Cao cấp Tint Sunscreen,338000,5.0,202,314,32,4
SYSN10000213,SH8711874,Beauty of Joseon VN Chống lão hóa Micellar Cleanser,278000,5.0,8,14,2,1
SYSN10000214,SH5680950,Pond's Phục hồi SPF 30 Sunscreen,107000,4.5,160,213,23,4
SYSN10000215,SH9204110,Neutrogena Nhẹ nhàng Barrier Repair Moisturizer,537000,4.7,10,9,20,2
SYSN10000216,SH7370211,Pond's Chuyên sâu Eye Cream Moisturizer,78000,4.1,10,18,23,2
SYSN10000217,SH2325893,Garnier Nhẹ nhàng PA++++ Sunscreen,118000,4.6,247,251,10,4
SYSN10000218,SH5557052,Bioderma Thiên nhiên Hyaluronic Acid Serum,378000,4.5,164,115,3,3
SYSN10000219,SH4906349,Rovectin Chuyên sâu Foam Cleanser,403000,4.3,154,89,24,1
SYSN10000220,SH3649811,The Ordinary Thiên nhiên Pore Care Toner,218000,4.1,58,64,33,5
SYSN10000221,SH2500901,Pond's Dưỡng ẩm Low pH Cleanser,117000,4.6,9,13,23,1
SYSN10000222,SH3949245,Cocoon Cấp nước Exfoliating Toner,78000,4.3,4,7,7,5
SYSN10000223,SH2800206,Neutrogena Làm dịu SPF 50+ Sunscreen,538000,4.5,3,5,20,4
SYSN10000224,SH9459284,St. Ives Cao cấp SPF 30 Sunscreen,84000,4.5,18,21,30,4
SYSN10000225,SH1236293,Innisfree Chống lão hóa AHA/BHA Serum,301000,4.9,19,30,13,3
SYSN10000226,SH8175669,Klairs Cao cấp Oil Cleanser,183000,4.2,44,56,15,1
SYSN10000227,SH5375250,Anessa Dưỡng ẩm Foam Cleanser,413000,5.0,99,106,1,1
SYSN10000228,SH7032283,Klairs Làm dịu Vitamin C Serum,678000,4.3,6,9,15,3
SYSN10000229,SH6217344,Hada Labo Hiệu quả AHA/BHA Serum,376000,4.4,45,69,11,3
SYSN10000230,SH3570027,Bioderma Làm mềm Gel Moisturizer,278000,4.4,35,41,3,2
SYSN10000231,SH4664338,Innisfree Cao cấp Daily Sunscreen,271000,4.5,111,182,13,4
SYSN10000232,SH2882551,St. Ives Trắng sáng Micellar Cleanser,85000,4.6,11,6,30,1
SYSN10000233,SH2950183,Anessa Làm mềm Balm Cleanser,313000,4.5,19,28,1,1
SYSN10000234,SH9610869,Beauty of Joseon VN Chống lão hóa Tint Sunscreen,440000,4.7,32,35,2,4
SYSN10000235,SH1050591,Pond's Làm dịu Oil Cleanser,81000,4.8,15,24,23,1
SYSN10000236,SH2157949,Cosrx Thiên nhiên Vitamin C Serum,453000,4.7,54,106,8,3
SYSN10000237,SH8052503,Anessa Chuyên sâu Daily Sunscreen,264000,4.7,134,142,1,4
SYSN10000238,SH3231198,Beauty of Joseon VN Cao cấp Barrier Repair Moisturizer,577000,4.7,26,38,2,2
SYSN10000239,SH1058272,The Face Shop Cao cấp Retinol Serum,381000,4.5,93,151,32,3
SYSN10000240,SH8728009,The Face Shop Phục hồi Foam Cleanser,215000,5.0,130,132,32,1
SYSN10000241,SH1262492,Simple Cấp nước Barrier Repair Moisturizer,188000,4.6,1758,1513,28,2
SYSN10000242,SH1742169,Rovectin Phục hồi Gel Cleanser,311000,4.6,9,9,24,1
SYSN10000243,SH6350316,Cocoon Phục hồi Hyaluronic Acid Serum,413000,4.8,24,32,7,3
SYSN10000244,SH7938388,Anessa Phục hồi Water Resistant Sunscreen,349000,4.5,57,54,1,4
SYSN10000245,SH9315137,Murad VN Kiểm soát nhờn Night Cream Moisturizer,1111000,4.2,14,7,19,2
SYSN10000246,SH3503456,The Face Shop Cấp nước Oil Cleanser,229000,4.8,41,38,32,1
SYSN10000247,SH8768273,Bioderma Chống lão hóa Low pH Cleanser,257000,4.8,18,33,3,1
SYSN10000248,SH6540893,Anessa Phục hồi Lotion Moisturizer,210000,5.0,41,60,1,2
SYSN10000249,SH1663497,Bioderma Chuyên sâu Tint Sunscreen,250000,4.7,6,10,3,4
SYSN10000250,SH1257256,L'Oreal Làm dịu Hydrating Toner,114000,4.8,18,14,16,5
SYSN10000251,SH4431161,St. Ives Nhẹ nhàng Pore Care Toner,103000,4.8,74,81,30,5
SYSN10000252,SH5388275,Innisfree Làm dịu PA++++ Sunscreen,337000,4.5,287,298,13,4
SYSN10000253,SH4407913,Beauty of Joseon VN Thiên nhiên Hyaluronic Acid Serum,302000,5.0,90,95,2,3
SYSN10000254,SH8005797,Anessa Thiên nhiên Balm Cleanser,371000,4.3,2,1,1,1
SYSN10000255,SH6663388,Bioderma Chuyên sâu AHA/BHA Serum,556000,4.8,37,32,3,3
SYSN10000256,SH3348114,St. Ives Chống lão hóa Hydrating Toner,41000,4.8,187,295,30,5
SYSN10000257,SH2247057,Rovectin Dưỡng ẩm Eye Cream Moisturizer,213000,4.6,113,216,24,2
SYSN10000258,SH4669507,Rovectin Dưỡng ẩm Exfoliating Toner,347000,4.7,59,74,24,5
SYSN10000259,SH9929043,St. Ives Dưỡng ẩm Gel Cleanser,49000,4.6,165,219,30,1
SYSN10000260,SH8223819,Neutrogena Chuyên sâu Low pH Cleanser,355000,4.8,45,76,20,1
SYSN10000261,SH6946534,Bioderma Làm dịu Eye Cream Moisturizer,519000,4.6,101,90,3,2
SYSN10000262,SH6032739,Klairs Phục hồi Daily Sunscreen,341000,4.7,85,129,15,4
SYSN10000263,SH8986040,Senka Cấp nước Night Cream Moisturizer,182000,4.5,45,26,26,2
SYSN10000264,SH2599906,Hada Labo Sáng da Hyaluronic Acid Serum,571000,5.0,175,322,11,3
SYSN10000265,SH2247353,Ohui VN Thiên nhiên Vitamin C Serum,3186000,4.7,11,16,21,3
SYSN10000266,SH4475536,Garnier Dưỡng ẩm Micellar Cleanser,87000,4.9,51,70,10,1
SYSN10000267,SH7528964,The Ordinary Cao cấp Water Resistant Sunscreen,411000,4.7,151,228,33,4
SYSN10000268,SH2638895,Simple Dưỡng ẩm PA++++ Sunscreen,124000,4.3,32,36,28,4
SYSN10000269,SH5585666,Clean & Clear Dưỡng ẩm Micellar Cleanser,102000,4.7,11,18,6,1
SYSN10000270,SH7376562,Hada Labo Sáng da AHA/BHA Serum,369000,5.0,5,3,11,3
SYSN10000271,SH3588336,Simple Nhẹ nhàng Brightening Toner,109000,4.6,405,651,28,5
SYSN10000272,SH3223098,Estee Lauder Trắng sáng Hyaluronic Acid Serum,1483000,4.2,3,1,9,3
SYSN10000273,SH2561359,Cosrx Kiểm soát nhờn Micellar Cleanser,263000,4.6,97,135,8,1
SYSN10000274,SH5072543,Hada Labo Thiên nhiên Daily Sunscreen,465000,5.0,19,25,11,4
SYSN10000275,SH3805274,Estee Lauder Trắng sáng SPF 30 Sunscreen,1088000,4.7,10,11,9,4
SYSN10000276,SH9318184,Estee Lauder Chuyên sâu Daily Sunscreen,1177000,4.3,84,116,9,4
SYSN10000277,SH6528792,Hada Labo Cấp nước Peptide Serum,557000,5.0,538,624,11,3
SYSN10000278,SH4369728,Garnier Nhẹ nhàng Pore Care Toner,95000,4.6,578,704,10,5
SYSN10000279,SH5067204,Rovectin Hiệu quả Water Resistant Sunscreen,482000,4.7,7,6,24,4
SYSN10000280,SH1451577,Klairs Chống lão hóa Pore Care Toner,287000,4.4,164,316,15,5
SYSN10000281,SH7864256,Neutrogena Cao cấp Essence Toner,150000,5.0,9,13,20,5
SYSN10000282,SH8534089,Anessa Trắng sáng Tint Sunscreen,329000,4.4,41,81,1,4
SYSN10000283,SH2425760,Hada Labo Nhẹ nhàng PA++++ Sunscreen,411000,4.6,106,70,11,4
SYSN10000284,SH7704473,Klairs Chuyên sâu Low pH Cleanser,344000,4.6,117,228,15,1
SYSN10000285,SH9703982,CeraVe Nhẹ nhàng Pore Care Toner,183000,4.1,12,16,4,5
SYSN10000286,SH9396422,Innisfree Nhẹ nhàng Peptide Serum,337000,4.7,10,7,13,3
SYSN10000287,SH6843985,Cosrx Chống lão hóa AHA/BHA Serum,549000,4.6,66,63,8,3
SYSN10000288,SH8590804,Innisfree Nhẹ nhàng AHA/BHA Serum,331000,4.6,69,67,13,3
SYSN10000289,SH5092180,SK-II Thiên nhiên Exfoliating Toner,1149000,4.2,7,8,25,5
SYSN10000290,SH4094587,Innisfree Chuyên sâu Tint Sunscreen,284000,4.2,53,41,13,4
SYSN10000291,SH1074659,L'Oreal Cấp nước Tint Sunscreen,98000,5.0,2,3,16,4
SYSN10000292,SH7136988,Simple Chống lão hóa Pore Care Toner,74000,4.1,8,7,28,5
SYSN10000293,SH7520284,Ohui VN Sáng da Hyaluronic Acid Serum,2356000,4.2,21,29,21,3
SYSN10000294,SH5990296,Garnier Hiệu quả Daily Sunscreen,61000,4.7,13,24,10,4
SYSN10000295,SH3371602,Bioderma Tăng cường Foam Cleanser,275000,4.8,0,0,3,1
SYSN10000296,SH3906397,Anessa Nhẹ nhàng Peptide Serum,425000,4.7,28,37,1,3
SYSN10000297,SH9130388,Innisfree Dưỡng ẩm Hyaluronic Acid Serum,455000,4.9,810,570,13,3
SYSN10000298,SH8446596,Clean & Clear Nhẹ nhàng Oil Cleanser,90000,5.0,14,17,6,1
SYSN10000299,SH5843084,Pond's Kiểm soát nhờn Retinol Serum,106000,4.3,7,5,23,3
SYSN10000300,SH7154919,Simple Hiệu quả Hydrating Toner,155000,4.6,79,103,28,5
SYSN10000301,SH1540736,Hada Labo Làm dịu Exfoliating Toner,294000,4.4,22,25,11,5
SYSN10000302,SH6882609,Cosrx Phục hồi Exfoliating Toner,387000,4.5,1614,2891,8,5
SYSN10000303,SH6885707,L'Oreal Sáng da SPF 50+ Sunscreen,158000,4.3,32,41,16,4
SYSN10000304,SH9630451,Hasaki Cao cấp Hyaluronic Acid Serum,83000,4.9,72,142,12,3
SYSN10000305,SH3128830,Kiehl's VN Làm dịu Vitamin C Serum,1445000,4.8,13,20,14,3
SYSN10000306,SH9211754,Bioderma Cấp nước AHA/BHA Serum,404000,4.5,65,46,3,3
SYSN10000307,SH9650558,Cosrx Cấp nước Gel Cleanser,307000,4.3,16,25,8,1
SYSN10000308,SH2562657,Innisfree Cao cấp Cream Moisturizer,235000,4.4,5,7,13,2
SYSN10000309,SH8208215,Cosrx Phục hồi Oil Cleanser,266000,5.0,13,22,8,1
SYSN10000310,SH9142618,The Face Shop Cao cấp Water Resistant Sunscreen,239000,4.5,10,16,32,4
SYSN10000311,SH8659103,Laneige Làm mềm Retinol Serum,1320000,4.1,29,14,18,3
SYSN10000312,SH7047102,Shiseido VN Trắng sáng Lotion Moisturizer,1829000,5.0,68,59,27,2
SYSN10000313,SH4928281,Hada Labo Nhẹ nhàng Barrier Repair Moisturizer,284000,4.4,62,70,11,2
SYSN10000314,SH8466983,Cosrx Kiểm soát nhờn Retinol Serum,340000,4.5,99,50,8,3
SYSN10000315,SH4841091,Beauty of Joseon VN Trắng sáng Brightening Toner,309000,4.5,154,165,2,5
SYSN10000316,SH3396676,Murad VN Chuyên sâu SPF 30 Sunscreen,1643000,4.8,4,2,19,4
SYSN10000317,SH3539636,Cetaphil Nhẹ nhàng Low pH Cleanser,178000,5.0,35,65,5,1
SYSN10000318,SH7442986,Cosrx Sáng da SPF 50+ Sunscreen,303000,4.6,1,1,8,4
SYSN10000319,SH5780177,Rovectin Sáng da Pore Care Toner,324000,4.5,102,170,24,5
SYSN10000320,SH4164963,Pond's Kiểm soát nhờn Pore Care Toner,147000,4.8,0,0,23,5
SYSN10000321,SH9381604,Murad VN Phục hồi Vitamin C Serum,1358000,4.6,90,131,19,3
SYSN10000322,SH8060918,SK-II Cấp nước Gel Moisturizer,1274000,4.5,1369,1434,25,2
SYSN10000323,SH1231415,Kiehl's VN Trắng sáng Pore Care Toner,1006000,4.8,4681,4181,14,5
SYSN10000324,SH7969792,Pond's Hiệu quả Peptide Serum,185000,4.4,22,24,23,3
SYSN10000325,SH9578269,Anessa Trắng sáng Micellar Cleanser,203000,4.8,85,159,1,1
SYSN10000326,SH8339797,Rovectin Làm dịu SPF 50+ Sunscreen,293000,4.9,374,596,24,4
SYSN10000327,SH6189026,Cocoon Dưỡng ẩm Peptide Serum,159000,4.8,180,269,7,3
SYSN10000328,SH6816746,The Ordinary Làm mềm Retinol Serum,487000,5.0,1,1,33,3
SYSN10000329,SH1492516,Pond's Hiệu quả SPF 50+ Sunscreen,149000,4.9,12,12,23,4
SYSN10000330,SH9569497,Klairs Làm mềm Oil Cleanser,281000,4.2,1,1,15,1
SYSN10000331,SH2934976,Neutrogena Chuyên sâu Balm Cleanser,288000,4.2,28,23,20,1
SYSN10000332,SH3518002,Murad VN Cấp nước Hyaluronic Acid Serum,1363000,4.3,505,388,19,3
SYSN10000333,SH6367620,Clean & Clear Cấp nước Exfoliating Toner,71000,5.0,6,5,6,5
SYSN10000334,SH7726402,Some By Mi Dưỡng ẩm Water Resistant Sunscreen,523000,4.5,36,21,29,4
SYSN10000335,SH7189439,Vaseline Dưỡng ẩm Tint Sunscreen,118000,4.5,4,3,34,4
SYSN10000336,SH4278644,St. Ives Hiệu quả Tint Sunscreen,173000,4.6,7,11,30,4
SYSN10000337,SH1160974,Hada Labo Tăng cường Pore Care Toner,305000,4.7,71,136,11,5
SYSN10000338,SH8043341,Pond's Phục hồi Balm Cleanser,62000,4.5,242,299,23,1
SYSN10000339,SH9720112,Simple Thiên nhiên Gel Moisturizer,130000,4.8,352,394,28,2
SYSN10000340,SH7616116,CeraVe Cao cấp Barrier Repair Moisturizer,348000,4.7,43,26,4,2
SYSN10000341,SH7592651,Murad VN Thiên nhiên PA++++ Sunscreen,1348000,4.8,248,384,19,4
SYSN10000342,SH3607356,Bioderma Trắng sáng Water Resistant Sunscreen,473000,4.2,30,19,3,4
SYSN10000343,SH6172545,SK-II Làm mềm SPF 30 Sunscreen,1325000,4.6,152,181,25,4
SYSN10000344,SH2530298,Senka Chống lão hóa Hyaluronic Acid Serum,88000,3.9,62,97,26,3
SYSN10000345,SH7784575,Pond's Dưỡng ẩm Foam Cleanser,135000,4.6,13,23,23,1
SYSN10000346,SH1200603,CeraVe Trắng sáng Foam Cleanser,180000,4.4,1473,872,4,1
SYSN10000347,SH5342289,Rovectin Trắng sáng AHA/BHA Serum,372000,4.7,8,15,24,3
SYSN10000348,SH6562484,Rovectin Trắng sáng Gel Moisturizer,334000,4.6,428,292,24,2
SYSN10000349,SH8158234,Hada Labo Chuyên sâu Niacinamide Serum,471000,4.5,4,3,11,3
SYSN10000350,SH5123584,Anessa Sáng da Peptide Serum,571000,4.8,56,82,1,3
SYSN10000351,SH4346346,Cosrx Cấp nước Gel Moisturizer,408000,4.7,170,248,8,2
SYSN10000352,SH9047769,Senka Tăng cường Low pH Cleanser,84000,4.9,37,48,26,1
SYSN10000353,SH4674549,Hada Labo Tăng cường Cream Moisturizer,235000,4.8,20,10,11,2
SYSN10000354,SH2679975,Cetaphil Chống lão hóa Exfoliating Toner,394000,4.5,26,22,5,5
SYSN10000355,SH7516648,Senka Sáng da Foam Cleanser,96000,4.4,50,51,26,1
SYSN10000356,SH6900247,Cetaphil Nhẹ nhàng Vitamin C Serum,305000,4.8,813,1562,5,3
SYSN10000357,SH1636925,Innisfree Làm mềm Foam Cleanser,194000,4.2,30,19,13,1
SYSN10000358,SH3189251,Some By Mi Phục hồi Peptide Serum,279000,3.9,17,17,29,3
SYSN10000359,SH3376537,Cocoon Nhẹ nhàng Pore Care Toner,128000,4.7,523,868,7,5
SYSN10000360,SH6412383,Sulwhasoo Làm dịu PA++++ Sunscreen,1951000,4.7,224,157,31,4
SYSN10000361,SH6986539,St. Ives Nhẹ nhàng Gel Moisturizer,124000,4.5,5,4,30,2
SYSN10000362,SH7569981,Neutrogena Dưỡng ẩm AHA/BHA Serum,445000,4.5,55,97,20,3
SYSN10000363,SH9324603,Klairs Trắng sáng Peptide Serum,422000,4.6,84,59,15,3
SYSN10000364,SH6632941,Rovectin Cao cấp SPF 50+ Sunscreen,234000,4.4,25,29,24,4
SYSN10000365,SH1807780,Estee Lauder Dưỡng ẩm AHA/BHA Serum,1965000,4.6,160,172,9,3
SYSN10000366,SH9044494,Hada Labo Trắng sáng Niacinamide Serum,293000,4.2,2,3,11,3
SYSN10000367,SH1336852,Innisfree Làm dịu Essence Toner,245000,4.0,1000,978,13,5
SYSN10000368,SH2562037,Murad VN Thiên nhiên Water Resistant Sunscreen,856000,4.2,10,10,19,4
SYSN10000369,SH1898516,The Ordinary Chống lão hóa Tint Sunscreen,193000,4.7,19,12,33,4
SYSN10000370,SH2609202,Pond's Phục hồi Hyaluronic Acid Serum,94000,4.4,17,9,23,3
SYSN10000371,SH9058573,Cetaphil Làm dịu Essence Toner,350000,4.6,22,17,5,5
SYSN10000372,SH7668395,Cosrx Làm dịu Vitamin C Serum,532000,4.3,11,13,8,3
SYSN10000373,SH4130342,Anessa Tăng cường Niacinamide Serum,311000,4.3,122,142,1,3
SYSN10000374,SH2622400,Neutrogena Hiệu quả SPF 30 Sunscreen,332000,4.4,75,47,20,4
SYSN10000375,SH7494562,Ohui VN Cao cấp Gel Cleanser,645000,4.7,33,57,21,1
SYSN10000376,SH6013906,Beauty of Joseon VN Làm mềm Foam Cleanser,310000,4.6,11,6,2,1
SYSN10000377,SH3017994,Kiehl's VN Chống lão hóa Balm Cleanser,1557000,4.1,17,32,14,1
SYSN10000378,SH8103052,Bioderma Dưỡng ẩm Gel Moisturizer,574000,4.9,30,18,3,2
SYSN10000379,SH2124274,Garnier Tăng cường Hyaluronic Acid Serum,152000,4.6,77,48,10,3
SYSN10000380,SH9767135,Ohui VN Hiệu quả Gel Cleanser,1190000,4.6,607,1015,21,1
SYSN10000381,SH2772258,Klairs Thiên nhiên Vitamin C Serum,579000,4.7,191,256,15,3
SYSN10000382,SH9146760,Cetaphil Cấp nước PA++++ Sunscreen,218000,4.4,138,187,5,4
SYSN10000383,SH1650662,Klairs Cấp nước AHA/BHA Serum,627000,4.8,80,87,15,3
SYSN10000384,SH6084418,Pond's Tăng cường Vitamin C Serum,103000,4.5,14,13,23,3
SYSN10000385,SH6383277,Paula's Choice Làm mềm Low pH Cleanser,201000,4.7,8,7,22,1
SYSN10000386,SH9127895,Bioderma Nhẹ nhàng Oil Cleanser,239000,4.5,41,67,3,1
SYSN10000387,SH3275826,Simple Cấp nước Peptide Serum,164000,4.8,15,25,28,3
SYSN10000388,SH8657937,Bioderma Dưỡng ẩm Foam Cleanser,381000,4.6,153,88,3,1
SYSN10000389,SH3078241,Innisfree Thiên nhiên AHA/BHA Serum,728000,4.4,115,175,13,3
SYSN10000390,SH3743303,Innisfree Tăng cường PA++++ Sunscreen,366000,4.2,2,3,13,4
SYSN10000391,SH4595669,La Roche-Posay Cao cấp Exfoliating Toner,178000,4.6,100,178,17,5
SYSN10000392,SH8954031,Hada Labo Dưỡng ẩm Low pH Cleanser,188000,4.9,55,102,11,1
SYSN10000393,SH5620085,Estee Lauder Nhẹ nhàng Micellar Cleanser,1183000,4.7,5,5,9,1
SYSN10000394,SH7663113,Innisfree Cao cấp Water Resistant Sunscreen,320000,4.0,17,23,13,4
SYSN10000395,SH5742531,Kiehl's VN Sáng da Barrier Repair Moisturizer,1971000,4.3,94,89,14,2
SYSN10000396,SH6012883,Shiseido VN Làm dịu Hyaluronic Acid Serum,925000,4.7,23,17,27,3
SYSN10000397,SH1427068,Sulwhasoo Chống lão hóa AHA/BHA Serum,1011000,4.6,13,19,31,3
SYSN10000398,SH4186247,Some By Mi Cao cấp Eye Cream Moisturizer,295000,4.5,29,29,29,2
SYSN10000399,SH9511330,St. Ives Tăng cường Low pH Cleanser,62000,4.5,596,566,30,1
SYSN10000400,SH5339457,Neutrogena Nhẹ nhàng Foam Cleanser,260000,4.6,1,1,20,1
SYSN10000401,SH4746820,Hasaki Tăng cường Gel Moisturizer,150000,5.0,3122,5046,12,2
SYSN10000402,SH2976045,Neutrogena Cao cấp Brightening Toner,201000,4.7,71,85,20,5
SYSN10000403,SH7403346,St. Ives Trắng sáng Balm Cleanser,107000,4.6,58,75,30,1
SYSN10000404,SH8676774,Bioderma Thiên nhiên Eye Cream Moisturizer,345000,4.7,348,248,3,2
SYSN10000405,SH1973306,Rovectin Chuyên sâu Hydrating Toner,359000,4.6,3,1,24,5
SYSN10000406,SH8276470,Anessa Chống lão hóa Essence Toner,278000,4.2,52,75,1,5
SYSN10000407,SH1236174,Some By Mi Tăng cường Barrier Repair Moisturizer,380000,4.2,5,9,29,2
SYSN10000408,SH3163099,Paula's Choice Làm dịu Hyaluronic Acid Serum,318000,4.2,34,22,22,3
SYSN10000409,SH9728991,La Roche-Posay Làm mềm PA++++ Sunscreen,248000,4.6,2316,3229,17,4
SYSN10000410,SH4161264,Hasaki Tăng cường Night Cream Moisturizer,224000,4.7,122,91,12,2
SYSN10000411,SH9466346,Garnier Sáng da Vitamin C Serum,158000,4.7,8888,6696,10,3
SYSN10000412,SH1804641,Estee Lauder Dưỡng ẩm Balm Cleanser,1238000,4.3,21,31,9,1
SYSN10000413,SH5240244,Clean & Clear Kiểm soát nhờn Vitamin C Serum,184000,4.4,2,2,6,3
SYSN10000414,SH9729340,Pond's Chuyên sâu Gel Cleanser,98000,4.4,55,49,23,1
SYSN10000415,SH5743032,Simple Trắng sáng Peptide Serum,246000,4.7,723,485,28,3
SYSN10000416,SH7874568,Neutrogena Tăng cường Retinol Serum,382000,4.7,80,75,20,3
SYSN10000417,SH2493219,Innisfree Dưỡng ẩm SPF 50+ Sunscreen,441000,4.3,18,33,13,4
SYSN10000418,SH2699372,Kiehl's VN Nhẹ nhàng Daily Sunscreen,1504000,4.8,78,144,14,4
SYSN10000419,SH3931009,Hasaki Cao cấp SPF 50+ Sunscreen,166000,4.8,5,9,12,4
SYSN10000420,SH3321873,Cosrx Dưỡng ẩm Essence Toner,257000,4.5,27,40,8,5
SYSN10000421,SH7251562,Klairs Trắng sáng Daily Sunscreen,318000,5.0,17,29,15,4
SYSN10000422,SH9023619,Hasaki Cao cấp Daily Sunscreen,73000,4.5,213,362,12,4
SYSN10000423,SH7979786,La Roche-Posay Trắng sáng Exfoliating Toner,275000,5.0,152,283,17,5
SYSN10000424,SH1483456,Klairs Sáng da Micellar Cleanser,306000,4.6,712,1277,15,1
SYSN10000425,SH6272037,Sulwhasoo Làm dịu Cream Moisturizer,1549000,4.6,1384,717,31,2
SYSN10000426,SH9776214,Klairs Kiểm soát nhờn Hydrating Toner,317000,4.5,15,22,15,5
SYSN10000427,SH7457158,St. Ives Chuyên sâu Daily Sunscreen,118000,4.3,2,1,30,4
SYSN10000428,SH9318729,The Ordinary Cao cấp Night Cream Moisturizer,419000,4.6,204,368,33,2
SYSN10000429,SH7352484,Neutrogena Kiểm soát nhờn SPF 30 Sunscreen,318000,4.6,38,41,20,4
SYSN10000430,SH6302632,St. Ives Làm mềm Tint Sunscreen,56000,4.2,154,104,30,4
SYSN10000431,SH2524974,Sulwhasoo Dưỡng ẩm Balm Cleanser,953000,4.6,94,158,31,1
SYSN10000432,SH7095875,Bioderma Tăng cường Tint Sunscreen,558000,5.0,48,83,3,4
SYSN10000433,SH7095071,Klairs Chuyên sâu Daily Sunscreen,582000,4.4,14,22,15,4
SYSN10000434,SH9757456,Cetaphil Kiểm soát nhờn Hydrating Toner,348000,4.8,577,612,5,5
SYSN10000435,SH4146456,Hada Labo Phục hồi Eye Cream Moisturizer,290000,4.5,18,12,11,2
SYSN10000436,SH3067274,Vaseline Dưỡng ẩm Tint Sunscreen,155000,5.0,108,179,34,4
SYSN10000437,SH1814896,Murad VN Kiểm soát nhờn Gel Cleanser,1321000,4.4,496,659,19,1
SYSN10000438,SH3913368,Kiehl's VN Nhẹ nhàng Foam Cleanser,1379000,4.6,20,31,14,1
SYSN10000439,SH5164755,Vaseline Cấp nước Tint Sunscreen,85000,5.0,35,31,34,4
SYSN10000440,SH9594877,Garnier Thiên nhiên Daily Sunscreen,110000,4.6,79,74,10,4
SYSN10000441,SH5875114,L'Oreal Nhẹ nhàng Eye Cream Moisturizer,72000,4.7,40,61,16,2
SYSN10000442,SH6408662,Garnier Chuyên sâu Barrier Repair Moisturizer,111000,5.0,1,1,10,2
SYSN10000443,SH9957402,Rovectin Nhẹ nhàng Daily Sunscreen,310000,4.4,50,46,24,4
SYSN10000444,SH4353806,Sulwhasoo Dưỡng ẩm AHA/BHA Serum,1201000,4.2,7,6,31,3
SYSN10000445,SH1542011,La Roche-Posay Phục hồi Micellar Cleanser,413000,4.6,41,42,17,1
SYSN10000446,SH4986190,L'Oreal Cấp nước Balm Cleanser,128000,4.5,16,20,16,1
SYSN10000447,SH1902651,Sulwhasoo Tăng cường Low pH Cleanser,874000,4.5,68,35,31,1
SYSN10000448,SH7169672,St. Ives Nhẹ nhàng Low pH Cleanser,93000,4.5,262,427,30,1
SYSN10000449,SH2249382,L'Oreal Chuyên sâu Foam Cleanser,93000,4.6,42,32,16,1
SYSN10000450,SH3699938,Hada Labo Chống lão hóa Micellar Cleanser,194000,4.6,14,19,11,1
SYSN10000451,SH1853212,Garnier Sáng da PA++++ Sunscreen,120000,4.5,109,180,10,4
SYSN10000452,SH6332789,Klairs Hiệu quả Essence Toner,193000,4.8,197,253,15,5
SYSN10000453,SH6862008,Hada Labo Trắng sáng Niacinamide Serum,521000,5.0,386,321,11,3
SYSN10000454,SH8966781,Bioderma Kiểm soát nhờn Water Resistant Sunscreen,354000,4.7,31,61,3,4
SYSN10000455,SH5090740,Bioderma Thiên nhiên Peptide Serum,251000,4.5,50,96,3,3
SYSN10000456,SH5745083,Cocoon Nhẹ nhàng Water Resistant Sunscreen,188000,4.6,3,1,7,4
SYSN10000457,SH4229821,The Face Shop Làm dịu Essence Toner,182000,4.1,12226,11987,32,5
SYSN10000458,SH2098434,Kiehl's VN Chuyên sâu Vitamin C Serum,1963000,4.8,20,16,14,3
SYSN10000459,SH8302077,Simple Thiên nhiên AHA/BHA Serum,95000,4.8,4,5,28,3
SYSN10000460,SH3986212,SK-II Dưỡng ẩm Gel Cleanser,1630000,4.9,7,11,25,1
SYSN10000461,SH7785511,Neutrogena Chuyên sâu Oil Cleanser,306000,4.3,1,1,20,1
SYSN10000462,SH1763646,Rovectin Hiệu quả Gel Cleanser,390000,4.6,18,27,24,1
SYSN10000463,SH8342987,Estee Lauder Hiệu quả Lotion Moisturizer,1658000,4.7,10,10,9,2
SYSN10000464,SH3417186,Anessa Làm dịu Water Resistant Sunscreen,292000,4.3,116,109,1,4
SYSN10000465,SH7611593,The Ordinary Sáng da Cream Moisturizer,290000,5.0,20,26,33,2
SYSN10000466,SH9599207,Vaseline Cao cấp AHA/BHA Serum,243000,5.0,22,15,34,3
SYSN10000467,SH1912484,Cosrx Cao cấp Balm Cleanser,318000,4.7,21,37,8,1
SYSN10000468,SH9173698,CeraVe Nhẹ nhàng Foam Cleanser,404000,4.7,14,26,4,1
SYSN10000469,SH9151398,Neutrogena Tăng cường Foam Cleanser,269000,4.1,2,2,20,1
SYSN10000470,SH3829301,Klairs Cấp nước PA++++ Sunscreen,374000,4.7,5,2,15,4
SYSN10000471,SH6562703,Clean & Clear Chống lão hóa Hyaluronic Acid Serum,142000,4.9,15,27,6,3
SYSN10000472,SH2375290,The Face Shop Sáng da Daily Sunscreen,357000,4.3,0,0,32,4
SYSN10000473,SH1312564,Rovectin Thiên nhiên Gel Cleanser,258000,4.7,1097,1946,24,1
SYSN10000474,SH5372416,Klairs Kiểm soát nhờn Essence Toner,365000,3.9,8,10,15,5
SYSN10000475,SH5882155,Sulwhasoo Nhẹ nhàng Balm Cleanser,1688000,4.9,17,11,31,1
SYSN10000476,SH3782393,Some By Mi Chuyên sâu Peptide Serum,359000,4.9,265,433,29,3
SYSN10000477,SH9111841,Klairs Nhẹ nhàng Retinol Serum,479000,4.3,33,62,15,3
SYSN10000478,SH4469093,Neutrogena Chuyên sâu Essence Toner,254000,4.8,8,10,20,5
SYSN10000479,SH2731828,Some By Mi Tăng cường Daily Sunscreen,267000,4.9,15,23,29,4
SYSN10000480,SH7319298,Pond's Chống lão hóa Pore Care Toner,47000,4.3,6,8,23,5
SYSN10000481,SH7808902,Pond's Kiểm soát nhờn Foam Cleanser,132000,4.6,75,77,23,1
SYSN10000482,SH3778404,Cocoon Làm mềm Exfoliating Toner,134000,4.1,69,58,7,5
SYSN10000483,SH2985251,Anessa Cao cấp Daily Sunscreen,515000,5.0,120,178,1,4
SYSN10000484,SH7893744,Laneige Chống lão hóa Water Resistant Sunscreen,2646000,4.4,29,15,18,4
SYSN10000485,SH1938047,Rovectin Chống lão hóa Balm Cleanser,187000,4.3,455,341,24,1
SYSN10000486,SH5755579,Klairs Nhẹ nhàng Barrier Repair Moisturizer,279000,4.4,5,9,15,2
SYSN10000487,SH3394312,Innisfree Sáng da Oil Cleanser,233000,4.7,13,21,13,1
SYSN10000488,SH2154992,Rovectin Sáng da Oil Cleanser,218000,4.8,18,15,24,1
SYSN10000489,SH2615622,The Face Shop Sáng da Retinol Serum,423000,5.0,28,21,32,3
SYSN10000490,SH1020136,Simple Chống lão hóa AHA/BHA Serum,120000,4.7,45,83,28,3
SYSN10000491,SH9088689,Some By Mi Phục hồi Tint Sunscreen,351000,4.5,5,8,29,4
SYSN10000492,SH4900918,Simple Làm mềm Micellar Cleanser,74000,4.5,62,115,28,1
SYSN10000493,SH1119354,Neutrogena Nhẹ nhàng Low pH Cleanser,342000,4.3,13,17,20,1
SYSN10000494,SH8148295,Vaseline Chống lão hóa Vitamin C Serum,154000,4.8,98,144,34,3
SYSN10000495,SH4417412,Cetaphil Hiệu quả Brightening Toner,241000,4.6,36,40,5,5
SYSN10000496,SH6777340,Innisfree Sáng da Hyaluronic Acid Serum,264000,4.4,30,49,13,3
SYSN10000497,SH3714471,Cocoon Hiệu quả Niacinamide Serum,295000,4.9,1,0,7,3
SYSN10000498,SH2528212,Senka Hiệu quả Essence Toner,79000,4.8,78,135,26,5
SYSN10000499,SH1633429,Estee Lauder Sáng da Gel Cleanser,1050000,4.6,28,44,9,1
SYSN10000500,SH9294125,Klairs Chuyên sâu Foam Cleanser,204000,4.4,96,111,15,1
SYSN10000501,SH9653916,Pond's Kiểm soát nhờn Balm Cleanser,61000,4.4,50,77,23,1
SYSN10000502,SH5629452,Rovectin Trắng sáng Foam Cleanser,182000,4.2,6,10,24,1
SYSN10000503,SH2512732,The Face Shop Trắng sáng Daily Sunscreen,329000,4.5,183,242,32,4
SYSN10000504,SH7777264,Neutrogena Làm mềm Foam Cleanser,211000,4.5,37,50,20,1
SYSN10000505,SH9611521,CeraVe Trắng sáng PA++++ Sunscreen,197000,4.8,1533,2966,4,4
SYSN10000506,SH5081447,Innisfree Làm mềm Pore Care Toner,251000,4.8,19,31,13,5
SYSN10000507,SH7420191,Some By Mi Trắng sáng PA++++ Sunscreen,375000,4.4,146,211,29,4
SYSN10000508,SH1163128,Clean & Clear Kiểm soát nhờn Pore Care Toner,150000,4.3,1,1,6,5
SYSN10000509,SH6265911,Cetaphil Làm mềm SPF 30 Sunscreen,353000,4.6,52,53,5,4
SYSN10000510,SH5061034,L'Oreal Phục hồi Retinol Serum,167000,4.4,155,280,16,3
SYSN10000511,SH2316802,Klairs Trắng sáng Vitamin C Serum,463000,4.7,35,52,15,3
SYSN10000512,SH6291817,Senka Sáng da Micellar Cleanser,139000,4.8,2,2,26,1
SYSN10000513,SH3151610,The Face Shop Hiệu quả Retinol Serum,701000,4.5,12,6,32,3
SYSN10000514,SH3932663,SK-II Hiệu quả Barrier Repair Moisturizer,1056000,4.6,7,8,25,2
SYSN10000515,SH2690268,Some By Mi Cấp nước Foam Cleanser,209000,4.1,24,23,29,1
SYSN10000516,SH7139188,Bioderma Tăng cường Peptide Serum,747000,4.3,137,106,3,3
SYSN10000517,SH4018040,Vaseline Làm mềm PA++++ Sunscreen,165000,4.6,99,134,34,4
SYSN10000518,SH7390162,Estee Lauder Cấp nước Peptide Serum,2168000,4.6,117,92,9,3
SYSN10000519,SH6297024,Innisfree Kiểm soát nhờn Pore Care Toner,450000,4.6,131,219,13,5
SYSN10000520,SH4614941,Hada Labo Dưỡng ẩm Foam Cleanser,272000,4.1,6,10,11,1
SYSN10000521,SH5323737,Cetaphil Kiểm soát nhờn Micellar Cleanser,320000,4.5,78,79,5,1
SYSN10000522,SH3928275,L'Oreal Chuyên sâu Daily Sunscreen,128000,4.4,24,47,16,4
SYSN10000523,SH5807067,Innisfree Sáng da Tint Sunscreen,348000,4.8,4,4,13,4
SYSN10000524,SH7790959,Vaseline Sáng da Peptide Serum,241000,4.6,1,1,34,3
SYSN10000525,SH7634639,Cetaphil Làm dịu AHA/BHA Serum,648000,4.7,12,10,5,3
SYSN10000526,SH3807132,Klairs Cấp nước Night Cream Moisturizer,265000,4.6,12,9,15,2
SYSN10000527,SH2603125,Simple Trắng sáng Brightening Toner,112000,4.7,17,10,28,5
SYSN10000528,SH2414508,Simple Chống lão hóa Peptide Serum,139000,4.5,139167,206280,28,3
SYSN10000529,SH3862327,St. Ives Kiểm soát nhờn Retinol Serum,109000,4.8,267,144,30,3
SYSN10000530,SH5570355,Innisfree Thiên nhiên Eye Cream Moisturizer,347000,4.5,20,26,13,2
SYSN10000531,SH8297709,Klairs Nhẹ nhàng Barrier Repair Moisturizer,276000,4.4,103,132,15,2
SYSN10000532,SH6165171,The Face Shop Làm mềm SPF 50+ Sunscreen,333000,4.6,30,31,32,4
SYSN10000533,SH1139537,The Ordinary Kiểm soát nhờn Tint Sunscreen,457000,4.3,146,223,33,4
SYSN10000534,SH1121097,Hada Labo Phục hồi Pore Care Toner,205000,4.4,6,7,11,5
SYSN10000535,SH7538471,Bioderma Chuyên sâu Barrier Repair Moisturizer,217000,4.4,59,102,3,2
SYSN10000536,SH5510085,Pond's Kiểm soát nhờn AHA/BHA Serum,82000,4.9,11,12,23,3
SYSN10000537,SH9254323,Laneige Nhẹ nhàng Hyaluronic Acid Serum,1362000,4.4,46,35,18,3
SYSN10000538,SH3097809,Anessa Làm dịu Hyaluronic Acid Serum,411000,4.3,69,108,1,3
SYSN10000539,SH9361693,Paula's Choice Hiệu quả Hyaluronic Acid Serum,485000,4.7,0,0,22,3
SYSN10000540,SH8887754,Anessa Trắng sáng Brightening Toner,424000,4.7,3,2,1,5
SYSN10000541,SH1562209,Paula's Choice Phục hồi Tint Sunscreen,322000,4.6,4,3,22,4
SYSN10000542,SH6420100,Hada Labo Thiên nhiên Micellar Cleanser,164000,4.7,31,22,11,1
SYSN10000543,SH7046955,Neutrogena Phục hồi Lotion Moisturizer,290000,4.6,44,80,20,2
SYSN10000544,SH5632190,Hada Labo Hiệu quả Gel Moisturizer,423000,4.6,229,315,11,2
SYSN10000545,SH3600333,Ohui VN Nhẹ nhàng Niacinamide Serum,1149000,4.6,9,9,21,3
SYSN10000546,SH2002860,SK-II Dưỡng ẩm AHA/BHA Serum,1258000,4.5,1536,1587,25,3
SYSN10000547,SH6827024,Laneige Hiệu quả Balm Cleanser,1133000,4.5,43,73,18,1
SYSN10000548,SH1662507,Vaseline Thiên nhiên Hyaluronic Acid Serum,266000,5.0,51,62,34,3
SYSN10000549,SH6430463,L'Oreal Tăng cường Water Resistant Sunscreen,106000,4.6,438,700,16,4
SYSN10000550,SH8539415,Ohui VN Chống lão hóa Pore Care Toner,1193000,4.4,19,17,21,5
SYSN10000551,SH7108168,Sulwhasoo Sáng da SPF 50+ Sunscreen,1927000,4.7,2765,4601,31,4
SYSN10000552,SH3585897,Clean & Clear Hiệu quả Brightening Toner,66000,4.7,22,31,6,5
SYSN10000553,SH1524686,CeraVe Chống lão hóa Foam Cleanser,346000,5.0,6,4,4,1
SYSN10000554,SH5293936,Hada Labo Sáng da Peptide Serum,398000,4.6,24,13,11,3
SYSN10000555,SH2018380,Paula's Choice Làm mềm Essence Toner,286000,4.4,24,24,22,5
SYSN10000556,SH6098672,Pond's Trắng sáng Daily Sunscreen,69000,4.4,176,108,23,4
SYSN10000557,SH9828037,Paula's Choice Phục hồi Foam Cleanser,393000,4.9,291,432,22,1
SYSN10000558,SH7005628,The Face Shop Hiệu quả Cream Moisturizer,346000,4.0,27,40,32,2
SYSN10000559,SH3653760,The Ordinary Tăng cường Water Resistant Sunscreen,257000,4.7,172,223,33,4
SYSN10000560,SH7236418,Ohui VN Cao cấp Lotion Moisturizer,2068000,4.6,36,40,21,2
SYSN10000561,SH5262908,Bioderma Cấp nước Exfoliating Toner,277000,4.8,1199,1246,3,5
SYSN10000562,SH9684044,La Roche-Posay Dưỡng ẩm Eye Cream Moisturizer,397000,4.7,4,2,17,2
SYSN10000563,SH5629792,Cetaphil Cao cấp Daily Sunscreen,343000,4.6,11,20,5,4
SYSN10000564,SH3322104,Cosrx Chống lão hóa Micellar Cleanser,315000,4.9,18,16,8,1
SYSN10000565,SH4647992,Simple Thiên nhiên Peptide Serum,166000,4.7,190,304,28,3
SYSN10000566,SH6039762,Klairs Sáng da SPF 50+ Sunscreen,456000,4.8,8,4,15,4
SYSN10000567,SH3022334,SK-II Cấp nước Niacinamide Serum,1381000,4.9,37,66,25,3
SYSN10000568,SH1908116,Senka Cấp nước Low pH Cleanser,56000,5.0,30,28,26,1
SYSN10000569,SH7591477,Paula's Choice Nhẹ nhàng Low pH Cleanser,232000,4.5,193,377,22,1
SYSN10000570,SH6639966,Neutrogena Chống lão hóa Foam Cleanser,196000,4.7,31,19,20,1
SYSN10000571,SH3187332,Cosrx Hiệu quả Niacinamide Serum,462000,4.9,1,1,8,3
SYSN10000572,SH9795418,Klairs Nhẹ nhàng Peptide Serum,311000,4.9,320,278,15,3
SYSN10000573,SH7128174,Klairs Cấp nước Brightening Toner,219000,4.5,87,88,15,5
SYSN10000574,SH8419054,Estee Lauder Sáng da Micellar Cleanser,814000,4.7,19,27,9,1
SYSN10000575,SH2439727,Rovectin Cao cấp Barrier Repair Moisturizer,210000,4.0,27,18,24,2
SYSN10000576,SH6759137,Kiehl's VN Dưỡng ẩm Lotion Moisturizer,865000,4.6,266,409,14,2
SYSN10000577,SH9778944,Paula's Choice Phục hồi SPF 30 Sunscreen,264000,4.7,0,0,22,4
SYSN10000578,SH9838222,Shiseido VN Cấp nước Gel Cleanser,1608000,5.0,6,3,27,1
SYSN10000579,SH2117325,Pond's Dưỡng ẩm Daily Sunscreen,132000,5.0,63,68,23,4
SYSN10000580,SH7387106,Simple Phục hồi Brightening Toner,62000,4.8,37,46,28,5
SYSN10000581,SH9399526,Klairs Phục hồi Gel Moisturizer,461000,4.8,67,130,15,2
SYSN10000582,SH3634111,Estee Lauder Nhẹ nhàng Brightening Toner,1693000,4.6,99,52,9,5
SYSN10000583,SH5323142,The Face Shop Chuyên sâu SPF 50+ Sunscreen,441000,4.7,35,63,32,4
SYSN10000584,SH3302852,Anessa Chuyên sâu Oil Cleanser,161000,4.4,58,36,1,1
SYSN10000585,SH8154895,L'Oreal Chống lão hóa Eye Cream Moisturizer,223000,5.0,11,21,16,2
SYSN10000586,SH4394202,The Ordinary Hiệu quả Daily Sunscreen,510000,4.8,3,5,33,4
SYSN10000587,SH3651604,Anessa Chuyên sâu Exfoliating Toner,381000,5.0,41,40,1,5
SYSN10000588,SH1494648,SK-II Nhẹ nhàng Gel Moisturizer,1883000,4.4,72,118,25,2
SYSN10000589,SH4153002,Rovectin Chống lão hóa PA++++ Sunscreen,263000,4.8,746,492,24,4
SYSN10000590,SH4895376,Pond's Phục hồi Pore Care Toner,73000,4.4,59,49,23,5
SYSN10000591,SH7273997,Garnier Làm mềm Peptide Serum,93000,4.6,99,76,10,3
SYSN10000592,SH5527477,Bioderma Thiên nhiên SPF 50+ Sunscreen,277000,4.3,8,15,3,4
SYSN10000593,SH9219877,Bioderma Cao cấp Oil Cleanser,302000,4.7,619,948,3,1
SYSN10000594,SH6249548,Some By Mi Nhẹ nhàng Niacinamide Serum,479000,4.4,396,432,29,3
SYSN10000595,SH1711620,Senka Làm mềm Oil Cleanser,89000,4.2,14,25,26,1
SYSN10000596,SH1827040,Cocoon Hiệu quả Balm Cleanser,104000,4.5,2,1,7,1
SYSN10000597,SH1915141,Pond's Làm dịu Night Cream Moisturizer,183000,4.2,139,213,23,2
SYSN10000598,SH3270069,The Face Shop Thiên nhiên Pore Care Toner,202000,4.4,94,102,32,5
SYSN10000599,SH6437072,Bioderma Làm dịu Vitamin C Serum,311000,4.5,79,121,3,3
SYSN10000600,SH7089179,Simple Chuyên sâu Niacinamide Serum,105000,4.9,23,14,28,3
SYSN10000601,SH7385526,Ohui VN Kiểm soát nhờn Brightening Toner,774000,5.0,3,1,21,5
SYSN10000602,SH1860847,Kiehl's VN Chống lão hóa SPF 30 Sunscreen,2689000,4.6,75,84,14,4
SYSN10000603,SH1059272,Rovectin Phục hồi Exfoliating Toner,360000,4.2,41,58,24,5
SYSN10000604,SH9278999,Ohui VN Thiên nhiên Water Resistant Sunscreen,610000,4.6,349,299,21,4
SYSN10000605,SH5665960,Cosrx Phục hồi SPF 50+ Sunscreen,229000,4.8,127,181,8,4
SYSN10000606,SH3438977,The Ordinary Dưỡng ẩm Hydrating Toner,371000,4.5,465,828,33,5
SYSN10000607,SH3706755,Cosrx Chống lão hóa Brightening Toner,198000,4.5,148,223,8,5
SYSN10000608,SH7042962,The Face Shop Nhẹ nhàng Oil Cleanser,273000,4.6,108,204,32,1
SYSN10000609,SH2089275,Hada Labo Cao cấp Tint Sunscreen,275000,4.1,7,6,11,4
SYSN10000610,SH4507293,The Face Shop Nhẹ nhàng Foam Cleanser,375000,4.3,22,31,32,1
SYSN10000611,SH5818203,Simple Thiên nhiên Pore Care Toner,136000,4.9,17,19,28,5
SYSN10000612,SH9328158,Hasaki Sáng da Balm Cleanser,61000,4.5,9,11,12,1
SYSN10000613,SH1026523,Klairs Phục hồi PA++++ Sunscreen,462000,4.1,91,61,15,4
SYSN10000614,SH1763232,L'Oreal Cấp nước Brightening Toner,82000,5.0,49,49,16,5
SYSN10000615,SH2138100,Paula's Choice Hiệu quả Micellar Cleanser,208000,4.6,18,17,22,1
SYSN10000616,SH1488508,SK-II Sáng da Daily Sunscreen,1097000,4.9,17,29,25,4
SYSN10000617,SH3277572,Beauty of Joseon VN Chuyên sâu Essence Toner,309000,4.8,21,25,2,5
SYSN10000618,SH1939897,Cetaphil Thiên nhiên Night Cream Moisturizer,262000,4.9,33,57,5,2
SYSN10000619,SH6565326,The Face Shop Chuyên sâu Pore Care Toner,343000,4.5,17,28,32,5
SYSN10000620,SH9963616,Some By Mi Chuyên sâu Night Cream Moisturizer,356000,4.9,1,1,29,2
SYSN10000621,SH1530633,Neutrogena Nhẹ nhàng PA++++ Sunscreen,336000,5.0,178,161,20,4
SYSN10000622,SH2882928,Neutrogena Chống lão hóa Lotion Moisturizer,537000,4.4,2,2,20,2
SYSN10000623,SH4191222,La Roche-Posay Chống lão hóa Peptide Serum,345000,4.5,271,273,17,3
SYSN10000624,SH9659503,Cetaphil Cao cấp Cream Moisturizer,327000,4.2,56,84,5,2
SYSN10000625,SH1738700,The Face Shop Thiên nhiên Hydrating Toner,160000,4.7,2,3,32,5
SYSN10000626,SH6242557,Some By Mi Nhẹ nhàng AHA/BHA Serum,524000,4.8,0,0,29,3
SYSN10000627,SH8400692,Bioderma Tăng cường Eye Cream Moisturizer,211000,4.5,28,42,3,2
SYSN10000628,SH6343290,CeraVe Kiểm soát nhờn Hyaluronic Acid Serum,638000,4.6,111,100,4,3
SYSN10000629,SH8443172,Cosrx Kiểm soát nhờn PA++++ Sunscreen,221000,4.2,26,14,8,4
SYSN10000630,SH4002836,Sulwhasoo Cấp nước Night Cream Moisturizer,1279000,4.7,56,87,31,2
SYSN10000631,SH9950391,Vaseline Nhẹ nhàng Exfoliating Toner,60000,4.5,44,27,34,5
SYSN10000632,SH8808058,St. Ives Chuyên sâu Hyaluronic Acid Serum,155000,4.7,54,65,30,3
SYSN10000633,SH6541983,Vaseline Thiên nhiên Barrier Repair Moisturizer,150000,4.1,383,644,34,2
SYSN10000634,SH3865574,CeraVe Cao cấp Tint Sunscreen,485000,4.8,414,382,4,4
SYSN10000635,SH2189907,Hada Labo Tăng cường Gel Cleanser,399000,4.6,642,1084,11,1
SYSN10000636,SH7439371,Klairs Làm mềm SPF 30 Sunscreen,294000,4.4,1,0,15,4
SYSN10000637,SH4962012,Hada Labo Kiểm soát nhờn Micellar Cleanser,324000,5.0,0,0,11,1
SYSN10000638,SH6458938,St. Ives Làm mềm Pore Care Toner,78000,4.6,12,15,30,5
SYSN10000639,SH7357071,Klairs Hiệu quả Water Resistant Sunscreen,306000,4.9,67,66,15,4
SYSN10000640,SH1003092,Anessa Hiệu quả AHA/BHA Serum,386000,4.6,18,29,1,3
SYSN10000641,SH6311628,Klairs Phục hồi SPF 30 Sunscreen,259000,4.7,15,14,15,4
SYSN10000642,SH1136218,Shiseido VN Trắng sáng Lotion Moisturizer,1786000,4.8,76,107,27,2
SYSN10000643,SH1014148,Cocoon Dưỡng ẩm Pore Care Toner,54000,4.7,59,91,7,5
SYSN10000644,SH6337290,Murad VN Cấp nước Eye Cream Moisturizer,1928000,5.0,116,181,19,2
SYSN10000645,SH7452434,Anessa Kiểm soát nhờn SPF 30 Sunscreen,416000,4.4,40,70,1,4
SYSN10000646,SH1263533,Rovectin Trắng sáng SPF 50+ Sunscreen,414000,4.3,43,30,24,4
SYSN10000647,SH8650891,Cocoon Cao cấp Tint Sunscreen,236000,4.5,89,163,7,4
SYSN10000648,SH8550515,St. Ives Cao cấp Eye Cream Moisturizer,132000,4.8,83,89,30,2
SYSN10000649,SH9417612,Laneige Nhẹ nhàng SPF 30 Sunscreen,1227000,4.4,19,17,18,4
SYSN10000650,SH9078781,Ohui VN Trắng sáng PA++++ Sunscreen,2714000,4.6,49,95,21,4
SYSN10000651,SH2483883,Neutrogena Kiểm soát nhờn Essence Toner,230000,4.6,4,3,20,5
SYSN10000652,SH1180915,Pond's Kiểm soát nhờn Micellar Cleanser,83000,4.6,171,205,23,1
SYSN10000653,SH3810320,Clean & Clear Làm dịu PA++++ Sunscreen,135000,4.5,313,173,6,4
SYSN10000654,SH3836678,Pond's Sáng da Tint Sunscreen,117000,4.6,38,51,23,4
SYSN10000655,SH2289534,Pond's Kiểm soát nhờn Exfoliating Toner,113000,4.6,43,76,23,5
SYSN10000656,SH3929534,Neutrogena Sáng da Vitamin C Serum,410000,5.0,29,54,20,3
SYSN10000657,SH4033474,Pond's Làm mềm SPF 30 Sunscreen,80000,4.4,37,62,23,4
SYSN10000658,SH9320631,Ohui VN Cao cấp Gel Moisturizer,1056000,4.4,46,74,21,2
SYSN10000659,SH6789409,Garnier Cao cấp Daily Sunscreen,121000,4.4,10,5,10,4
SYSN10000660,SH9934217,Laneige Làm mềm Hydrating Toner,838000,4.6,436,370,18,5
SYSN10000661,SH8529960,The Face Shop Làm dịu SPF 50+ Sunscreen,203000,4.4,9,9,32,4
SYSN10000662,SH8244164,Cocoon Tăng cường Low pH Cleanser,171000,4.7,36,50,7,1
SYSN10000663,SH8736118,Cosrx Cấp nước Peptide Serum,515000,4.7,3,4,8,3
SYSN10000664,SH1177469,Vaseline Tăng cường Foam Cleanser,103000,4.5,68,102,34,1
SYSN10000665,SH5752935,Rovectin Nhẹ nhàng SPF 30 Sunscreen,247000,4.6,20,17,24,4
SYSN10000666,SH3012881,Paula's Choice Trắng sáng Low pH Cleanser,157000,4.1,229,144,22,1
SYSN10000667,SH5250268,Garnier Chống lão hóa Daily Sunscreen,75000,4.5,397,373,10,4
SYSN10000668,SH6425820,Neutrogena Thiên nhiên AHA/BHA Serum,312000,4.6,44,38,20,3
SYSN10000669,SH5440339,Cetaphil Cao cấp Hydrating Toner,409000,4.3,3,2,5,5
SYSN10000670,SH3413781,Hada Labo Trắng sáng Night Cream Moisturizer,205000,4.6,48,62,11,2
SYSN10000671,SH2223386,Laneige Dưỡng ẩm Gel Cleanser,1370000,4.6,191,115,18,1
SYSN10000672,SH1634776,Murad VN Thiên nhiên SPF 50+ Sunscreen,1978000,4.3,20,29,19,4
SYSN10000673,SH8315833,Ohui VN Làm mềm Brightening Toner,1392000,4.6,1,1,21,5
SYSN10000674,SH7021650,Innisfree Thiên nhiên Peptide Serum,440000,4.9,16,16,13,3
SYSN10000675,SH6705306,Shiseido VN Cao cấp Peptide Serum,2253000,4.5,46,28,27,3
SYSN10000676,SH4204501,Garnier Chuyên sâu Brightening Toner,63000,4.3,592,561,10,5
SYSN10000677,SH4178686,St. Ives Làm mềm AHA/BHA Serum,104000,4.5,129,91,30,3
SYSN10000678,SH6162867,Innisfree Chuyên sâu Pore Care Toner,323000,4.5,6,7,13,5
SYSN10000679,SH7803292,La Roche-Posay Dưỡng ẩm Barrier Repair Moisturizer,403000,4.2,5,3,17,2
SYSN10000680,SH4908850,Kiehl's VN Nhẹ nhàng Foam Cleanser,1411000,4.5,7,13,14,1
SYSN10000681,SH5071537,St. Ives Dưỡng ẩm Peptide Serum,134000,4.5,123,190,30,3
SYSN10000682,SH3863692,Estee Lauder Làm mềm Vitamin C Serum,1798000,4.3,507,888,9,3
SYSN10000683,SH6659678,Paula's Choice Cấp nước Exfoliating Toner,179000,4.8,243,417,22,5
SYSN10000684,SH4577436,Ohui VN Cao cấp PA++++ Sunscreen,1028000,4.8,48,79,21,4
SYSN10000685,SH7206350,The Ordinary Nhẹ nhàng SPF 30 Sunscreen,227000,5.0,49,65,33,4
SYSN10000686,SH7310431,CeraVe Sáng da Barrier Repair Moisturizer,534000,4.7,26,43,4,2
SYSN10000687,SH5760225,The Ordinary Chuyên sâu Daily Sunscreen,204000,5.0,0,0,33,4
SYSN10000688,SH3928445,Estee Lauder Phục hồi Niacinamide Serum,1725000,4.3,4,5,9,3
SYSN10000689,SH8026061,Cosrx Tăng cường Hyaluronic Acid Serum,494000,4.9,0,0,8,3
SYSN10000690,SH4678843,Cosrx Kiểm soát nhờn Peptide Serum,297000,4.6,171,204,8,3
SYSN10000691,SH8959326,CeraVe Cao cấp AHA/BHA Serum,228000,4.6,266,331,4,3
SYSN10000692,SH6608533,SK-II Làm dịu Night Cream Moisturizer,2283000,4.8,100,142,25,2
SYSN10000693,SH9638650,The Ordinary Làm mềm Vitamin C Serum,418000,4.4,131,88,33,3
SYSN10000694,SH6464086,Hada Labo Thiên nhiên Daily Sunscreen,381000,4.4,2470,2087,11,4
SYSN10000695,SH4702106,Hada Labo Thiên nhiên Niacinamide Serum,564000,4.1,0,0,11,3
SYSN10000696,SH7498324,Bioderma Chống lão hóa Niacinamide Serum,454000,4.5,34,36,3,3
SYSN10000697,SH2000789,Neutrogena Dưỡng ẩm Retinol Serum,367000,4.5,3,2,20,3
SYSN10000698,SH3630468,Cetaphil Sáng da PA++++ Sunscreen,221000,4.8,8,13,5,4
SYSN10000699,SH9753827,The Face Shop Cấp nước Gel Cleanser,291000,4.3,0,0,32,1
SYSN10000700,SH5138170,Some By Mi Cao cấp Daily Sunscreen,515000,4.2,226,197,29,4
SYSN10000701,SH1741958,Murad VN Cấp nước Vitamin C Serum,1428000,4.4,22,12,19,3
SYSN10000702,SH9309504,Sulwhasoo Làm mềm Essence Toner,1841000,4.7,20,17,31,5
SYSN10000703,SH2522188,L'Oreal Phục hồi Hyaluronic Acid Serum,243000,4.8,19,9,16,3
SYSN10000704,SH8780612,Klairs Làm mềm Vitamin C Serum,310000,4.4,102,169,15,3
SYSN10000705,SH2186125,Shiseido VN Dưỡng ẩm AHA/BHA Serum,3793000,5.0,61,65,27,3
SYSN10000706,SH4475340,Neutrogena Kiểm soát nhờn Balm Cleanser,295000,5.0,0,0,20,1
SYSN10000707,SH1865076,Senka Tăng cường Barrier Repair Moisturizer,196000,4.4,634,422,26,2
SYSN10000708,SH4434507,Anessa Trắng sáng Low pH Cleanser,456000,5.0,72,50,1,1
SYSN10000709,SH6917519,L'Oreal Tăng cường Foam Cleanser,77000,5.0,57,105,16,1
SYSN10000710,SH9836267,SK-II Kiểm soát nhờn Tint Sunscreen,1561000,4.4,2,3,25,4
SYSN10000711,SH2101048,Pond's Hiệu quả Micellar Cleanser,46000,4.0,28,21,23,1
SYSN10000712,SH3764318,Hasaki Trắng sáng Vitamin C Serum,197000,4.7,2,1,12,3
SYSN10000713,SH7988325,Ohui VN Làm dịu SPF 50+ Sunscreen,2490000,4.9,712,1391,21,4
SYSN10000714,SH4171911,Innisfree Làm dịu Vitamin C Serum,662000,4.6,235,139,13,3
SYSN10000715,SH6474513,Clean & Clear Chuyên sâu Barrier Repair Moisturizer,128000,4.7,0,0,6,2
SYSN10000716,SH6142132,Innisfree Thiên nhiên Foam Cleanser,276000,4.3,166,125,13,1
SYSN10000717,SH5771138,Kiehl's VN Tăng cường SPF 30 Sunscreen,2441000,4.8,125,147,14,4
SYSN10000718,SH3575047,Pond's Cao cấp Gel Moisturizer,92000,4.5,66,48,23,2
SYSN10000719,SH1581986,Innisfree Phục hồi Gel Moisturizer,367000,4.6,97,145,13,2
SYSN10000720,SH1418175,Anessa Thiên nhiên SPF 50+ Sunscreen,478000,5.0,93,102,1,4
SYSN10000721,SH9512910,Cetaphil Kiểm soát nhờn AHA/BHA Serum,372000,5.0,40,39,5,3
SYSN10000722,SH8417300,Klairs Nhẹ nhàng Water Resistant Sunscreen,323000,4.8,50,50,15,4
SYSN10000723,SH4697107,CeraVe Sáng da Tint Sunscreen,239000,4.4,80,93,4,4
SYSN10000724,SH1378303,L'Oreal Phục hồi Hyaluronic Acid Serum,99000,4.7,40,25,16,3
SYSN10000725,SH9582482,Sulwhasoo Sáng da Micellar Cleanser,750000,4.8,8,15,31,1
SYSN10000726,SH5775640,Clean & Clear Dưỡng ẩm PA++++ Sunscreen,72000,3.9,79,80,6,4
SYSN10000727,SH7972774,Bioderma Nhẹ nhàng Tint Sunscreen,355000,4.4,9,15,3,4
SYSN10000728,SH2444148,Beauty of Joseon VN Chống lão hóa Brightening Toner,284000,4.5,939,671,2,5
SYSN10000729,SH7304414,Cetaphil Hiệu quả Eye Cream Moisturizer,479000,4.7,218,137,5,2
SYSN10000730,SH3297254,The Face Shop Hiệu quả Eye Cream Moisturizer,571000,4.8,14,11,32,2
SYSN10000731,SH8775431,Estee Lauder Làm mềm Micellar Cleanser,1040000,4.1,110,92,9,1
SYSN10000732,SH5826621,Kiehl's VN Chuyên sâu Vitamin C Serum,939000,4.6,515,579,14,3
SYSN10000733,SH7069317,Cosrx Trắng sáng Oil Cleanser,234000,4.7,6,8,8,1
SYSN10000734,SH9598757,St. Ives Tăng cường Cream Moisturizer,94000,5.0,134,214,30,2
SYSN10000735,SH6995933,Anessa Chống lão hóa AHA/BHA Serum,347000,4.9,303,225,1,3
SYSN10000736,SH2288937,Hasaki Kiểm soát nhờn PA++++ Sunscreen,111000,4.6,87,110,12,4
SYSN10000737,SH6051155,Anessa Cao cấp Hydrating Toner,216000,4.4,14,12,1,5
SYSN10000738,SH9693462,Cetaphil Chống lão hóa SPF 50+ Sunscreen,203000,4.6,106,97,5,4
SYSN10000739,SH4161109,Cocoon Phục hồi Water Resistant Sunscreen,129000,5.0,6,10,7,4
SYSN10000740,SH2912044,Kiehl's VN Nhẹ nhàng Balm Cleanser,1027000,4.9,46,51,14,1
SYSN10000741,SH8414487,Beauty of Joseon VN Chống lão hóa Hydrating Toner,178000,5.0,62,113,2,5
SYSN10000742,SH3159470,Neutrogena Phục hồi Essence Toner,218000,5.0,6,10,20,5
SYSN10000743,SH2874387,The Ordinary Nhẹ nhàng Niacinamide Serum,275000,4.8,19,11,33,3
SYSN10000744,SH1994305,Some By Mi Sáng da Water Resistant Sunscreen,393000,4.5,134,161,29,4
SYSN10000745,SH4355853,Simple Phục hồi Peptide Serum,134000,4.8,10,7,28,3
SYSN10000746,SH3693705,Pond's Tăng cường Hyaluronic Acid Serum,172000,4.6,18,32,23,3
SYSN10000747,SH5728772,La Roche-Posay Phục hồi Low pH Cleanser,323000,4.9,59,44,17,1
SYSN10000748,SH7148229,Paula's Choice Làm mềm Barrier Repair Moisturizer,385000,5.0,0,0,22,2
SYSN10000749,SH9627700,SK-II Phục hồi Oil Cleanser,906000,4.6,12,10,25,1
SYSN10000750,SH7060776,CeraVe Hiệu quả Night Cream Moisturizer,271000,4.6,90,140,4,2
SYSN10000751,SH6234607,Cosrx Sáng da Niacinamide Serum,515000,4.9,60,91,8,3
SYSN10000752,SH8980532,Hada Labo Thiên nhiên Gel Cleanser,170000,4.4,108,206,11,1
SYSN10000753,SH2426162,Simple Chuyên sâu Peptide Serum,169000,4.4,24,16,28,3
SYSN10000754,SH7102041,Shiseido VN Trắng sáng Foam Cleanser,2261000,4.7,1,1,27,1
SYSN10000755,SH9373678,Cocoon Nhẹ nhàng Oil Cleanser,187000,4.8,57,52,7,1
SYSN10000756,SH7785437,Rovectin Làm mềm Micellar Cleanser,173000,4.5,314,622,24,1
SYSN10000757,SH3258353,Cosrx Phục hồi Niacinamide Serum,298000,4.4,1,0,8,3
SYSN10000758,SH3562495,Garnier Tăng cường AHA/BHA Serum,71000,5.0,2,1,10,3
SYSN10000759,SH9353359,St. Ives Làm dịu Exfoliating Toner,143000,4.7,25,30,30,5
SYSN10000760,SH2998738,Ohui VN Cấp nước SPF 50+ Sunscreen,1602000,4.8,42,45,21,4
SYSN10000761,SH6084244,Some By Mi Cao cấp Daily Sunscreen,257000,4.9,56,102,29,4
SYSN10000762,SH9230125,Hada Labo Sáng da SPF 50+ Sunscreen,230000,4.3,1,1,11,4
SYSN10000763,SH9299539,Anessa Làm dịu Oil Cleanser,334000,4.7,3,4,1,1
SYSN10000764,SH1756962,Pond's Sáng da Gel Cleanser,56000,4.3,39,26,23,1
SYSN10000765,SH6790539,Rovectin Cấp nước Essence Toner,223000,4.9,492,978,24,5
SYSN10000766,SH2098911,Bioderma Trắng sáng Peptide Serum,526000,5.0,22,39,3,3
SYSN10000767,SH9636236,Some By Mi Sáng da Niacinamide Serum,223000,5.0,150,277,29,3
SYSN10000768,SH2639564,Cetaphil Tăng cường Oil Cleanser,215000,4.8,18,30,5,1
SYSN10000769,SH3795540,The Face Shop Tăng cường Low pH Cleanser,191000,4.8,27,38,32,1
SYSN10000770,SH5821026,Cosrx Phục hồi Water Resistant Sunscreen,397000,4.7,1,0,8,4
SYSN10000771,SH6651204,Cosrx Trắng sáng Water Resistant Sunscreen,403000,4.7,64,58,8,4
SYSN10000772,SH6064152,Cetaphil Cao cấp Low pH Cleanser,344000,4.4,168,211,5,1
SYSN10000773,SH8603914,Hada Labo Kiểm soát nhờn Balm Cleanser,150000,4.8,11,16,11,1
SYSN10000774,SH8839914,Garnier Chuyên sâu Gel Moisturizer,160000,4.6,396,357,10,2
SYSN10000775,SH4366315,Beauty of Joseon VN Kiểm soát nhờn Essence Toner,463000,4.8,35,36,2,5
SYSN10000776,SH2080914,Pond's Tăng cường Niacinamide Serum,141000,4.5,3,4,23,3
SYSN10000777,SH5001087,Pond's Cấp nước Exfoliating Toner,127000,4.7,89,59,23,5
SYSN10000778,SH1620819,St. Ives Cấp nước Niacinamide Serum,116000,4.4,0,0,30,3
SYSN10000779,SH1708541,Pond's Chuyên sâu Retinol Serum,135000,4.7,366,712,23,3
SYSN10000780,SH2066723,Cocoon Cao cấp Hyaluronic Acid Serum,96000,4.7,1,1,7,3
SYSN10000781,SH3358208,Simple Cao cấp Daily Sunscreen,118000,4.4,10,8,28,4
SYSN10000782,SH3051464,Estee Lauder Phục hồi Gel Cleanser,1412000,4.4,25,41,9,1
SYSN10000783,SH2792041,L'Oreal Chống lão hóa Exfoliating Toner,119000,4.8,22,16,16,5
SYSN10000784,SH2895176,Cocoon Nhẹ nhàng PA++++ Sunscreen,264000,4.4,167,162,7,4
SYSN10000785,SH7169641,Kiehl's VN Làm mềm Micellar Cleanser,1195000,4.8,21,36,14,1
SYSN10000786,SH5244348,Senka Phục hồi Barrier Repair Moisturizer,81000,4.2,12,15,26,2
SYSN10000787,SH8422287,Rovectin Cao cấp Gel Moisturizer,349000,4.7,232,251,24,2
SYSN10000788,SH4529699,Cosrx Làm dịu Gel Moisturizer,253000,4.7,2,3,8,2
SYSN10000789,SH2343763,Rovectin Làm dịu SPF 50+ Sunscreen,328000,4.4,33,57,24,4
SYSN10000790,SH3690114,Hasaki Cao cấp Essence Toner,179000,4.4,4,6,12,5
SYSN10000791,SH1874073,Vaseline Hiệu quả SPF 50+ Sunscreen,194000,4.9,24,35,34,4
SYSN10000792,SH6263378,Senka Làm dịu Daily Sunscreen,81000,4.5,28,38,26,4
SYSN10000793,SH6358628,Garnier Cấp nước AHA/BHA Serum,98000,4.9,0,0,10,3
SYSN10000794,SH7954096,Cetaphil Trắng sáng Retinol Serum,264000,4.9,12,12,5,3
SYSN10000795,SH4837070,L'Oreal Thiên nhiên SPF 50+ Sunscreen,134000,4.8,2,3,16,4
SYSN10000796,SH5364723,Cocoon Sáng da Niacinamide Serum,157000,5.0,26,18,7,3
SYSN10000797,SH9290445,Sulwhasoo Cao cấp Night Cream Moisturizer,1105000,4.2,44,29,31,2
SYSN10000798,SH7410129,Kiehl's VN Làm mềm AHA/BHA Serum,1465000,4.4,31,21,14,3
SYSN10000799,SH3448514,L'Oreal Hiệu quả Niacinamide Serum,97000,4.5,40,21,16,3
SYSN10000800,SH2438456,Hasaki Làm mềm Low pH Cleanser,93000,4.5,32,16,12,1
SYSN10000801,SH5298752,L'Oreal Cấp nước Daily Sunscreen,67000,4.8,69,42,16,4
SYSN10000802,SH1763562,Beauty of Joseon VN Chuyên sâu Peptide Serum,333000,4.7,0,0,2,3
SYSN10000803,SH4009366,Shiseido VN Dưỡng ẩm Water Resistant Sunscreen,1767000,4.4,116,103,27,4
SYSN10000804,SH8263354,Murad VN Kiểm soát nhờn Barrier Repair Moisturizer,790000,4.9,15,10,19,2
SYSN10000805,SH5416038,Estee Lauder Làm dịu Niacinamide Serum,3595000,4.5,0,0,9,3
SYSN10000806,SH3537801,Hasaki Hiệu quả Tint Sunscreen,85000,4.4,21,28,12,4
SYSN10000807,SH8889444,The Ordinary Dưỡng ẩm Exfoliating Toner,275000,4.7,38,33,33,5
SYSN10000808,SH9140297,Beauty of Joseon VN Nhẹ nhàng PA++++ Sunscreen,268000,3.9,19,22,2,4
SYSN10000809,SH3823521,SK-II Chống lão hóa Hydrating Toner,1519000,4.9,1009,1639,25,5
SYSN10000810,SH4029442,Klairs Kiểm soát nhờn Cream Moisturizer,192000,4.1,1,1,15,2
SYSN10000811,SH7267268,Vaseline Cấp nước Essence Toner,105000,4.4,88,121,34,5
SYSN10000812,SH8617787,Laneige Làm mềm Daily Sunscreen,2805000,4.5,19,27,18,4
SYSN10000813,SH3169632,Some By Mi Tăng cường Oil Cleanser,191000,4.3,34,27,29,1
SYSN10000814,SH7398678,Some By Mi Sáng da Balm Cleanser,239000,4.5,24,15,29,1
SYSN10000815,SH7517997,Clean & Clear Chống lão hóa Retinol Serum,121000,4.8,25,41,6,3
SYSN10000816,SH6202636,Simple Nhẹ nhàng Brightening Toner,72000,4.6,508,942,28,5
SYSN10000817,SH7511061,SK-II Làm mềm Tint Sunscreen,2494000,4.8,607,737,25,4
SYSN10000818,SH8147380,Vaseline Chuyên sâu Tint Sunscreen,109000,4.8,72,46,34,4
SYSN10000819,SH9802632,Garnier Chuyên sâu Eye Cream Moisturizer,129000,4.8,32,20,10,2
SYSN10000820,SH6040020,Pond's Chuyên sâu Retinol Serum,182000,4.8,4,7,23,3
SYSN10000821,SH9567311,CeraVe Trắng sáng Water Resistant Sunscreen,348000,4.8,12,13,4,4
SYSN10000822,SH9446398,Neutrogena Trắng sáng Balm Cleanser,213000,4.8,12,6,20,1
SYSN10000823,SH5993696,Hada Labo Thiên nhiên Niacinamide Serum,614000,4.6,81,78,11,3
SYSN10000824,SH4105251,Pond's Phục hồi Foam Cleanser,79000,4.6,31,19,23,1
SYSN10000825,SH3881241,La Roche-Posay Dưỡng ẩm Cream Moisturizer,297000,4.5,8,11,17,2
SYSN10000826,SH7626953,St. Ives Tăng cường Water Resistant Sunscreen,62000,4.2,651,1111,30,4
SYSN10000827,SH1449886,Some By Mi Cao cấp Retinol Serum,448000,4.8,52,42,29,3
SYSN10000828,SH2444410,Rovectin Phục hồi Balm Cleanser,297000,4.6,36,34,24,1
SYSN10000829,SH8470322,The Ordinary Nhẹ nhàng Daily Sunscreen,340000,4.7,346,673,33,4
SYSN10000830,SH6601074,Bioderma Dưỡng ẩm Brightening Toner,164000,3.9,57,29,3,5
SYSN10000831,SH5878387,Kiehl's VN Sáng da Pore Care Toner,1038000,4.3,467,259,14,5
SYSN10000832,SH1319096,St. Ives Kiểm soát nhờn Gel Cleanser,108000,4.7,6,6,30,1
SYSN10000833,SH6817736,Beauty of Joseon VN Làm mềm Vitamin C Serum,323000,4.6,87,102,2,3
SYSN10000834,SH4685993,St. Ives Kiểm soát nhờn Retinol Serum,76000,4.5,4170,5760,30,3
SYSN10000835,SH5922335,Shiseido VN Thiên nhiên Gel Moisturizer,2753000,4.6,2,3,27,2
SYSN10000836,SH3718341,Shiseido VN Hiệu quả Tint Sunscreen,2563000,4.4,95,136,27,4
SYSN10000837,SH9257506,Garnier Sáng da Exfoliating Toner,124000,5.0,1793,1167,10,5
SYSN10000838,SH5375632,Bioderma Tăng cường Cream Moisturizer,250000,4.6,80,82,3,2
SYSN10000839,SH2912087,Cocoon Cấp nước Hydrating Toner,69000,4.3,351,500,7,5
SYSN10000840,SH5487758,Cetaphil Hiệu quả Vitamin C Serum,382000,4.7,25,46,5,3
SYSN10000841,SH8669463,Senka Hiệu quả Oil Cleanser,159000,4.1,269,522,26,1
SYSN10000842,SH2768504,Simple Kiểm soát nhờn Vitamin C Serum,182000,4.4,260,195,28,3
SYSN10000843,SH2665880,Neutrogena Làm mềm Peptide Serum,470000,4.8,10,7,20,3
SYSN10000844,SH1110521,Paula's Choice Hiệu quả Brightening Toner,340000,4.7,35,30,22,5
SYSN10000845,SH5117989,Neutrogena Tăng cường Tint Sunscreen,278000,4.1,944,686,20,4
SYSN10000846,SH8696599,Sulwhasoo Thiên nhiên Brightening Toner,718000,4.3,247,476,31,5
SYSN10000847,SH9679670,Beauty of Joseon VN Nhẹ nhàng Gel Cleanser,182000,4.6,79,151,2,1
SYSN10000848,SH1622329,Murad VN Hiệu quả Tint Sunscreen,1497000,4.9,53,78,19,4
SYSN10000849,SH6105693,Estee Lauder Nhẹ nhàng Barrier Repair Moisturizer,1068000,4.7,60,94,9,2
SYSN10000850,SH4441570,Garnier Chuyên sâu Tint Sunscreen,142000,4.2,192,351,10,4
SYSN10000851,SH4310073,Cetaphil Cấp nước Low pH Cleanser,257000,4.3,8,14,5,1
SYSN10000852,SH4585870,Anessa Làm dịu Balm Cleanser,223000,5.0,2,1,1,1
SYSN10000853,SH5340101,Garnier Sáng da Balm Cleanser,121000,4.5,15,12,10,1
SYSN10000854,SH9514426,Some By Mi Chuyên sâu PA++++ Sunscreen,337000,4.8,4,4,29,4
SYSN10000855,SH6687145,Estee Lauder Làm mềm Gel Cleanser,1000000,4.8,20,39,9,1
SYSN10000856,SH6877681,Shiseido VN Phục hồi Pore Care Toner,857000,4.4,12,11,27,5
SYSN10000857,SH5154597,Anessa Nhẹ nhàng Pore Care Toner,275000,4.8,374,246,1,5
SYSN10000858,SH7913101,St. Ives Cấp nước AHA/BHA Serum,177000,4.3,23,14,30,3
SYSN10000859,SH7757085,Innisfree Kiểm soát nhờn Barrier Repair Moisturizer,356000,4.1,62,85,13,2
SYSN10000860,SH9213136,Innisfree Nhẹ nhàng Tint Sunscreen,350000,4.5,7,11,13,4
SYSN10000861,SH9609823,Innisfree Nhẹ nhàng Retinol Serum,361000,4.8,810,1453,13,3
SYSN10000862,SH2992563,Anessa Thiên nhiên Hyaluronic Acid Serum,257000,4.6,115,161,1,3
SYSN10000863,SH6115785,Some By Mi Tăng cường Vitamin C Serum,397000,4.9,8,15,29,3
SYSN10000864,SH6119801,Garnier Dưỡng ẩm Tint Sunscreen,96000,4.7,6,11,10,4
SYSN10000865,SH1749647,Cosrx Cao cấp Essence Toner,398000,4.4,83,93,8,5
SYSN10000866,SH3228175,Kiehl's VN Cao cấp Low pH Cleanser,1136000,4.6,99,162,14,1
SYSN10000867,SH2498456,Innisfree Tăng cường Daily Sunscreen,290000,4.7,139,236,13,4
SYSN10000868,SH8433920,Hada Labo Chuyên sâu SPF 50+ Sunscreen,314000,4.3,5,8,11,4
SYSN10000869,SH2428614,Pond's Chuyên sâu Cream Moisturizer,124000,4.7,11,8,23,2
SYSN10000870,SH1313131,Paula's Choice Thiên nhiên Balm Cleanser,192000,4.3,9,6,22,1
SYSN10000871,SH8452933,Bioderma Cao cấp Barrier Repair Moisturizer,346000,4.6,57,35,3,2
SYSN10000872,SH8331935,Innisfree Tăng cường SPF 50+ Sunscreen,209000,4.6,56,43,13,4
SYSN10000873,SH3821189,Cosrx Kiểm soát nhờn Gel Cleanser,203000,4.6,5,4,8,1
SYSN10000874,SH6457472,Hada Labo Sáng da Essence Toner,373000,5.0,89,68,11,5
SYSN10000875,SH7300065,The Ordinary Làm dịu PA++++ Sunscreen,302000,4.6,84,160,33,4
SYSN10000876,SH2930745,L'Oreal Cấp nước Peptide Serum,142000,4.7,29,26,16,3
SYSN10000877,SH1312439,La Roche-Posay Thiên nhiên Foam Cleanser,398000,4.5,49,44,17,1
SYSN10000878,SH2407748,Garnier Làm mềm Niacinamide Serum,229000,4.7,263,465,10,3
SYSN10000879,SH8578973,The Ordinary Cấp nước Pore Care Toner,255000,4.4,5,2,33,5
SYSN10000880,SH5209218,Anessa Làm dịu Brightening Toner,255000,4.7,98,172,1,5
SYSN10000881,SH9960531,The Face Shop Nhẹ nhàng Exfoliating Toner,169000,4.2,142,190,32,5
SYSN10000882,SH8247127,The Ordinary Thiên nhiên PA++++ Sunscreen,439000,4.7,116,94,33,4
SYSN10000883,SH5125991,Hasaki Làm dịu Brightening Toner,127000,4.6,26,38,12,5
SYSN10000884,SH1034351,Hasaki Chống lão hóa AHA/BHA Serum,182000,5.0,31,43,12,3
SYSN10000885,SH7589940,The Face Shop Làm mềm AHA/BHA Serum,376000,4.8,4,5,32,3
SYSN10000886,SH7314548,Laneige Cao cấp Hyaluronic Acid Serum,1559000,4.6,1,1,18,3
SYSN10000887,SH4237849,Senka Thiên nhiên Hyaluronic Acid Serum,149000,4.6,41,47,26,3
SYSN10000888,SH6086491,Cetaphil Chuyên sâu Peptide Serum,735000,5.0,12,20,5,3
SYSN10000889,SH4507886,Cocoon Nhẹ nhàng Barrier Repair Moisturizer,185000,5.0,338,172,7,2
SYSN10000890,SH3944885,The Face Shop Phục hồi Peptide Serum,600000,4.5,1807,1080,32,3
SYSN10000891,SH5602459,Klairs Nhẹ nhàng Peptide Serum,630000,4.7,5,3,15,3
SYSN10000892,SH8165791,Pond's Dưỡng ẩm Night Cream Moisturizer,221000,4.5,44,64,23,2
SYSN10000893,SH9314364,Hada Labo Làm mềm Pore Care Toner,310000,5.0,127,132,11,5
SYSN10000894,SH7574301,Sulwhasoo Dưỡng ẩm Hydrating Toner,818000,4.8,27,21,31,5
SYSN10000895,SH5194038,Paula's Choice Trắng sáng Oil Cleanser,178000,4.6,101,80,22,1
SYSN10000896,SH6608665,Senka Sáng da Vitamin C Serum,129000,4.5,81,142,26,3
SYSN10000897,SH4971899,Kiehl's VN Kiểm soát nhờn PA++++ Sunscreen,1162000,4.8,52,99,14,4
SYSN10000898,SH1559414,Laneige Dưỡng ẩm SPF 50+ Sunscreen,1350000,4.5,37,39,18,4
SYSN10000899,SH8245056,Laneige Chuyên sâu Pore Care Toner,703000,4.9,149,89,18,5
SYSN10000900,SH7897247,Hada Labo Hiệu quả Balm Cleanser,240000,4.4,62,52,11,1
SYSN10000901,SH2699161,Sulwhasoo Thiên nhiên Oil Cleanser,1877000,4.9,14,14,31,1
SYSN10000902,SH2133208,Klairs Dưỡng ẩm Vitamin C Serum,446000,4.3,135,187,15,3
SYSN10000903,SH8459558,Pond's Nhẹ nhàng Oil Cleanser,98000,4.3,31,24,23,1
SYSN10000904,SH7001942,Sulwhasoo Hiệu quả AHA/BHA Serum,1222000,4.4,33,31,31,3
SYSN10000905,SH9685239,Klairs Dưỡng ẩm Hyaluronic Acid Serum,489000,4.5,603,831,15,3
SYSN10000906,SH4278387,The Face Shop Tăng cường Niacinamide Serum,366000,4.7,7,13,32,3
SYSN10000907,SH8841710,Paula's Choice Nhẹ nhàng AHA/BHA Serum,571000,4.7,104,145,22,3
SYSN10000908,SH2759055,Ohui VN Chống lão hóa Micellar Cleanser,786000,4.6,387,457,21,1
SYSN10000909,SH4575870,Paula's Choice Sáng da Niacinamide Serum,393000,4.7,46,39,22,3
SYSN10000910,SH1165961,Anessa Tăng cường Essence Toner,249000,4.3,54,32,1,5
SYSN10000911,SH1498041,Bioderma Dưỡng ẩm Hyaluronic Acid Serum,308000,4.7,15,11,3,3
SYSN10000912,SH3995428,Anessa Phục hồi Peptide Serum,338000,5.0,7,5,1,3
SYSN10000913,SH4527197,The Ordinary Tăng cường Vitamin C Serum,550000,4.6,96,91,33,3
SYSN10000914,SH3423170,Clean & Clear Trắng sáng Essence Toner,152000,4.5,42,76,6,5
SYSN10000915,SH5102862,Cetaphil Chuyên sâu Niacinamide Serum,296000,4.7,162,304,5,3
SYSN10000916,SH5698850,Anessa Chuyên sâu Vitamin C Serum,644000,4.6,367,664,1,3
SYSN10000917,SH2088389,Cosrx Sáng da Low pH Cleanser,213000,4.4,14,10,8,1
SYSN10000918,SH6399296,Vaseline Chống lão hóa Night Cream Moisturizer,170000,4.3,4,6,34,2
SYSN10000919,SH1614121,Beauty of Joseon VN Chuyên sâu Tint Sunscreen,430000,4.4,15,12,2,4
SYSN10000920,SH3637534,Neutrogena Sáng da Night Cream Moisturizer,250000,4.7,20,38,20,2
SYSN10000921,SH4861738,CeraVe Tăng cường Balm Cleanser,272000,4.8,17,23,4,1
SYSN10000922,SH9347387,Innisfree Hiệu quả Micellar Cleanser,384000,4.4,3,2,13,1
SYSN10000923,SH9418218,Rovectin Làm dịu Vitamin C Serum,397000,4.7,78,98,24,3
SYSN10000924,SH4360587,Cocoon Dưỡng ẩm Hydrating Toner,122000,4.8,27,27,7,5
SYSN10000925,SH5381125,Pond's Chống lão hóa Peptide Serum,150000,4.8,24,12,23,3
SYSN10000926,SH1199493,Clean & Clear Hiệu quả Pore Care Toner,99000,4.8,22127,26729,6,5
SYSN10000927,SH8959753,Murad VN Phục hồi Barrier Repair Moisturizer,2405000,4.5,1,0,19,2
SYSN10000928,SH4151542,Innisfree Tăng cường Gel Cleanser,209000,4.5,52,59,13,1
SYSN10000929,SH3153282,The Face Shop Sáng da Retinol Serum,363000,4.8,17,16,32,3
SYSN10000930,SH7767404,Vaseline Chuyên sâu Brightening Toner,74000,4.8,34,55,34,5
SYSN10000931,SH6540684,Klairs Chống lão hóa SPF 30 Sunscreen,325000,4.4,32,43,15,4
SYSN10000932,SH9967263,Beauty of Joseon VN Trắng sáng Oil Cleanser,371000,4.5,66,71,2,1
SYSN10000933,SH2750084,Shiseido VN Chống lão hóa SPF 50+ Sunscreen,2290000,4.7,31,46,27,4
SYSN10000934,SH7474228,Senka Thiên nhiên Essence Toner,174000,4.7,33,30,26,5
SYSN10000935,SH6482325,La Roche-Posay Chống lão hóa Gel Cleanser,245000,4.8,281,502,17,1
SYSN10000936,SH4464154,Sulwhasoo Cấp nước Vitamin C Serum,2035000,4.5,18,12,31,3
SYSN10000937,SH4405319,St. Ives Làm dịu Water Resistant Sunscreen,82000,4.9,42,52,30,4
SYSN10000938,SH5141290,The Ordinary Sáng da Niacinamide Serum,511000,4.6,132,170,33,3
SYSN10000939,SH8655554,Some By Mi Chuyên sâu PA++++ Sunscreen,331000,4.4,9,9,29,4
SYSN10000940,SH8249042,Garnier Thiên nhiên SPF 30 Sunscreen,114000,5.0,1,1,10,4
SYSN10000941,SH5897094,La Roche-Posay Làm dịu Foam Cleanser,253000,4.5,6,8,17,1
SYSN10000942,SH7186297,Beauty of Joseon VN Trắng sáng Pore Care Toner,360000,4.8,126,77,2,5
SYSN10000943,SH1748853,Innisfree Kiểm soát nhờn Exfoliating Toner,224000,4.6,10,11,13,5
SYSN10000944,SH4261550,Clean & Clear Cao cấp Oil Cleanser,121000,4.7,26,28,6,1
SYSN10000945,SH8740286,Hasaki Làm mềm Niacinamide Serum,295000,4.6,30,18,12,3
SYSN10000946,SH3707281,Murad VN Cao cấp Hyaluronic Acid Serum,2459000,4.5,129,97,19,3
SYSN10000947,SH1188082,The Face Shop Trắng sáng Retinol Serum,353000,4.5,83,125,32,3
SYSN10000948,SH8416504,Some By Mi Phục hồi Water Resistant Sunscreen,429000,5.0,51,78,29,4
SYSN10000949,SH1879382,Simple Làm mềm Micellar Cleanser,120000,4.6,142,198,28,1
SYSN10000950,SH2533209,Bioderma Phục hồi SPF 30 Sunscreen,273000,4.8,78,40,3,4
SYSN10000951,SH3816607,Rovectin Hiệu quả SPF 50+ Sunscreen,216000,4.4,88,139,24,4
SYSN10000952,SH4474885,Vaseline Sáng da Foam Cleanser,45000,5.0,58,110,34,1
SYSN10000953,SH7746781,Cosrx Dưỡng ẩm SPF 30 Sunscreen,175000,4.5,39,57,8,4
SYSN10000954,SH7190456,Rovectin Sáng da AHA/BHA Serum,476000,4.7,31,17,24,3
SYSN10000955,SH5226854,Cosrx Chống lão hóa Water Resistant Sunscreen,363000,4.6,13,25,8,4
SYSN10000956,SH6334600,Garnier Hiệu quả Barrier Repair Moisturizer,116000,4.7,48,94,10,2
SYSN10000957,SH4899452,Laneige Nhẹ nhàng AHA/BHA Serum,1001000,4.6,8,10,18,3
SYSN10000958,SH5086019,Simple Cấp nước AHA/BHA Serum,195000,4.5,86,122,28,3
SYSN10000959,SH4994050,Anessa Dưỡng ẩm Daily Sunscreen,286000,4.3,6,11,1,4
SYSN10000960,SH1664503,Murad VN Hiệu quả Daily Sunscreen,2160000,4.7,16,20,19,4
SYSN10000961,SH5064263,L'Oreal Tăng cường Hydrating Toner,128000,4.6,30,24,16,5
SYSN10000962,SH7400271,Kiehl's VN Phục hồi Barrier Repair Moisturizer,828000,4.3,1796,2302,14,2
SYSN10000963,SH3374513,Laneige Dưỡng ẩm Foam Cleanser,1237000,4.7,49,93,18,1
SYSN10000964,SH8836205,Bioderma Cấp nước Vitamin C Serum,250000,5.0,3,2,3,3
SYSN10000965,SH4378948,Pond's Chuyên sâu Tint Sunscreen,95000,4.6,16,14,23,4
SYSN10000966,SH9477402,Hada Labo Cấp nước Night Cream Moisturizer,330000,4.4,24,33,11,2
SYSN10000967,SH2396415,Beauty of Joseon VN Cấp nước Niacinamide Serum,526000,4.3,9,14,2,3
SYSN10000968,SH8610197,Anessa Làm dịu Oil Cleanser,321000,4.7,10,9,1,1
SYSN10000969,SH1215323,Innisfree Dưỡng ẩm SPF 30 Sunscreen,575000,4.5,6,10,13,4
SYSN10000970,SH9213304,Hada Labo Cấp nước PA++++ Sunscreen,197000,4.3,69,66,11,4
SYSN10000971,SH4258608,CeraVe Chống lão hóa Water Resistant Sunscreen,236000,5.0,323,531,4,4
SYSN10000972,SH1968122,St. Ives Nhẹ nhàng Lotion Moisturizer,115000,4.5,10,14,30,2
SYSN10000973,SH3481086,Cetaphil Dưỡng ẩm AHA/BHA Serum,246000,4.7,372,331,5,3
SYSN10000974,SH3708302,Klairs Cao cấp Low pH Cleanser,255000,4.8,53,27,15,1
SYSN10000975,SH4167928,Klairs Kiểm soát nhờn Essence Toner,156000,4.2,74,134,15,5
SYSN10000976,SH2491048,Clean & Clear Cấp nước Daily Sunscreen,84000,4.8,6,3,6,4
SYSN10000977,SH6169066,Pond's Nhẹ nhàng Brightening Toner,61000,4.7,117,59,23,5
SYSN10000978,SH8230134,Sulwhasoo Làm dịu Daily Sunscreen,1304000,5.0,35,26,31,4
SYSN10000979,SH4566389,Anessa Làm mềm Essence Toner,153000,4.6,59,45,1,5
SYSN10000980,SH2831995,Pond's Làm mềm Niacinamide Serum,279000,4.9,42,75,23,3
SYSN10000981,SH4938956,Neutrogena Sáng da SPF 50+ Sunscreen,252000,4.4,65,79,20,4
SYSN10000982,SH4541139,La Roche-Posay Trắng sáng Vitamin C Serum,259000,4.6,37,47,17,3
SYSN10000983,SH6654424,Kiehl's VN Làm mềm Oil Cleanser,760000,4.4,35,49,14,1
SYSN10000984,SH7685239,Cetaphil Chuyên sâu Micellar Cleanser,280000,4.7,31,33,5,1
SYSN10000985,SH3329735,Cosrx Cấp nước Daily Sunscreen,418000,4.4,70,37,8,4
SYSN10000986,SH8972523,Kiehl's VN Làm mềm Micellar Cleanser,1990000,4.2,3,3,14,1
SYSN10000987,SH1767629,Vaseline Cao cấp Hyaluronic Acid Serum,126000,4.7,46,89,34,3
SYSN10000988,SH8179243,Clean & Clear Tăng cường SPF 50+ Sunscreen,119000,4.8,3,5,6,4
SYSN10000989,SH3401850,Shiseido VN Phục hồi Pore Care Toner,811000,4.3,12,21,27,5
SYSN10000990,SH8831655,Anessa Làm dịu Essence Toner,453000,4.7,104,78,1,5
SYSN10000991,SH2500416,L'Oreal Hiệu quả Retinol Serum,225000,4.3,42,27,16,3
SYSN10000992,SH5322289,Beauty of Joseon VN Nhẹ nhàng Retinol Serum,356000,4.4,8,11,2,3
SYSN10000993,SH6583476,Shiseido VN Hiệu quả Gel Cleanser,1612000,4.3,17,30,27,1
SYSN10000994,SH7403032,SK-II Nhẹ nhàng Barrier Repair Moisturizer,2365000,5.0,19,28,25,2
SYSN10000995,SH2868688,L'Oreal Trắng sáng Hydrating Toner,99000,4.7,405,256,16,5
SYSN10000996,SH1028160,Ohui VN Cấp nước Hyaluronic Acid Serum,1863000,4.7,41,39,21,3
SYSN10000997,SH3119085,Hada Labo Hiệu quả Hyaluronic Acid Serum,214000,4.6,20,25,11,3
SYSN10000998,SH5979872,The Face Shop Chống lão hóa Hyaluronic Acid Serum,536000,4.6,49,86,32,3
SYSN10000999,SH6371047,Garnier Dưỡng ẩm Daily Sunscreen,97000,4.2,44,42,10,4
SYSN10001000,SH5890476,St. Ives Làm mềm Retinol Serum,169000,4.8,1606,2499,30,3
SYSN10001001,SH1881916,Bioderma Nhẹ nhàng Gel Moisturizer,230000,4.7,23,43,3,2
SYSN10001002,SH7581459,Rovectin Dưỡng ẩm SPF 30 Sunscreen,245000,5.0,372,374,24,4
SYSN10001003,SH5737283,Clean & Clear Làm dịu Barrier Repair Moisturizer,117000,4.6,3,4,6,2
SYSN10001004,SH1908038,Anessa Cao cấp Pore Care Toner,162000,4.4,24,42,1,5
SYSN10001005,SH3429724,Anessa Làm dịu Tint Sunscreen,314000,4.6,72,58,1,4
SYSN10001006,SH8165734,Klairs Cấp nước Foam Cleanser,185000,4.7,129,195,15,1
SYSN10001007,SH9647567,Innisfree Trắng sáng Vitamin C Serum,315000,4.8,24,35,13,3
SYSN10001008,SH7654595,Clean & Clear Phục hồi Cream Moisturizer,123000,4.7,1,1,6,2
SYSN10001009,SH2503425,Clean & Clear Chuyên sâu Barrier Repair Moisturizer,141000,4.6,54,89,6,2
SYSN10001010,SH3047685,Vaseline Trắng sáng Vitamin C Serum,139000,4.6,35,43,34,3
SYSN10001011,SH4038296,Laneige Trắng sáng Low pH Cleanser,1609000,4.6,57,61,18,1
SYSN10001012,SH4101936,Cosrx Thiên nhiên Daily Sunscreen,450000,3.9,21,23,8,4
SYSN10001013,SH3081873,St. Ives Kiểm soát nhờn Water Resistant Sunscreen,127000,4.9,65,105,30,4
SYSN10001014,SH6273013,The Ordinary Hiệu quả Oil Cleanser,266000,4.9,7,4,33,1
SYSN10001015,SH3092406,The Face Shop Trắng sáng Vitamin C Serum,502000,4.5,361,454,32,3
SYSN10001016,SH9714808,Rovectin Dưỡng ẩm Micellar Cleanser,251000,4.4,16,29,24,1
SYSN10001017,SH6907545,Laneige Thiên nhiên Balm Cleanser,909000,4.7,53,74,18,1
SYSN10001018,SH6028286,Senka Chống lão hóa Foam Cleanser,92000,4.7,73,130,26,1
SYSN10001019,SH8080237,Klairs Nhẹ nhàng Retinol Serum,282000,4.5,58,35,15,3
SYSN10001020,SH8136077,Beauty of Joseon VN Chuyên sâu PA++++ Sunscreen,201000,5.0,416,794,2,4
SYSN10001021,SH4231751,Pond's Chuyên sâu AHA/BHA Serum,221000,4.4,1,1,23,3
SYSN10001022,SH8275056,Anessa Tăng cường Foam Cleanser,203000,4.9,9,9,1,1
SYSN10001023,SH6525702,CeraVe Trắng sáng Niacinamide Serum,517000,4.4,9,13,4,3
SYSN10001024,SH4728326,Bioderma Cấp nước SPF 50+ Sunscreen,359000,4.8,2,2,3,4
SYSN10001025,SH9874478,Neutrogena Trắng sáng Night Cream Moisturizer,332000,4.5,198,202,20,2
SYSN10001026,SH7535788,Cosrx Tăng cường SPF 30 Sunscreen,178000,4.7,79,60,8,4
SYSN10001027,SH1159341,Hada Labo Làm dịu Exfoliating Toner,322000,4.9,267,408,11,5
SYSN10001028,SH7210098,Estee Lauder Chuyên sâu Low pH Cleanser,852000,4.6,26,40,9,1
SYSN10001029,SH8862907,Garnier Hiệu quả Micellar Cleanser,100000,4.5,21,26,10,1
SYSN10001030,SH2458649,Kiehl's VN Cao cấp Daily Sunscreen,1732000,5.0,17,32,14,4
SYSN10001031,SH3770138,CeraVe Trắng sáng SPF 30 Sunscreen,247000,5.0,108,147,4,4
SYSN10001032,SH9534273,Kiehl's VN Chuyên sâu Tint Sunscreen,1145000,4.5,31,58,14,4
SYSN10001033,SH1122310,Simple Phục hồi Water Resistant Sunscreen,92000,4.7,289,454,28,4
SYSN10001034,SH1710615,Rovectin Chuyên sâu Pore Care Toner,449000,4.3,46,64,24,5
SYSN10001035,SH3236718,L'Oreal Cao cấp Lotion Moisturizer,61000,4.3,16,20,16,2
SYSN10001036,SH2977453,Cosrx Phục hồi Daily Sunscreen,364000,4.8,275,257,8,4
SYSN10001037,SH9649141,Sulwhasoo Thiên nhiên Hyaluronic Acid Serum,2563000,4.5,3,5,31,3
SYSN10001038,SH8723456,St. Ives Sáng da SPF 50+ Sunscreen,135000,4.4,16,15,30,4
SYSN10001039,SH8227688,Murad VN Trắng sáng Vitamin C Serum,2418000,5.0,24,29,19,3
SYSN10001040,SH5196564,Cosrx Chống lão hóa Gel Cleanser,358000,4.5,50,41,8,1
SYSN10001041,SH8358018,Anessa Trắng sáng PA++++ Sunscreen,431000,4.8,8,11,1,4
SYSN10001042,SH2856661,Senka Phục hồi AHA/BHA Serum,179000,4.4,5,3,26,3
SYSN10001043,SH5459377,Senka Làm mềm SPF 30 Sunscreen,70000,4.7,633,429,26,4
SYSN10001044,SH7523795,Garnier Kiểm soát nhờn Tint Sunscreen,55000,5.0,20,13,10,4
SYSN10001045,SH1873083,The Face Shop Phục hồi AHA/BHA Serum,389000,4.8,69,104,32,3
SYSN10001046,SH2386047,Clean & Clear Làm mềm Lotion Moisturizer,131000,4.7,53,86,6,2
SYSN10001047,SH5421311,Bioderma Cao cấp Vitamin C Serum,457000,4.6,80,159,3,3
SYSN10001048,SH4039834,Cosrx Sáng da Pore Care Toner,146000,5.0,34,26,8,5
SYSN10001049,SH3452982,Anessa Phục hồi Micellar Cleanser,365000,5.0,4,4,1,1
SYSN10001050,SH4882711,Sulwhasoo Chuyên sâu AHA/BHA Serum,1817000,4.7,17,14,31,3
SYSN10001051,SH5706947,Some By Mi Tăng cường Hyaluronic Acid Serum,386000,4.9,158,302,29,3
SYSN10001052,SH6396217,Murad VN Chuyên sâu Vitamin C Serum,1693000,4.9,5,4,19,3
SYSN10001053,SH6608323,The Ordinary Tăng cường Night Cream Moisturizer,337000,4.6,52,49,33,2
SYSN10001054,SH7063033,Anessa Hiệu quả AHA/BHA Serum,512000,4.3,6,9,1,3
SYSN10001055,SH2784517,Neutrogena Trắng sáng Oil Cleanser,315000,4.7,234,162,20,1
SYSN10001056,SH8478776,Shiseido VN Nhẹ nhàng Retinol Serum,775000,4.4,6,11,27,3
SYSN10001057,SH3578194,Innisfree Kiểm soát nhờn Foam Cleanser,232000,4.7,79,44,13,1
SYSN10001058,SH2970130,The Face Shop Làm mềm Micellar Cleanser,280000,4.2,9,16,32,1
SYSN10001059,SH5599450,Ohui VN Sáng da SPF 30 Sunscreen,970000,4.7,514,794,21,4
SYSN10001060,SH9933361,Bioderma Làm mềm Niacinamide Serum,395000,4.4,6,10,3,3
SYSN10001061,SH5554916,The Face Shop Sáng da Tint Sunscreen,337000,4.9,46,37,32,4
SYSN10001062,SH9452659,Some By Mi Làm mềm Balm Cleanser,304000,4.7,55,85,29,1
SYSN10001063,SH1765250,Neutrogena Phục hồi SPF 30 Sunscreen,181000,4.8,261,339,20,4
SYSN10001064,SH1864361,Hasaki Cao cấp Micellar Cleanser,58000,5.0,46,67,12,1
SYSN10001065,SH2396638,SK-II Tăng cường Hyaluronic Acid Serum,2138000,4.5,54,103,25,3
SYSN10001066,SH1174620,Klairs Chuyên sâu Essence Toner,148000,4.6,14,24,15,5
SYSN10001067,SH7408577,Some By Mi Trắng sáng Eye Cream Moisturizer,411000,4.4,10,19,29,2
SYSN10001068,SH5509606,L'Oreal Tăng cường Foam Cleanser,101000,4.5,201,161,16,1
SYSN10001069,SH3488634,Innisfree Tăng cường Brightening Toner,167000,4.5,7,12,13,5
SYSN10001070,SH4026721,Anessa Nhẹ nhàng Niacinamide Serum,528000,4.6,403,592,1,3
SYSN10001071,SH3407905,Hada Labo Trắng sáng Retinol Serum,554000,4.7,38,23,11,3
SYSN10001072,SH1197778,Cocoon Nhẹ nhàng Gel Moisturizer,144000,4.6,2,2,7,2
SYSN10001073,SH3393028,Senka Làm dịu Vitamin C Serum,115000,4.8,42,80,26,3
SYSN10001074,SH2425479,CeraVe Cao cấp Hydrating Toner,292000,4.4,24,19,4,5
SYSN10001075,SH5090433,Anessa Chống lão hóa Oil Cleanser,268000,4.4,1,0,1,1
SYSN10001076,SH9582257,La Roche-Posay Trắng sáng Micellar Cleanser,326000,4.7,173,316,17,1
SYSN10001077,SH5812480,Bioderma Tăng cường Retinol Serum,313000,5.0,38,31,3,3
SYSN10001078,SH2706851,Simple Phục hồi Gel Cleanser,141000,4.6,9,17,28,1
SYSN10001079,SH1727239,Cetaphil Thiên nhiên Vitamin C Serum,241000,4.1,27,37,5,3
SYSN10001080,SH6059400,Rovectin Chuyên sâu Low pH Cleanser,374000,4.5,1,1,24,1
SYSN10001081,SH2281267,Innisfree Hiệu quả Lotion Moisturizer,525000,4.7,45,75,13,2
SYSN10001082,SH2129335,Hada Labo Cao cấp Oil Cleanser,200000,4.6,26,17,11,1
SYSN10001083,SH7459520,SK-II Hiệu quả Exfoliating Toner,781000,4.8,30,30,25,5
SYSN10001084,SH5125653,Ohui VN Chống lão hóa PA++++ Sunscreen,1038000,4.7,7,7,21,4
SYSN10001085,SH8077313,The Face Shop Trắng sáng Oil Cleanser,290000,4.1,20,25,32,1
SYSN10001086,SH1287807,L'Oreal Cao cấp Exfoliating Toner,83000,4.6,0,0,16,5
SYSN10001087,SH8724035,SK-II Làm dịu Retinol Serum,2925000,4.3,45,32,25,3
SYSN10001088,SH3311922,Bioderma Nhẹ nhàng Cream Moisturizer,578000,4.5,29,19,3,2
SYSN10001089,SH2237660,Clean & Clear Trắng sáng AHA/BHA Serum,173000,4.7,11,13,6,3
SYSN10001090,SH7987624,The Ordinary Dưỡng ẩm Vitamin C Serum,375000,4.5,16,11,33,3
SYSN10001091,SH1221617,Pond's Làm mềm Hydrating Toner,58000,4.3,73,67,23,5
SYSN10001092,SH8107177,The Ordinary Cấp nước Cream Moisturizer,549000,4.6,152,231,33,2
SYSN10001093,SH3630678,Klairs Cấp nước Exfoliating Toner,209000,4.6,69,62,15,5
SYSN10001094,SH4672640,Shiseido VN Dưỡng ẩm Water Resistant Sunscreen,2039000,4.6,19,20,27,4
SYSN10001095,SH7383228,St. Ives Cao cấp Brightening Toner,124000,4.6,30,22,30,5
SYSN10001096,SH6628280,Cosrx Hiệu quả Water Resistant Sunscreen,455000,4.8,42,22,8,4
SYSN10001097,SH4384399,La Roche-Posay Phục hồi Micellar Cleanser,205000,4.9,20,29,17,1
SYSN10001098,SH1806126,Ohui VN Dưỡng ẩm Niacinamide Serum,1539000,4.9,164,159,21,3
SYSN10001099,SH7553873,Clean & Clear Hiệu quả Lotion Moisturizer,164000,4.3,11,17,6,2
SYSN10001100,SH7410771,The Face Shop Dưỡng ẩm Foam Cleanser,186000,4.6,82,99,32,1
SYSN10001101,SH4885101,Simple Nhẹ nhàng Vitamin C Serum,298000,4.7,49,89,28,3
SYSN10001102,SH5879512,Vaseline Tăng cường Retinol Serum,114000,4.8,1,1,34,3
SYSN10001103,SH2258262,Clean & Clear Sáng da Eye Cream Moisturizer,168000,4.4,52,100,6,2
SYSN10001104,SH2462431,La Roche-Posay Kiểm soát nhờn Lotion Moisturizer,360000,4.3,12,14,17,2
SYSN10001105,SH2497018,Cosrx Tăng cường Hyaluronic Acid Serum,331000,4.6,53,32,8,3
SYSN10001106,SH3356313,Hasaki Chuyên sâu Tint Sunscreen,218000,4.5,73,139,12,4
SYSN10001107,SH3163996,Beauty of Joseon VN Thiên nhiên Peptide Serum,413000,5.0,6,6,2,3
SYSN10001108,SH5409512,Cosrx Làm mềm Balm Cleanser,283000,4.7,9,16,8,1
SYSN10001109,SH3593123,L'Oreal Dưỡng ẩm Balm Cleanser,67000,4.4,172,306,16,1
SYSN10001110,SH2568722,Cosrx Chuyên sâu Niacinamide Serum,327000,4.5,94,96,8,3
SYSN10001111,SH7659629,Simple Trắng sáng Low pH Cleanser,63000,4.4,4,6,28,1
SYSN10001112,SH8989636,Klairs Nhẹ nhàng Daily Sunscreen,434000,4.7,45,30,15,4
SYSN10001113,SH1525516,Murad VN Sáng da Micellar Cleanser,2327000,4.7,12,23,19,1
SYSN10001114,SH4548261,Hada Labo Dưỡng ẩm Gel Moisturizer,285000,4.7,6,10,11,2
SYSN10001115,SH2370851,Simple Cấp nước Hyaluronic Acid Serum,165000,4.7,5,4,28,3
SYSN10001116,SH1901645,Rovectin Cao cấp Gel Moisturizer,272000,4.4,24,15,24,2
SYSN10001117,SH8977556,Bioderma Làm mềm Night Cream Moisturizer,198000,4.5,59,76,3,2
SYSN10001118,SH4331283,Klairs Kiểm soát nhờn Gel Cleanser,272000,4.3,14,8,15,1
SYSN10001119,SH3474414,Cetaphil Thiên nhiên Oil Cleanser,231000,4.8,74,92,5,1
SYSN10001120,SH3109184,Pond's Làm mềm Essence Toner,129000,4.5,38,55,23,5
SYSN10001121,SH3786712,Paula's Choice Hiệu quả Balm Cleanser,260000,4.6,10,14,22,1
SYSN10001122,SH7103458,Rovectin Tăng cường Vitamin C Serum,325000,4.5,7,3,24,3
SYSN10001123,SH7885148,Laneige Cấp nước Brightening Toner,1638000,4.6,8,8,18,5
SYSN10001124,SH7259939,Simple Cấp nước Oil Cleanser,82000,4.6,3,2,28,1
SYSN10001125,SH5752118,Rovectin Chuyên sâu Oil Cleanser,236000,4.7,22,34,24,1
SYSN10001126,SH9328292,La Roche-Posay Trắng sáng Brightening Toner,342000,4.7,2,3,17,5
SYSN10001127,SH4739295,Senka Phục hồi Oil Cleanser,168000,4.7,21,34,26,1
SYSN10001128,SH7640565,Cocoon Cấp nước Niacinamide Serum,139000,4.6,9,4,7,3
SYSN10001129,SH5052611,Rovectin Chuyên sâu Niacinamide Serum,459000,4.6,10,5,24,3
SYSN10001130,SH6326278,Cetaphil Cao cấp Peptide Serum,352000,4.4,141,141,5,3
SYSN10001131,SH1865385,Murad VN Cao cấp Niacinamide Serum,1805000,4.7,96,163,19,3
SYSN10001132,SH3658243,Garnier Kiểm soát nhờn Hyaluronic Acid Serum,139000,4.8,23,26,10,3
SYSN10001133,SH5365936,Rovectin Cao cấp Brightening Toner,261000,4.7,11,19,24,5
SYSN10001134,SH3567729,La Roche-Posay Hiệu quả Daily Sunscreen,417000,4.8,29,15,17,4
SYSN10001135,SH8611927,Sulwhasoo Chống lão hóa Barrier Repair Moisturizer,1620000,4.6,16,23,31,2
SYSN10001136,SH7343582,Hasaki Nhẹ nhàng Retinol Serum,248000,4.9,205,339,12,3
SYSN10001137,SH2735086,Shiseido VN Cao cấp Peptide Serum,1276000,4.5,7,4,27,3
SYSN10001138,SH7063240,Anessa Cao cấp Niacinamide Serum,499000,4.6,120,224,1,3
SYSN10001139,SH4528180,Clean & Clear Trắng sáng AHA/BHA Serum,101000,4.7,30,45,6,3
SYSN10001140,SH3997703,Kiehl's VN Dưỡng ẩm PA++++ Sunscreen,1509000,4.6,6,8,14,4
SYSN10001141,SH1084130,SK-II Sáng da Brightening Toner,1313000,4.8,33,24,25,5
SYSN10001142,SH7121849,Senka Phục hồi Retinol Serum,192000,4.9,84,56,26,3
SYSN10001143,SH2542997,Anessa Phục hồi Tint Sunscreen,461000,4.6,45,46,1,4
SYSN10001144,SH4238912,St. Ives Thiên nhiên Tint Sunscreen,101000,4.3,3,2,30,4
SYSN10001145,SH3779198,Clean & Clear Làm dịu Pore Care Toner,99000,4.6,89,150,6,5
SYSN10001146,SH7426442,Neutrogena Trắng sáng Eye Cream Moisturizer,272000,4.5,21,24,20,2
SYSN10001147,SH5245703,Simple Kiểm soát nhờn SPF 50+ Sunscreen,120000,5.0,9,12,28,4
SYSN10001148,SH6413691,Vaseline Chống lão hóa Essence Toner,68000,4.6,18,20,34,5
SYSN10001149,SH1161614,Cetaphil Trắng sáng Hyaluronic Acid Serum,389000,4.5,3,2,5,3
SYSN10001150,SH7469141,Cetaphil Trắng sáng Water Resistant Sunscreen,303000,4.2,98,90,5,4
SYSN10001151,SH8075793,Klairs Trắng sáng AHA/BHA Serum,441000,4.7,50,76,15,3
SYSN10001152,SH5603927,Some By Mi Dưỡng ẩm Brightening Toner,430000,4.5,35,39,29,5
SYSN10001153,SH1299243,Hada Labo Làm dịu Vitamin C Serum,500000,4.8,41,60,11,3
SYSN10001154,SH9850211,Hada Labo Thiên nhiên Eye Cream Moisturizer,466000,4.6,35,19,11,2
SYSN10001155,SH6801971,Sulwhasoo Tăng cường Hyaluronic Acid Serum,1675000,4.4,3,3,31,3
SYSN10001156,SH3036971,Clean & Clear Làm mềm Tint Sunscreen,106000,4.6,0,0,6,4
SYSN10001157,SH8309538,La Roche-Posay Cao cấp Hyaluronic Acid Serum,399000,4.4,307,257,17,3
SYSN10001158,SH1722698,Senka Làm dịu Essence Toner,81000,4.7,10,6,26,5
SYSN10001159,SH3311285,Clean & Clear Thiên nhiên Retinol Serum,80000,4.9,64,88,6,3
SYSN10001160,SH9753742,Sulwhasoo Trắng sáng Daily Sunscreen,1989000,4.0,124,160,31,4
SYSN10001161,SH2540137,Hasaki Phục hồi Oil Cleanser,193000,4.7,24,21,12,1
SYSN10001162,SH4454281,Bioderma Cao cấp AHA/BHA Serum,553000,4.4,16,24,3,3
SYSN10001163,SH9181335,Rovectin Phục hồi Tint Sunscreen,264000,4.4,23,15,24,4
SYSN10001164,SH8617224,Cetaphil Nhẹ nhàng Micellar Cleanser,146000,4.3,894,1325,5,1
SYSN10001165,SH9614497,Cetaphil Cao cấp Night Cream Moisturizer,494000,4.9,3272,2632,5,2
SYSN10001166,SH2712355,Rovectin Chuyên sâu Peptide Serum,391000,4.6,2,1,24,3
SYSN10001167,SH9906779,Laneige Làm mềm Vitamin C Serum,1097000,4.8,91,107,18,3
SYSN10001168,SH8228437,Sulwhasoo Kiểm soát nhờn Night Cream Moisturizer,2197000,4.8,88,111,31,2
SYSN10001169,SH5932600,Sulwhasoo Phục hồi Niacinamide Serum,2817000,4.4,24,18,31,3
SYSN10001170,SH5176591,Clean & Clear Chuyên sâu Vitamin C Serum,169000,4.9,12,23,6,3
SYSN10001171,SH5621443,Estee Lauder Trắng sáng Peptide Serum,1868000,4.8,25,20,9,3
SYSN10001172,SH4451163,Cosrx Làm mềm Hydrating Toner,406000,3.9,86,65,8,5
SYSN10001173,SH9442968,Pond's Chống lão hóa Gel Cleanser,64000,4.7,124,230,23,1
SYSN10001174,SH2165255,Shiseido VN Chuyên sâu Hydrating Toner,1711000,4.7,24,17,27,5
SYSN10001175,SH3978208,Shiseido VN Dưỡng ẩm PA++++ Sunscreen,3327000,5.0,197,386,27,4
SYSN10001176,SH1016885,Ohui VN Sáng da Oil Cleanser,1036000,4.4,168,207,21,1
SYSN10001177,SH3806907,Pond's Kiểm soát nhờn Peptide Serum,166000,4.5,7,11,23,3
SYSN10001178,SH5317440,St. Ives Kiểm soát nhờn PA++++ Sunscreen,118000,4.6,279,417,30,4
SYSN10001179,SH9126125,Pond's Hiệu quả Water Resistant Sunscreen,107000,4.3,31,20,23,4
SYSN10001180,SH9352238,Sulwhasoo Tăng cường Exfoliating Toner,1773000,4.7,72,39,31,5
SYSN10001181,SH7338067,Bioderma Thiên nhiên Foam Cleanser,238000,4.6,12,17,3,1
SYSN10001182,SH5451151,Innisfree Chống lão hóa Balm Cleanser,307000,4.6,44,82,13,1
SYSN10001183,SH9725456,Neutrogena Sáng da SPF 50+ Sunscreen,204000,4.9,13,20,20,4
SYSN10001184,SH3468450,Cetaphil Làm mềm SPF 50+ Sunscreen,254000,4.7,85,101,5,4
SYSN10001185,SH5944694,Garnier Trắng sáng Lotion Moisturizer,144000,4.8,186,97,10,2
SYSN10001186,SH6909866,Some By Mi Cấp nước SPF 50+ Sunscreen,294000,4.6,72,107,29,4
SYSN10001187,SH3601089,Neutrogena Chuyên sâu Peptide Serum,592000,4.7,174,335,20,3
SYSN10001188,SH4671824,Clean & Clear Làm dịu Vitamin C Serum,80000,4.6,2,1,6,3
SYSN10001189,SH5383230,Clean & Clear Thiên nhiên Essence Toner,115000,3.8,48,90,6,5
SYSN10001190,SH4347166,Cetaphil Chuyên sâu Retinol Serum,277000,4.4,108,94,5,3
SYSN10001191,SH4076474,Neutrogena Làm mềm AHA/BHA Serum,493000,4.5,36,38,20,3
SYSN10001192,SH6998844,Cetaphil Nhẹ nhàng AHA/BHA Serum,461000,4.6,6,7,5,3
SYSN10001193,SH8061842,Some By Mi Hiệu quả SPF 50+ Sunscreen,211000,5.0,427,270,29,4
SYSN10001194,SH5921482,Vaseline Thiên nhiên Eye Cream Moisturizer,114000,4.6,30,17,34,2
SYSN10001195,SH5532781,Laneige Dưỡng ẩm SPF 50+ Sunscreen,1455000,4.6,32,55,18,4
SYSN10001196,SH2021141,Estee Lauder Tăng cường Daily Sunscreen,2159000,4.7,227,154,9,4
SYSN10001197,SH9309833,L'Oreal Nhẹ nhàng Balm Cleanser,72000,5.0,51,35,16,1
SYSN10001198,SH9136197,Neutrogena Hiệu quả Essence Toner,180000,4.5,55,78,20,5
SYSN10001199,SH2738237,Cosrx Phục hồi Retinol Serum,479000,4.3,32,38,8,3
SYSN10001200,SH4941435,Hasaki Cao cấp SPF 30 Sunscreen,246000,4.2,29,51,12,4
SYSN10001201,SH3377099,Simple Chống lão hóa Essence Toner,63000,4.9,2,3,28,5
SYSN10001202,SH2678051,L'Oreal Làm dịu Hyaluronic Acid Serum,222000,4.2,7,13,16,3
SYSN10001203,SH1469269,Cosrx Chống lão hóa Oil Cleanser,151000,4.8,0,0,8,1
SYSN10001204,SH8457126,Some By Mi Sáng da Daily Sunscreen,292000,4.5,8,4,29,4
SYSN10001205,SH9399318,Beauty of Joseon VN Tăng cường Retinol Serum,384000,4.5,27,48,2,3
SYSN10001206,SH3540116,Clean & Clear Chuyên sâu SPF 30 Sunscreen,92000,4.5,800,822,6,4
SYSN10001207,SH7609027,Murad VN Làm dịu Daily Sunscreen,2764000,4.8,54,32,19,4
SYSN10001208,SH9505716,Rovectin Thiên nhiên Daily Sunscreen,185000,4.4,90,149,24,4
SYSN10001209,SH7774201,Klairs Cao cấp Peptide Serum,505000,4.3,83,49,15,3
SYSN10001210,SH4884505,Rovectin Tăng cường Brightening Toner,314000,4.3,5,9,24,5
SYSN10001211,SH2079947,Hada Labo Thiên nhiên Night Cream Moisturizer,202000,4.7,59,34,11,2
SYSN10001212,SH1494247,St. Ives Chuyên sâu Peptide Serum,123000,4.4,2,3,30,3
SYSN10001213,SH5236162,Rovectin Phục hồi Foam Cleanser,139000,4.7,335,414,24,1
SYSN10001214,SH1406730,Clean & Clear Trắng sáng Retinol Serum,159000,4.7,8,11,6,3
SYSN10001215,SH2207374,Senka Sáng da Niacinamide Serum,136000,4.4,319,322,26,3
SYSN10001216,SH8947918,St. Ives Sáng da Gel Moisturizer,135000,4.7,36,45,30,2
SYSN10001217,SH7310216,Kiehl's VN Chuyên sâu Night Cream Moisturizer,1944000,4.6,46,83,14,2
SYSN10001218,SH6551912,Cosrx Dưỡng ẩm Retinol Serum,389000,4.8,21,11,8,3
SYSN10001219,SH2254551,Cetaphil Làm dịu Exfoliating Toner,228000,4.4,3,3,5,5
SYSN10001220,SH2860164,Pond's Kiểm soát nhờn Gel Cleanser,89000,4.9,125,171,23,1
SYSN10001221,SH4426466,Neutrogena Chống lão hóa Vitamin C Serum,269000,4.7,2,2,20,3
SYSN10001222,SH1593277,Cocoon Hiệu quả Essence Toner,161000,4.6,8,8,7,5
SYSN10001223,SH5538377,Simple Chống lão hóa Tint Sunscreen,162000,4.9,7,11,28,4
SYSN10001224,SH4821097,Cetaphil Hiệu quả PA++++ Sunscreen,239000,4.8,475,252,5,4
SYSN10001225,SH9089526,Clean & Clear Kiểm soát nhờn Essence Toner,126000,4.5,369,213,6,5
SYSN10001226,SH7169127,Garnier Thiên nhiên Vitamin C Serum,162000,4.8,13,13,10,3
SYSN10001227,SH9996238,Cosrx Cấp nước Gel Moisturizer,310000,4.5,292,394,8,2
SYSN10001228,SH5741173,Simple Chống lão hóa Brightening Toner,114000,4.9,5,2,28,5
SYSN10001229,SH3053134,Neutrogena Làm mềm Oil Cleanser,219000,4.9,15,22,20,1
SYSN10001230,SH6078780,Cetaphil Làm mềm Gel Moisturizer,461000,5.0,6,11,5,2
SYSN10001231,SH2751175,Neutrogena Kiểm soát nhờn Eye Cream Moisturizer,307000,4.4,19,11,20,2
SYSN10001232,SH9740844,Cosrx Cao cấp Gel Moisturizer,292000,4.5,17,14,8,2
SYSN10001233,SH8386629,Garnier Nhẹ nhàng Retinol Serum,96000,4.3,35,51,10,3
SYSN10001234,SH6040091,Some By Mi Cấp nước Peptide Serum,496000,4.2,3,5,29,3
SYSN10001235,SH8449415,St. Ives Cấp nước Niacinamide Serum,114000,4.4,36,20,30,3
SYSN10001236,SH6835191,Some By Mi Kiểm soát nhờn Vitamin C Serum,244000,4.4,57,108,29,3
SYSN10001237,SH1458775,Hasaki Phục hồi Eye Cream Moisturizer,214000,5.0,20,20,12,2
SYSN10001238,SH5822081,Senka Cấp nước Eye Cream Moisturizer,81000,4.7,172,307,26,2
SYSN10001239,SH4996784,Pond's Làm mềm Tint Sunscreen,105000,4.6,36,25,23,4
SYSN10001240,SH6662853,Cocoon Làm dịu Pore Care Toner,95000,4.9,39,52,7,5
SYSN10001241,SH3085515,Neutrogena Dưỡng ẩm Peptide Serum,752000,4.4,36,34,20,3
SYSN10001242,SH8825556,St. Ives Dưỡng ẩm Brightening Toner,55000,4.7,5,2,30,5
SYSN10001243,SH6268490,Hada Labo Làm dịu Gel Cleanser,268000,4.7,251,484,11,1
SYSN10001244,SH3927545,Pond's Phục hồi Retinol Serum,201000,4.3,81,58,23,3
SYSN10001245,SH8387157,La Roche-Posay Cao cấp Peptide Serum,261000,4.5,15,20,17,3
SYSN10001246,SH6927978,Estee Lauder Chuyên sâu Essence Toner,1822000,4.8,23,30,9,5
SYSN10001247,SH4423255,Laneige Phục hồi Vitamin C Serum,1567000,4.3,49,48,18,3
SYSN10001248,SH1414306,Rovectin Chống lão hóa Hydrating Toner,195000,4.6,304,300,24,5
SYSN10001249,SH1522734,Hasaki Sáng da Lotion Moisturizer,233000,4.8,5,3,12,2
SYSN10001250,SH6253043,Cocoon Hiệu quả Gel Moisturizer,160000,4.2,98,124,7,2
SYSN10001251,SH3517835,Bioderma Dưỡng ẩm Balm Cleanser,345000,4.4,14,15,3,1
SYSN10001252,SH8014220,Murad VN Chuyên sâu Eye Cream Moisturizer,1554000,4.9,5,6,19,2
SYSN10001253,SH6317360,St. Ives Làm mềm Eye Cream Moisturizer,160000,4.6,132,119,30,2
SYSN10001254,SH2936374,Cetaphil Nhẹ nhàng Lotion Moisturizer,328000,4.9,6,9,5,2
SYSN10001255,SH7078334,Cosrx Trắng sáng Eye Cream Moisturizer,277000,4.5,132,195,8,2
SYSN10001256,SH5109477,Klairs Thiên nhiên SPF 30 Sunscreen,376000,4.3,2,3,15,4
SYSN10001257,SH2979107,Estee Lauder Tăng cường Micellar Cleanser,948000,4.5,175,108,9,1
SYSN10001258,SH4018484,Rovectin Thiên nhiên Gel Moisturizer,179000,4.4,10,18,24,2
SYSN10001259,SH2694421,The Face Shop Nhẹ nhàng Niacinamide Serum,602000,5.0,142,97,32,3
SYSN10001260,SH7511474,Simple Thiên nhiên Water Resistant Sunscreen,141000,4.7,3,5,28,4
SYSN10001261,SH2808110,Neutrogena Sáng da PA++++ Sunscreen,485000,4.4,49,97,20,4
SYSN10001262,SH8309667,Innisfree Nhẹ nhàng Brightening Toner,287000,4.8,11,10,13,5
SYSN10001263,SH3554438,Klairs Trắng sáng Peptide Serum,377000,4.2,88,162,15,3
SYSN10001264,SH5685869,Clean & Clear Kiểm soát nhờn SPF 30 Sunscreen,73000,4.3,27,51,6,4
SYSN10001265,SH9526649,Klairs Sáng da Water Resistant Sunscreen,266000,4.9,5,8,15,4
SYSN10001266,SH4534635,Anessa Cao cấp SPF 50+ Sunscreen,179000,4.4,59,67,1,4
SYSN10001267,SH5594415,Cetaphil Làm dịu Cream Moisturizer,356000,4.6,23,28,5,2
SYSN10001268,SH4886854,Hasaki Thiên nhiên Vitamin C Serum,158000,4.5,50,74,12,3
SYSN10001269,SH4273782,Garnier Thiên nhiên Vitamin C Serum,235000,4.6,3,1,10,3
SYSN10001270,SH3116927,Ohui VN Kiểm soát nhờn Niacinamide Serum,2011000,4.8,38,66,21,3
SYSN10001271,SH5413356,Simple Làm mềm Niacinamide Serum,144000,4.6,81,51,28,3
SYSN10001272,SH2247391,SK-II Nhẹ nhàng Exfoliating Toner,1293000,4.5,1,0,25,5
SYSN10001273,SH1643521,Simple Thiên nhiên Hyaluronic Acid Serum,210000,4.7,23,26,28,3
SYSN10001274,SH1133724,The Face Shop Dưỡng ẩm Low pH Cleanser,157000,4.6,56,48,32,1
SYSN10001275,SH4139098,Bioderma Làm mềm Gel Moisturizer,354000,4.7,16,25,3,2
SYSN10001276,SH1053648,Ohui VN Phục hồi AHA/BHA Serum,1311000,4.6,63,72,21,3
SYSN10001277,SH7380211,Senka Sáng da Micellar Cleanser,128000,4.2,53483,77365,26,1
SYSN10001278,SH5900891,Anessa Thiên nhiên SPF 30 Sunscreen,234000,4.3,66,99,1,4
SYSN10001279,SH2885212,The Face Shop Phục hồi Gel Cleanser,378000,4.9,90,174,32,1
SYSN10001280,SH6350354,Rovectin Làm mềm Gel Moisturizer,451000,4.7,22,32,24,2
SYSN10001281,SH7912261,Laneige Sáng da Tint Sunscreen,1719000,4.2,2,3,18,4
SYSN10001282,SH6328751,Hada Labo Làm dịu Hyaluronic Acid Serum,506000,4.4,755,843,11,3
SYSN10001283,SH1765519,Hasaki Tăng cường SPF 30 Sunscreen,189000,5.0,273,262,12,4
SYSN10001284,SH6531182,Bioderma Sáng da Gel Cleanser,318000,4.4,48,33,3,1
SYSN10001285,SH6917334,Sulwhasoo Tăng cường Barrier Repair Moisturizer,2326000,4.9,26,42,31,2
SYSN10001286,SH9987534,Cetaphil Cao cấp Foam Cleanser,241000,4.6,21,22,5,1
SYSN10001287,SH5172556,Cetaphil Kiểm soát nhờn SPF 30 Sunscreen,521000,4.7,46,87,5,4
SYSN10001288,SH3633108,Cocoon Dưỡng ẩm Niacinamide Serum,236000,4.3,73,67,7,3
SYSN10001289,SH7339384,Senka Cao cấp Gel Cleanser,89000,4.7,36,53,26,1
SYSN10001290,SH7968920,Cosrx Nhẹ nhàng Pore Care Toner,319000,4.3,1,0,8,5
SYSN10001291,SH6237674,Sulwhasoo Cao cấp Eye Cream Moisturizer,1272000,4.5,7175,12033,31,2
SYSN10001292,SH8908785,Innisfree Chuyên sâu Hydrating Toner,343000,4.5,30,31,13,5
SYSN10001293,SH9499228,Neutrogena Kiểm soát nhờn AHA/BHA Serum,594000,4.3,17,14,20,3
SYSN10001294,SH4759117,Kiehl's VN Làm mềm Essence Toner,1309000,4.5,30,41,14,5
SYSN10001295,SH3412081,Innisfree Tăng cường Hydrating Toner,264000,4.9,8,13,13,5
SYSN10001296,SH7764490,Innisfree Chống lão hóa Gel Cleanser,267000,4.1,47,66,13,1
SYSN10001297,SH7909840,Bioderma Làm dịu Brightening Toner,234000,4.7,121,117,3,5
SYSN10001298,SH4510199,Klairs Làm dịu Vitamin C Serum,639000,4.5,601,981,15,3
SYSN10001299,SH9630721,Murad VN Làm mềm Daily Sunscreen,1597000,5.0,29,38,19,4
SYSN10001300,SH9723129,Clean & Clear Chống lão hóa Vitamin C Serum,92000,4.7,16041,26022,6,3
SYSN10001301,SH9801144,Cocoon Chống lão hóa Tint Sunscreen,128000,4.4,144,177,7,4
SYSN10001302,SH5548431,Hada Labo Thiên nhiên Daily Sunscreen,404000,4.6,235,301,11,4
SYSN10001303,SH7228596,Garnier Phục hồi Daily Sunscreen,116000,4.4,110,140,10,4
SYSN10001304,SH9797610,Shiseido VN Chống lão hóa SPF 30 Sunscreen,2592000,5.0,34,53,27,4
SYSN10001305,SH4148654,Innisfree Làm dịu SPF 50+ Sunscreen,481000,4.3,75,59,13,4
SYSN10001306,SH4792145,Laneige Tăng cường SPF 50+ Sunscreen,1017000,4.8,92,93,18,4
SYSN10001307,SH7765720,Hada Labo Tăng cường Hyaluronic Acid Serum,490000,4.6,2753,5234,11,3
SYSN10001308,SH5697377,Klairs Phục hồi Low pH Cleanser,201000,4.4,63,48,15,1
SYSN10001309,SH5651273,Rovectin Sáng da Hyaluronic Acid Serum,382000,4.7,64,124,24,3
SYSN10001310,SH3457722,Some By Mi Trắng sáng Gel Moisturizer,484000,4.5,44,31,29,2
SYSN10001311,SH8913629,La Roche-Posay Cấp nước Niacinamide Serum,488000,4.7,7,6,17,3
SYSN10001312,SH6955771,Hada Labo Làm mềm AHA/BHA Serum,605000,4.7,24,23,11,3
SYSN10001313,SH5659649,Kiehl's VN Chuyên sâu Foam Cleanser,1803000,5.0,2,3,14,1
SYSN10001314,SH8305024,Pond's Thiên nhiên Water Resistant Sunscreen,190000,5.0,20,29,23,4
SYSN10001315,SH4586632,Kiehl's VN Cấp nước Barrier Repair Moisturizer,1084000,4.6,14,19,14,2
SYSN10001316,SH4269688,Cocoon Kiểm soát nhờn PA++++ Sunscreen,185000,4.4,654,332,7,4
SYSN10001317,SH5580646,Neutrogena Sáng da Vitamin C Serum,524000,5.0,75,41,20,3
SYSN10001318,SH1510471,Estee Lauder Sáng da SPF 50+ Sunscreen,1033000,4.8,1058,1898,9,4
SYSN10001319,SH2742939,Innisfree Hiệu quả Low pH Cleanser,231000,4.6,144,80,13,1
SYSN10001320,SH8039259,Anessa Trắng sáng Gel Moisturizer,270000,4.1,14,24,1,2
SYSN10001321,SH4257839,Vaseline Làm dịu Water Resistant Sunscreen,71000,4.4,36,53,34,4
SYSN10001322,SH7144765,Vaseline Thiên nhiên Exfoliating Toner,55000,5.0,22,28,34,5
SYSN10001323,SH5473408,Senka Chống lão hóa Water Resistant Sunscreen,88000,4.7,16,10,26,4
SYSN10001324,SH1054096,The Face Shop Nhẹ nhàng AHA/BHA Serum,454000,4.9,22,21,32,3
SYSN10001325,SH2950547,Cosrx Trắng sáng Niacinamide Serum,341000,4.7,452,848,8,3
SYSN10001326,SH1175132,Rovectin Hiệu quả Retinol Serum,346000,4.6,34,28,24,3
SYSN10001327,SH4205892,L'Oreal Chuyên sâu AHA/BHA Serum,152000,4.3,20,32,16,3
SYSN10001328,SH7945478,Garnier Tăng cường Peptide Serum,216000,4.5,255,213,10,3
SYSN10001329,SH2550417,Neutrogena Làm dịu Night Cream Moisturizer,425000,4.1,732,903,20,2
SYSN10001330,SH3860089,St. Ives Cao cấp Daily Sunscreen,157000,4.5,941,522,30,4
SYSN10001331,SH5843397,Hada Labo Hiệu quả AHA/BHA Serum,394000,4.7,13,10,11,3
SYSN10001332,SH4661709,Pond's Làm dịu Foam Cleanser,88000,4.6,86,103,23,1
SYSN10001333,SH6418889,Garnier Sáng da Niacinamide Serum,131000,4.6,6,6,10,3
SYSN10001334,SH8070049,CeraVe Chống lão hóa Gel Cleanser,295000,4.6,665,806,4,1
SYSN10001335,SH4123258,Cetaphil Kiểm soát nhờn Night Cream Moisturizer,403000,4.5,65,105,5,2
SYSN10001336,SH5086740,Hada Labo Cao cấp Oil Cleanser,271000,4.4,22,19,11,1
SYSN10001337,SH9505390,Pond's Hiệu quả SPF 30 Sunscreen,93000,4.3,4,2,23,4
SYSN10001338,SH6042941,Klairs Chống lão hóa Peptide Serum,361000,5.0,81,148,15,3
SYSN10001339,SH6589281,Ohui VN Chuyên sâu Foam Cleanser,1227000,4.7,173,291,21,1
SYSN10001340,SH3773979,Garnier Cấp nước Niacinamide Serum,119000,4.7,466,554,10,3
SYSN10001341,SH4411176,Neutrogena Cao cấp Retinol Serum,471000,4.5,16,18,20,3
SYSN10001342,SH2676269,Vaseline Tăng cường Foam Cleanser,59000,4.7,8,9,34,1
SYSN10001343,SH5072535,Shiseido VN Nhẹ nhàng Oil Cleanser,1865000,4.3,7,11,27,1
SYSN10001344,SH5751216,Garnier Thiên nhiên Hyaluronic Acid Serum,81000,4.5,18,31,10,3
SYSN10001345,SH4719408,Laneige Dưỡng ẩm Water Resistant Sunscreen,2799000,4.8,26,47,18,4
SYSN10001346,SH7680364,The Face Shop Sáng da Peptide Serum,438000,4.8,13,24,32,3
SYSN10001347,SH7443567,Bioderma Tăng cường Vitamin C Serum,346000,4.8,22,32,3,3
SYSN10001348,SH3743794,Innisfree Chống lão hóa Tint Sunscreen,341000,4.9,9,9,13,4
SYSN10001349,SH7785940,Vaseline Chuyên sâu Vitamin C Serum,180000,4.3,11,18,34,3
SYSN10001350,SH7739464,Hada Labo Làm mềm SPF 50+ Sunscreen,459000,4.5,3127,3545,11,4
SYSN10001351,SH7254970,Simple Kiểm soát nhờn Tint Sunscreen,88000,4.6,92,153,28,4
SYSN10001352,SH7433589,Cocoon Kiểm soát nhờn Brightening Toner,204000,4.9,28,50,7,5
SYSN10001353,SH8633454,Shiseido VN Kiểm soát nhờn Retinol Serum,3732000,4.9,45,51,27,3
SYSN10001354,SH7195765,Beauty of Joseon VN Chuyên sâu Peptide Serum,402000,5.0,115,101,2,3
SYSN10001355,SH1293919,Pond's Cấp nước PA++++ Sunscreen,75000,4.1,181,211,23,4
SYSN10001356,SH3939932,La Roche-Posay Phục hồi Niacinamide Serum,468000,4.7,1,0,17,3
SYSN10001357,SH5095330,Clean & Clear Làm mềm Hydrating Toner,101000,4.4,7,13,6,5
SYSN10001358,SH2696557,SK-II Nhẹ nhàng Water Resistant Sunscreen,2166000,4.7,5,5,25,4
SYSN10001359,SH5309362,Clean & Clear Nhẹ nhàng Gel Moisturizer,55000,4.7,17,26,6,2
SYSN10001360,SH9624152,Kiehl's VN Làm dịu Lotion Moisturizer,2099000,4.4,211,276,14,2
SYSN10001361,SH4115755,Innisfree Làm dịu Brightening Toner,307000,4.8,70,64,13,5
SYSN10001362,SH4475171,Shiseido VN Cấp nước Gel Cleanser,1588000,4.8,10,5,27,1
SYSN10001363,SH2629867,Klairs Tăng cường AHA/BHA Serum,515000,4.4,22,18,15,3
SYSN10001364,SH8728326,Estee Lauder Cao cấp Water Resistant Sunscreen,883000,4.5,274,378,9,4
SYSN10001365,SH6811062,The Face Shop Tăng cường PA++++ Sunscreen,343000,4.4,56,97,32,4
SYSN10001366,SH7760181,The Face Shop Làm dịu Brightening Toner,414000,4.5,6,3,32,5
SYSN10001367,SH7194004,Cetaphil Kiểm soát nhờn AHA/BHA Serum,446000,4.6,146,139,5,3
SYSN10001368,SH7969137,The Ordinary Cấp nước Balm Cleanser,292000,4.6,9,17,33,1
SYSN10001369,SH3209515,Innisfree Thiên nhiên Night Cream Moisturizer,363000,4.2,14,14,13,2
SYSN10001370,SH3669548,Cosrx Cao cấp SPF 30 Sunscreen,231000,4.6,11,18,8,4
SYSN10001371,SH7093060,Clean & Clear Tăng cường PA++++ Sunscreen,69000,4.8,9,13,6,4
SYSN10001372,SH4776538,Vaseline Cấp nước Balm Cleanser,94000,4.6,164,293,34,1
SYSN10001373,SH5838680,St. Ives Cấp nước SPF 30 Sunscreen,84000,4.5,25,12,30,4
SYSN10001374,SH8017399,Cosrx Cấp nước Daily Sunscreen,421000,4.6,388,432,8,4
SYSN10001375,SH1383084,CeraVe Cấp nước Low pH Cleanser,317000,4.4,274,270,4,1
SYSN10001376,SH7532030,Cosrx Nhẹ nhàng Gel Cleanser,413000,4.6,468,621,8,1
SYSN10001377,SH4351841,Bioderma Thiên nhiên Barrier Repair Moisturizer,306000,4.6,7,6,3,2
SYSN10001378,SH8443265,Innisfree Sáng da Barrier Repair Moisturizer,632000,4.7,376,746,13,2
SYSN10001379,SH8754634,Vaseline Phục hồi SPF 30 Sunscreen,145000,4.7,5,7,34,4
SYSN10001380,SH7464522,Clean & Clear Cao cấp Brightening Toner,103000,4.7,0,0,6,5
SYSN10001381,SH9961899,Simple Chuyên sâu Peptide Serum,146000,4.7,11,17,28,3
SYSN10001382,SH7701313,Sulwhasoo Tăng cường Essence Toner,1075000,4.4,6,9,31,5
SYSN10001383,SH2875419,Cosrx Hiệu quả Micellar Cleanser,159000,4.6,2,3,8,1
SYSN10001384,SH2629498,Paula's Choice Làm dịu Foam Cleanser,363000,4.2,7,6,22,1
SYSN10001385,SH8460359,L'Oreal Làm dịu PA++++ Sunscreen,148000,4.7,943,939,16,4
SYSN10001386,SH5839059,Some By Mi Kiểm soát nhờn Retinol Serum,351000,4.7,283,152,29,3
SYSN10001387,SH8379665,Anessa Làm mềm PA++++ Sunscreen,270000,4.5,12,18,1,4
SYSN10001388,SH4823830,Estee Lauder Chuyên sâu Hydrating Toner,1742000,4.6,97,52,9,5
SYSN10001389,SH9670766,Neutrogena Nhẹ nhàng Water Resistant Sunscreen,417000,4.8,461,511,20,4
SYSN10001390,SH9780144,Anessa Tăng cường Peptide Serum,323000,4.6,614,651,1,3
SYSN10001391,SH2086368,Anessa Dưỡng ẩm Niacinamide Serum,510000,5.0,38,38,1,3
SYSN10001392,SH8706139,Cosrx Làm mềm Hyaluronic Acid Serum,341000,4.6,72,97,8,3
SYSN10001393,SH1550972,L'Oreal Chuyên sâu Hyaluronic Acid Serum,117000,4.7,201,220,16,3
SYSN10001394,SH9773624,CeraVe Làm mềm SPF 50+ Sunscreen,406000,4.4,80,69,4,4
SYSN10001395,SH1674994,L'Oreal Chống lão hóa Brightening Toner,77000,4.6,165,324,16,5
SYSN10001396,SH6079484,Simple Kiểm soát nhờn Retinol Serum,190000,5.0,1,0,28,3
SYSN10001397,SH2225651,Innisfree Tăng cường Gel Cleanser,242000,4.5,1,0,13,1
SYSN10001398,SH6032509,The Face Shop Làm mềm Peptide Serum,532000,4.8,87,117,32,3
SYSN10001399,SH8654679,Laneige Sáng da Gel Moisturizer,1712000,4.1,7,13,18,2
SYSN10001400,SH9626848,Rovectin Làm mềm Water Resistant Sunscreen,266000,4.6,34,31,24,4
SYSN10001401,SH6180871,Cetaphil Kiểm soát nhờn Peptide Serum,602000,4.7,39,56,5,3
SYSN10001402,SH9317941,Some By Mi Làm mềm Pore Care Toner,361000,4.8,21,15,29,5
SYSN10001403,SH4064453,Innisfree Kiểm soát nhờn Daily Sunscreen,205000,4.2,12,9,13,4
SYSN10001404,SH2726662,Neutrogena Làm mềm Peptide Serum,342000,4.8,8,12,20,3
SYSN10001405,SH3881944,Anessa Hiệu quả Oil Cleanser,307000,4.1,1241,2207,1,1
SYSN10001406,SH5519499,Beauty of Joseon VN Hiệu quả Niacinamide Serum,387000,4.7,78,65,2,3
SYSN10001407,SH6938019,Vaseline Nhẹ nhàng Lotion Moisturizer,129000,4.9,158,275,34,2
SYSN10001408,SH7858320,Hada Labo Dưỡng ẩm Tint Sunscreen,388000,4.4,4,4,11,4
SYSN10001409,SH5945871,Bioderma Làm dịu Daily Sunscreen,473000,4.6,105,183,3,4
SYSN10001410,SH4606763,The Face Shop Hiệu quả SPF 30 Sunscreen,537000,4.2,69,98,32,4
SYSN10001411,SH8883139,The Ordinary Nhẹ nhàng Niacinamide Serum,552000,4.5,85,163,33,3
SYSN10001412,SH7291774,St. Ives Sáng da Balm Cleanser,64000,4.4,35,20,30,1
SYSN10001413,SH3252923,Innisfree Làm mềm SPF 50+ Sunscreen,321000,4.8,744,1355,13,4
SYSN10001414,SH4355347,Garnier Làm dịu Eye Cream Moisturizer,126000,4.5,35,46,10,2
SYSN10001415,SH5889205,Rovectin Cao cấp Water Resistant Sunscreen,245000,4.7,244,374,24,4
SYSN10001416,SH7060427,Shiseido VN Cao cấp Hydrating Toner,1373000,4.5,7,13,27,5
SYSN10001417,SH4338417,Innisfree Tăng cường Lotion Moisturizer,444000,4.4,13,19,13,2
SYSN10001418,SH8169423,Senka Cấp nước AHA/BHA Serum,175000,4.6,1534,1678,26,3
SYSN10001419,SH1538280,The Face Shop Cấp nước Peptide Serum,600000,4.7,1,1,32,3
SYSN10001420,SH2545911,Cetaphil Trắng sáng Low pH Cleanser,229000,4.9,2,3,5,1
SYSN10001421,SH4202560,Cosrx Sáng da Niacinamide Serum,459000,4.6,142,231,8,3
SYSN10001422,SH6701061,Anessa Chống lão hóa Essence Toner,191000,4.2,62,73,1,5
SYSN10001423,SH7542233,Some By Mi Dưỡng ẩm Hydrating Toner,209000,4.1,1,0,29,5
SYSN10001424,SH8679826,Bioderma Kiểm soát nhờn PA++++ Sunscreen,269000,4.5,32,47,3,4
SYSN10001425,SH3487789,Shiseido VN Phục hồi Exfoliating Toner,616000,4.2,8,6,27,5
SYSN10001426,SH2162105,Senka Tăng cường Peptide Serum,133000,4.7,4,3,26,3
SYSN10001427,SH4644612,Neutrogena Phục hồi Hyaluronic Acid Serum,364000,4.1,42,69,20,3
SYSN10001428,SH8448286,Cocoon Dưỡng ẩm Night Cream Moisturizer,317000,4.7,111,199,7,2
SYSN10001429,SH3091268,Bioderma Sáng da Niacinamide Serum,578000,4.4,31,19,3,3
SYSN10001430,SH9205877,Simple Trắng sáng Gel Moisturizer,90000,4.7,4,6,28,2
SYSN10001431,SH9019156,Bioderma Tăng cường Eye Cream Moisturizer,258000,4.5,162,143,3,2
SYSN10001432,SH7046381,Sulwhasoo Tăng cường SPF 50+ Sunscreen,775000,4.5,60,115,31,4
SYSN10001433,SH7537849,L'Oreal Chuyên sâu Cream Moisturizer,124000,4.9,16,29,16,2
SYSN10001434,SH1155591,Vaseline Chống lão hóa Gel Moisturizer,68000,5.0,135,93,34,2
SYSN10001435,SH5917143,Senka Cao cấp Foam Cleanser,42000,4.9,33,34,26,1
SYSN10001436,SH4046988,The Face Shop Hiệu quả AHA/BHA Serum,296000,4.3,64,67,32,3
SYSN10001437,SH5449004,Neutrogena Thiên nhiên Hyaluronic Acid Serum,532000,4.7,23,32,20,3
SYSN10001438,SH7839304,Laneige Thiên nhiên Retinol Serum,3186000,4.9,14,7,18,3
SYSN10001439,SH4736280,Anessa Thiên nhiên Micellar Cleanser,321000,4.4,27,17,1,1
SYSN10001440,SH3254948,Hada Labo Làm mềm Eye Cream Moisturizer,460000,4.4,48,85,11,2
SYSN10001441,SH7133460,Neutrogena Kiểm soát nhờn Daily Sunscreen,242000,4.8,36,69,20,4
SYSN10001442,SH3177810,Klairs Kiểm soát nhờn Retinol Serum,397000,4.4,18,30,15,3
SYSN10001443,SH5190592,Clean & Clear Trắng sáng Balm Cleanser,62000,5.0,46,38,6,1
SYSN10001444,SH5474917,Innisfree Kiểm soát nhờn Balm Cleanser,129000,4.8,4,6,13,1
SYSN10001445,SH1805615,Senka Chuyên sâu Tint Sunscreen,104000,4.7,3,5,26,4
SYSN10001446,SH9066089,Paula's Choice Dưỡng ẩm Hyaluronic Acid Serum,353000,4.6,4,4,22,3
SYSN10001447,SH5409130,Clean & Clear Làm mềm Foam Cleanser,48000,4.8,6,7,6,1
SYSN10001448,SH6720745,Vaseline Làm dịu Retinol Serum,96000,4.3,103,176,34,3
SYSN10001449,SH7130767,Vaseline Trắng sáng Micellar Cleanser,101000,4.6,52,59,34,1
SYSN10001450,SH5961248,Laneige Kiểm soát nhờn Gel Cleanser,1191000,4.5,21,14,18,1
SYSN10001451,SH7669918,Cosrx Chống lão hóa Water Resistant Sunscreen,423000,5.0,16,27,8,4
SYSN10001452,SH9817680,Senka Tăng cường AHA/BHA Serum,154000,4.7,13,18,26,3
SYSN10001453,SH9906521,The Face Shop Nhẹ nhàng Exfoliating Toner,295000,4.8,35,26,32,5
SYSN10001454,SH8113803,L'Oreal Chống lão hóa Low pH Cleanser,102000,4.8,15,26,16,1
SYSN10001455,SH8995112,Hasaki Cấp nước Eye Cream Moisturizer,251000,4.9,65,78,12,2
SYSN10001456,SH4502324,Estee Lauder Làm dịu Barrier Repair Moisturizer,2373000,4.5,14,26,9,2
SYSN10001457,SH3688598,Sulwhasoo Cao cấp Night Cream Moisturizer,2081000,4.5,142,233,31,2
SYSN10001458,SH6878859,Clean & Clear Cao cấp Exfoliating Toner,126000,4.6,83,50,6,5
SYSN10001459,SH5621624,The Ordinary Chuyên sâu Gel Moisturizer,414000,4.3,9,14,33,2
SYSN10001460,SH4895353,Cosrx Làm mềm Peptide Serum,291000,4.9,23,34,8,3
SYSN10001461,SH5565127,St. Ives Tăng cường AHA/BHA Serum,109000,4.6,45,86,30,3
SYSN10001462,SH9175606,Rovectin Chống lão hóa Pore Care Toner,436000,4.7,2,3,24,5
SYSN10001463,SH9296866,Ohui VN Phục hồi Hyaluronic Acid Serum,1251000,4.8,138,242,21,3
SYSN10001464,SH5222335,Estee Lauder Làm dịu AHA/BHA Serum,1300000,4.7,43,62,9,3
SYSN10001465,SH9146156,Cetaphil Nhẹ nhàng Gel Cleanser,253000,4.6,31,26,5,1
SYSN10001466,SH7305252,Simple Làm mềm Low pH Cleanser,41000,5.0,99,139,28,1
SYSN10001467,SH5003283,CeraVe Hiệu quả Vitamin C Serum,662000,4.8,419,436,4,3
SYSN10001468,SH8386086,Hada Labo Tăng cường Cream Moisturizer,262000,4.7,40,71,11,2
SYSN10001469,SH8244357,Kiehl's VN Hiệu quả Low pH Cleanser,1525000,4.7,4,6,14,1
SYSN10001470,SH1476046,SK-II Hiệu quả Oil Cleanser,1561000,5.0,77,122,25,1
SYSN10001471,SH8687397,Bioderma Tăng cường Essence Toner,281000,4.6,674,1043,3,5
SYSN10001472,SH6400269,The Face Shop Chuyên sâu Pore Care Toner,280000,4.7,32,51,32,5
SYSN10001473,SH4818006,Simple Kiểm soát nhờn Pore Care Toner,74000,4.2,18,17,28,5
SYSN10001474,SH4123785,Sulwhasoo Chuyên sâu Night Cream Moisturizer,1256000,4.7,5,8,31,2
SYSN10001475,SH3671224,Cetaphil Hiệu quả Hydrating Toner,216000,4.8,1120,2171,5,5
SYSN10001476,SH3984802,The Face Shop Làm dịu Peptide Serum,425000,4.8,2,2,32,3
SYSN10001477,SH6707004,Sulwhasoo Nhẹ nhàng Retinol Serum,3330000,4.0,424,550,31,3
SYSN10001478,SH4771935,Estee Lauder Tăng cường Cream Moisturizer,2336000,4.5,11,12,9,2
SYSN10001479,SH4673793,Pond's Cao cấp Foam Cleanser,92000,4.2,144,124,23,1
SYSN10001480,SH9107980,Some By Mi Cao cấp Gel Cleanser,158000,5.0,15,26,29,1
SYSN10001481,SH7704457,Hada Labo Sáng da Balm Cleanser,223000,4.4,144,207,11,1
SYSN10001482,SH7211403,Vaseline Cấp nước Hyaluronic Acid Serum,72000,4.7,54,56,34,3
SYSN10001483,SH3160312,The Ordinary Phục hồi Low pH Cleanser,307000,4.9,0,0,33,1
SYSN10001484,SH4757489,Klairs Nhẹ nhàng PA++++ Sunscreen,341000,4.5,13,15,15,4
SYSN10001485,SH1371031,St. Ives Chống lão hóa Vitamin C Serum,153000,4.5,37,49,30,3
SYSN10001486,SH5632027,Anessa Trắng sáng Hyaluronic Acid Serum,682000,4.6,403,545,1,3
SYSN10001487,SH8585176,Anessa Chuyên sâu Foam Cleanser,137000,4.1,69,66,1,1
SYSN10001488,SH6275739,The Face Shop Hiệu quả SPF 30 Sunscreen,329000,4.4,7,12,32,4
SYSN10001489,SH2067513,Cosrx Sáng da Essence Toner,295000,4.7,118,152,8,5
SYSN10001490,SH4040670,Kiehl's VN Cao cấp Retinol Serum,978000,4.8,167,90,14,3
SYSN10001491,SH7837960,Sulwhasoo Cấp nước AHA/BHA Serum,3240000,4.3,28,30,31,3
SYSN10001492,SH5228095,Neutrogena Thiên nhiên Brightening Toner,266000,4.2,5,6,20,5
SYSN10001493,SH2577526,Rovectin Làm mềm PA++++ Sunscreen,589000,4.4,861,1107,24,4
SYSN10001494,SH1029006,Cocoon Chống lão hóa Gel Cleanser,162000,4.9,989,1924,7,1
SYSN10001495,SH7288704,Some By Mi Sáng da Peptide Serum,420000,4.6,89,159,29,3
SYSN10001496,SH3594951,The Face Shop Trắng sáng Micellar Cleanser,275000,4.6,65,90,32,1
SYSN10001497,SH1650524,Garnier Dưỡng ẩm Night Cream Moisturizer,80000,4.7,21,39,10,2
SYSN10001498,SH9698799,Cocoon Sáng da Gel Moisturizer,299000,4.5,110,82,7,2
SYSN10001499,SH7523750,Klairs Thiên nhiên Niacinamide Serum,465000,4.4,93,155,15,3
SYSN10001500,SH7782771,Cetaphil Phục hồi Oil Cleanser,306000,4.3,23,12,5,1
SYSN10001501,SH9721531,Rovectin Trắng sáng Eye Cream Moisturizer,372000,4.8,13,8,24,2
SYSN10001502,SH4371081,The Face Shop Chuyên sâu Eye Cream Moisturizer,175000,4.4,48,44,32,2
SYSN10001503,SH2382256,Rovectin Cấp nước Brightening Toner,366000,4.8,9,11,24,5
SYSN10001504,SH1924685,Hada Labo Hiệu quả PA++++ Sunscreen,519000,4.5,7,9,11,4
SYSN10001505,SH3908477,Klairs Kiểm soát nhờn Eye Cream Moisturizer,231000,4.6,42,61,15,2
SYSN10001506,SH8278024,Beauty of Joseon VN Dưỡng ẩm Peptide Serum,238000,5.0,23,36,2,3
SYSN10001507,SH4115619,Some By Mi Làm mềm Vitamin C Serum,469000,4.3,38,69,29,3
SYSN10001508,SH1758898,Bioderma Dưỡng ẩm Peptide Serum,514000,4.8,2,3,3,3
SYSN10001509,SH6549075,Cocoon Cao cấp Low pH Cleanser,89000,5.0,125,247,7,1
SYSN10001510,SH5130100,Beauty of Joseon VN Sáng da Retinol Serum,368000,4.4,94,134,2,3
SYSN10001511,SH5573719,Pond's Nhẹ nhàng Barrier Repair Moisturizer,80000,4.3,8,8,23,2
SYSN10001512,SH1174981,Bioderma Làm dịu Brightening Toner,268000,5.0,20,28,3,5
SYSN10001513,SH2918984,Rovectin Chuyên sâu Gel Cleanser,284000,4.5,82,55,24,1
SYSN10001514,SH7680763,Neutrogena Thiên nhiên AHA/BHA Serum,516000,4.8,255,236,20,3
SYSN10001515,SH9354503,Cosrx Trắng sáng Exfoliating Toner,263000,4.5,23,18,8,5
SYSN10001516,SH2402709,Paula's Choice Chống lão hóa Tint Sunscreen,402000,4.7,131,215,22,4
SYSN10001517,SH9449329,Anessa Chuyên sâu SPF 50+ Sunscreen,239000,4.9,6,9,1,4
SYSN10001518,SH5207762,Klairs Tăng cường Retinol Serum,449000,4.6,136,256,15,3
SYSN10001519,SH2067859,Clean & Clear Kiểm soát nhờn Hyaluronic Acid Serum,220000,4.3,42,35,6,3
SYSN10001520,SH5123439,Senka Cao cấp SPF 50+ Sunscreen,120000,5.0,19,26,26,4
SYSN10001521,SH7877386,Cetaphil Trắng sáng AHA/BHA Serum,293000,4.5,32,40,5,3
SYSN10001522,SH2741350,Vaseline Thiên nhiên Exfoliating Toner,47000,4.9,75,114,34,5
SYSN10001523,SH4766788,Sulwhasoo Cao cấp Vitamin C Serum,2931000,4.8,41,67,31,3
SYSN10001524,SH5739034,Laneige Cấp nước Low pH Cleanser,1333000,4.3,29,44,18,1
SYSN10001525,SH8633369,Innisfree Chuyên sâu Lotion Moisturizer,347000,5.0,423,515,13,2
SYSN10001526,SH7517139,Anessa Chống lão hóa Low pH Cleanser,279000,4.8,643,1285,1,1
SYSN10001527,SH4808186,Neutrogena Cấp nước Brightening Toner,290000,4.1,20,39,20,5
SYSN10001528,SH8588532,Hada Labo Làm mềm Oil Cleanser,257000,4.3,119,138,11,1
SYSN10001529,SH5127314,Hada Labo Phục hồi Water Resistant Sunscreen,221000,4.2,17,14,11,4
SYSN10001530,SH8774158,Shiseido VN Thiên nhiên Hyaluronic Acid Serum,2396000,4.7,460,608,27,3
SYSN10001531,SH8588667,Anessa Chuyên sâu Balm Cleanser,214000,5.0,9,8,1,1
SYSN10001532,SH9682223,The Face Shop Cấp nước AHA/BHA Serum,282000,4.9,885,1015,32,3
SYSN10001533,SH3614824,Rovectin Chuyên sâu Low pH Cleanser,351000,5.0,80,116,24,1
SYSN10001534,SH9165219,Cetaphil Hiệu quả Exfoliating Toner,213000,3.9,68,66,5,5
SYSN10001535,SH1360140,Shiseido VN Trắng sáng Essence Toner,1575000,4.1,10,5,27,5
SYSN10001536,SH6160031,Cetaphil Phục hồi Exfoliating Toner,158000,4.7,14,24,5,5
SYSN10001537,SH5861048,Innisfree Chống lão hóa Barrier Repair Moisturizer,282000,4.6,67,63,13,2
SYSN10001538,SH3655504,Hada Labo Cấp nước Eye Cream Moisturizer,211000,4.7,73,98,11,2
SYSN10001539,SH8464248,Bioderma Chống lão hóa Low pH Cleanser,192000,4.8,61,39,3,1
SYSN10001540,SH7079798,Innisfree Sáng da Cream Moisturizer,232000,5.0,24,45,13,2
SYSN10001541,SH6700506,Beauty of Joseon VN Tăng cường Peptide Serum,535000,4.6,240,475,2,3
SYSN10001542,SH4307323,Clean & Clear Thiên nhiên Vitamin C Serum,148000,4.9,319,619,6,3
SYSN10001543,SH8008491,Cocoon Dưỡng ẩm Brightening Toner,105000,4.8,1,1,7,5
SYSN10001544,SH6344676,The Face Shop Làm mềm Vitamin C Serum,391000,4.6,11,20,32,3
SYSN10001545,SH5577437,Innisfree Dưỡng ẩm Hyaluronic Acid Serum,301000,5.0,23,37,13,3
SYSN10001546,SH1322326,Some By Mi Dưỡng ẩm Balm Cleanser,233000,4.6,85,81,29,1
SYSN10001547,SH7153780,Rovectin Tăng cường Tint Sunscreen,408000,4.4,30,51,24,4
SYSN10001548,SH9201213,SK-II Phục hồi Pore Care Toner,1970000,4.6,87,80,25,5
SYSN10001549,SH3156305,Vaseline Dưỡng ẩm SPF 50+ Sunscreen,216000,4.6,120,205,34,4
SYSN10001550,SH2466111,Anessa Hiệu quả Retinol Serum,406000,4.9,0,0,1,3
SYSN10001551,SH8730320,Simple Cao cấp AHA/BHA Serum,144000,5.0,597,863,28,3
SYSN10001552,SH2361565,Senka Thiên nhiên Foam Cleanser,81000,5.0,0,0,26,1
SYSN10001553,SH2332311,Rovectin Nhẹ nhàng Vitamin C Serum,342000,4.9,23,24,24,3
SYSN10001554,SH5832903,St. Ives Làm mềm Retinol Serum,182000,4.3,121,193,30,3
SYSN10001555,SH5416796,The Face Shop Phục hồi Gel Moisturizer,189000,4.5,88,62,32,2
SYSN10001556,SH4820432,Simple Hiệu quả Lotion Moisturizer,148000,4.6,23,17,28,2
SYSN10001557,SH6784096,Pond's Cao cấp Micellar Cleanser,64000,4.6,127,203,23,1
SYSN10001558,SH2033804,Hasaki Trắng sáng Foam Cleanser,129000,4.7,3794,2254,12,1
SYSN10001559,SH2480282,Clean & Clear Dưỡng ẩm Brightening Toner,134000,4.8,154,150,6,5
SYSN10001560,SH6353005,Simple Cao cấp Low pH Cleanser,76000,4.7,25,29,28,1
SYSN10001561,SH4827078,Vaseline Phục hồi Daily Sunscreen,89000,4.7,173,238,34,4
SYSN10001562,SH8791214,Innisfree Làm mềm Tint Sunscreen,383000,4.6,162,190,13,4
SYSN10001563,SH3506246,Some By Mi Cấp nước Hydrating Toner,191000,4.6,65,71,29,5
SYSN10001564,SH2591255,Garnier Phục hồi Exfoliating Toner,103000,4.3,126,66,10,5
SYSN10001565,SH5658522,Innisfree Cao cấp Hyaluronic Acid Serum,502000,5.0,136,114,13,3
SYSN10001566,SH2778577,Anessa Tăng cường Essence Toner,266000,4.8,29,17,1,5
SYSN10001567,SH4630654,Bioderma Hiệu quả Tint Sunscreen,513000,4.2,32,35,3,4
SYSN10001568,SH3044259,Rovectin Cấp nước Water Resistant Sunscreen,330000,4.6,6,8,24,4
SYSN10001569,SH1297120,Anessa Trắng sáng Tint Sunscreen,296000,4.6,13,15,1,4
SYSN10001570,SH8989103,Bioderma Chuyên sâu Hyaluronic Acid Serum,416000,4.3,288,483,3,3
SYSN10001571,SH4840752,Bioderma Hiệu quả Micellar Cleanser,245000,4.7,228,356,3,1
SYSN10001572,SH9572494,Klairs Tăng cường Essence Toner,298000,4.9,22,40,15,5
SYSN10001573,SH5462862,The Face Shop Thiên nhiên Peptide Serum,216000,4.5,21,12,32,3
SYSN10001574,SH5137020,Garnier Làm mềm Vitamin C Serum,196000,4.7,50,41,10,3
SYSN10001575,SH6270869,Garnier Làm mềm PA++++ Sunscreen,124000,4.5,2,2,10,4
SYSN10001576,SH4270602,Simple Nhẹ nhàng Essence Toner,149000,4.4,38,48,28,5
SYSN10001577,SH5967790,Some By Mi Chống lão hóa Retinol Serum,254000,4.8,93,50,29,3
SYSN10001578,SH7409222,Laneige Làm mềm Exfoliating Toner,1789000,5.0,2112,2815,18,5
SYSN10001579,SH8605673,Estee Lauder Nhẹ nhàng Exfoliating Toner,835000,4.8,24,22,9,5
SYSN10001580,SH7187806,La Roche-Posay Làm mềm Water Resistant Sunscreen,451000,4.9,0,0,17,4
SYSN10001581,SH1579384,Cetaphil Sáng da Hyaluronic Acid Serum,490000,4.5,1,1,5,3
SYSN10001582,SH2071693,La Roche-Posay Làm mềm Exfoliating Toner,224000,5.0,254,480,17,5
SYSN10001583,SH6673350,Bioderma Tăng cường Hyaluronic Acid Serum,526000,4.6,33,20,3,3
SYSN10001584,SH7643612,Some By Mi Hiệu quả AHA/BHA Serum,259000,4.6,75,115,29,3
SYSN10001585,SH5014206,Anessa Phục hồi Hyaluronic Acid Serum,306000,4.3,6,3,1,3
SYSN10001586,SH4903481,L'Oreal Phục hồi Vitamin C Serum,99000,4.2,7,13,16,3
SYSN10001587,SH5859342,Rovectin Kiểm soát nhờn SPF 50+ Sunscreen,210000,4.3,14,17,24,4
SYSN10001588,SH4850471,Some By Mi Phục hồi Gel Cleanser,227000,4.5,70,96,29,1
SYSN10001589,SH4569828,Cetaphil Cấp nước Exfoliating Toner,330000,4.8,16,11,5,5
SYSN10001590,SH3682061,Pond's Cấp nước Balm Cleanser,57000,4.3,32,56,23,1
SYSN10001591,SH8577425,Neutrogena Làm dịu Daily Sunscreen,179000,4.5,22,11,20,4
SYSN10001592,SH7500366,Hada Labo Dưỡng ẩm Gel Cleanser,209000,4.8,9,15,11,1
SYSN10001593,SH6089714,Pond's Thiên nhiên Exfoliating Toner,98000,4.2,21,21,23,5
SYSN10001594,SH1207372,Neutrogena Làm dịu Gel Cleanser,177000,5.0,33,27,20,1
SYSN10001595,SH3772557,Hada Labo Cấp nước Tint Sunscreen,274000,3.9,10,18,11,4
SYSN10001596,SH1004542,L'Oreal Thiên nhiên Gel Cleanser,133000,4.8,99,176,16,1
SYSN10001597,SH3675751,Cocoon Nhẹ nhàng Brightening Toner,127000,4.4,40,25,7,5
SYSN10001598,SH8004270,Shiseido VN Làm dịu Gel Cleanser,625000,4.7,6,8,27,1
SYSN10001599,SH1509483,The Ordinary Trắng sáng Retinol Serum,420000,4.8,12,21,33,3
SYSN10001600,SH5582437,Paula's Choice Nhẹ nhàng Peptide Serum,459000,4.9,34,30,22,3
SYSN10001601,SH7332141,Garnier Chuyên sâu Tint Sunscreen,84000,5.0,9,4,10,4
SYSN10001602,SH2057136,Some By Mi Chuyên sâu Essence Toner,165000,4.8,6,11,29,5
SYSN10001603,SH4155287,Neutrogena Cao cấp PA++++ Sunscreen,223000,4.6,15,12,20,4
SYSN10001604,SH4884275,Clean & Clear Làm mềm AHA/BHA Serum,117000,4.8,20,31,6,3
SYSN10001605,SH7262388,Innisfree Chống lão hóa Water Resistant Sunscreen,463000,4.8,449,668,13,4
SYSN10001606,SH7242968,SK-II Cấp nước Balm Cleanser,882000,4.6,21,25,25,1
SYSN10001607,SH8242914,St. Ives Tăng cường Tint Sunscreen,109000,4.7,0,0,30,4
SYSN10001608,SH3756096,Shiseido VN Cao cấp Peptide Serum,2734000,4.4,27,49,27,3
SYSN10001609,SH3674757,Murad VN Chuyên sâu Eye Cream Moisturizer,1053000,4.5,86,152,19,2
SYSN10001610,SH2877034,Clean & Clear Thiên nhiên Night Cream Moisturizer,148000,5.0,98,194,6,2
SYSN10001611,SH4804776,Neutrogena Chống lão hóa Low pH Cleanser,332000,4.6,48,73,20,1
SYSN10001612,SH7590085,Vaseline Kiểm soát nhờn Niacinamide Serum,277000,4.5,25,20,34,3
SYSN10001613,SH3612232,Simple Làm mềm Daily Sunscreen,59000,4.1,7,12,28,4
SYSN10001614,SH6143155,Simple Nhẹ nhàng Vitamin C Serum,245000,5.0,36,31,28,3
SYSN10001615,SH1272126,Cosrx Dưỡng ẩm Exfoliating Toner,148000,4.8,11,6,8,5
SYSN10001616,SH8078601,Simple Trắng sáng Niacinamide Serum,187000,4.6,34,65,28,3
SYSN10001617,SH8189437,Cetaphil Làm dịu Retinol Serum,365000,4.4,41,58,5,3
SYSN10001618,SH6897140,Laneige Tăng cường Oil Cleanser,1123000,4.2,15,8,18,1
SYSN10001619,SH6889724,The Face Shop Nhẹ nhàng Night Cream Moisturizer,416000,4.7,39,75,32,2
SYSN10001620,SH5230482,Innisfree Làm mềm Cream Moisturizer,315000,4.8,150,197,13,2
SYSN10001621,SH8873203,Simple Phục hồi Hydrating Toner,128000,4.7,36,19,28,5
SYSN10001622,SH3153928,Murad VN Dưỡng ẩm Essence Toner,1654000,4.5,21,29,19,5
SYSN10001623,SH7512547,Cosrx Làm dịu Niacinamide Serum,452000,5.0,255,434,8,3
SYSN10001624,SH8578703,Cosrx Chống lão hóa Brightening Toner,490000,4.5,123,115,8,5
SYSN10001625,SH9089070,Cosrx Phục hồi SPF 50+ Sunscreen,305000,4.9,20,24,8,4
SYSN10001626,SH4064824,Garnier Làm dịu Essence Toner,86000,5.0,208,173,10,5
SYSN10001627,SH3758732,Innisfree Trắng sáng Essence Toner,234000,4.3,186,131,13,5
SYSN10001628,SH7178852,Hada Labo Thiên nhiên Peptide Serum,400000,4.6,24,34,11,3
SYSN10001629,SH2463693,The Face Shop Trắng sáng SPF 50+ Sunscreen,307000,4.6,442,395,32,4
SYSN10001630,SH1404486,Bioderma Trắng sáng SPF 30 Sunscreen,486000,4.5,15,11,3,4
SYSN10001631,SH2121034,The Face Shop Làm mềm Micellar Cleanser,178000,4.3,0,0,32,1
SYSN10001632,SH3234973,La Roche-Posay Làm dịu Foam Cleanser,283000,4.9,83,134,17,1
SYSN10001633,SH9900636,Some By Mi Làm dịu Daily Sunscreen,253000,4.6,7,3,29,4
SYSN10001634,SH9024130,Kiehl's VN Làm mềm Barrier Repair Moisturizer,1196000,4.7,43,52,14,2
SYSN10001635,SH9554163,Simple Cao cấp SPF 30 Sunscreen,145000,4.7,496,356,28,4
SYSN10001636,SH7937523,Ohui VN Hiệu quả Low pH Cleanser,1530000,4.7,199,350,21,1
SYSN10001637,SH6376889,Some By Mi Cao cấp Vitamin C Serum,482000,5.0,3,5,29,3
SYSN10001638,SH3136181,Beauty of Joseon VN Nhẹ nhàng Foam Cleanser,168000,4.5,8,9,2,1
SYSN10001639,SH5825591,Shiseido VN Kiểm soát nhờn Water Resistant Sunscreen,1952000,4.9,130,161,27,4
SYSN10001640,SH1670225,The Face Shop Hiệu quả Foam Cleanser,182000,4.7,4,4,32,1
SYSN10001641,SH6487622,Vaseline Sáng da Water Resistant Sunscreen,132000,4.6,36,67,34,4
SYSN10001642,SH9215392,Garnier Nhẹ nhàng SPF 50+ Sunscreen,121000,4.3,53,104,10,4
SYSN10001643,SH9615400,Estee Lauder Sáng da Micellar Cleanser,444000,4.7,74,62,9,1
SYSN10001644,SH7904482,Neutrogena Kiểm soát nhờn Hyaluronic Acid Serum,707000,4.5,199,182,20,3
SYSN10001645,SH5949535,Klairs Hiệu quả Foam Cleanser,198000,5.0,86,67,15,1
SYSN10001646,SH3909431,Bioderma Kiểm soát nhờn Pore Care Toner,287000,4.7,30,20,3,5
SYSN10001647,SH9337532,Rovectin Thiên nhiên Retinol Serum,391000,4.7,162,172,24,3
SYSN10001648,SH2208802,Beauty of Joseon VN Làm dịu Exfoliating Toner,283000,4.6,3214,2824,2,5
SYSN10001649,SH9305654,Cosrx Thiên nhiên Micellar Cleanser,364000,4.8,104,122,8,1
SYSN10001650,SH9213447,Hada Labo Cấp nước Essence Toner,199000,4.5,47,65,11,5
SYSN10001651,SH2179102,The Ordinary Dưỡng ẩm SPF 50+ Sunscreen,225000,4.4,80,73,33,4
SYSN10001652,SH2004617,Clean & Clear Sáng da AHA/BHA Serum,138000,4.8,141,72,6,3
SYSN10001653,SH5475083,Hada Labo Sáng da Foam Cleanser,152000,4.7,14,26,11,1
SYSN10001654,SH7430237,SK-II Hiệu quả Retinol Serum,3229000,4.9,61,49,25,3
SYSN10001655,SH5130432,Estee Lauder Trắng sáng Cream Moisturizer,1933000,3.9,83,146,9,2
SYSN10001656,SH1053156,Anessa Trắng sáng PA++++ Sunscreen,223000,4.5,8,6,1,4
SYSN10001657,SH2375683,Hada Labo Trắng sáng Foam Cleanser,198000,4.6,39,43,11,1
SYSN10001658,SH5558760,Kiehl's VN Dưỡng ẩm Niacinamide Serum,2403000,5.0,274,221,14,3
SYSN10001659,SH7507893,Hasaki Kiểm soát nhờn Tint Sunscreen,116000,4.7,211,370,12,4
SYSN10001660,SH4656231,Clean & Clear Phục hồi Tint Sunscreen,235000,4.3,32,31,6,4
SYSN10001661,SH5094863,Bioderma Dưỡng ẩm Niacinamide Serum,609000,4.8,132,193,3,3
SYSN10001662,SH8319762,SK-II Làm mềm Essence Toner,859000,4.5,19,30,25,5
SYSN10001663,SH3652447,Neutrogena Làm mềm PA++++ Sunscreen,308000,4.5,11,8,20,4
SYSN10001664,SH1804946,Bioderma Tăng cường Oil Cleanser,409000,4.5,11,18,3,1
SYSN10001665,SH5280628,La Roche-Posay Thiên nhiên Eye Cream Moisturizer,222000,4.3,80,94,17,2
SYSN10001666,SH9732674,Anessa Chống lão hóa Hydrating Toner,181000,4.5,85,51,1,5
SYSN10001667,SH3817334,Garnier Cấp nước Niacinamide Serum,126000,4.9,65,55,10,3
SYSN10001668,SH3082677,CeraVe Kiểm soát nhờn Exfoliating Toner,167000,4.4,45,75,4,5
SYSN10001669,SH1146741,The Face Shop Hiệu quả SPF 30 Sunscreen,477000,4.1,61,60,32,4
SYSN10001670,SH8869636,Senka Dưỡng ẩm Retinol Serum,258000,4.5,76,55,26,3
SYSN10001671,SH2843416,Pond's Chống lão hóa Night Cream Moisturizer,65000,4.9,3,4,23,2
SYSN10001672,SH9873352,Sulwhasoo Làm mềm Micellar Cleanser,1204000,4.8,14,23,31,1
SYSN10001673,SH9718383,Hada Labo Chuyên sâu Tint Sunscreen,396000,4.7,10,10,11,4
SYSN10001674,SH9441498,Pond's Chống lão hóa Brightening Toner,125000,4.5,26,46,23,5
SYSN10001675,SH7919142,SK-II Sáng da Vitamin C Serum,3630000,4.4,110,118,25,3
SYSN10001676,SH3469105,Some By Mi Hiệu quả AHA/BHA Serum,338000,4.5,67,78,29,3
SYSN10001677,SH4809627,Estee Lauder Dưỡng ẩm Exfoliating Toner,1285000,4.8,47,87,9,5
SYSN10001678,SH7975966,Vaseline Chống lão hóa Tint Sunscreen,126000,4.6,18,34,34,4
SYSN10001679,SH8802905,Simple Tăng cường Vitamin C Serum,163000,5.0,52,96,28,3
SYSN10001680,SH1679886,Cetaphil Làm mềm Water Resistant Sunscreen,429000,4.5,310,589,5,4
SYSN10001681,SH5523281,The Face Shop Chống lão hóa SPF 50+ Sunscreen,303000,5.0,30,17,32,4
SYSN10001682,SH6820448,Innisfree Làm mềm Balm Cleanser,229000,4.7,43,61,13,1
SYSN10001683,SH9623013,Cosrx Cấp nước Niacinamide Serum,325000,4.3,101,55,8,3
SYSN10001684,SH8379650,Anessa Tăng cường Brightening Toner,319000,4.3,695,1110,1,5
SYSN10001685,SH7616924,L'Oreal Làm dịu Niacinamide Serum,207000,4.3,58,48,16,3
SYSN10001686,SH3544205,Sulwhasoo Hiệu quả Niacinamide Serum,2528000,4.2,4258,4855,31,3
SYSN10001687,SH9097767,Cosrx Làm dịu Cream Moisturizer,294000,4.8,34,57,8,2
SYSN10001688,SH8710913,Rovectin Chuyên sâu Cream Moisturizer,408000,4.6,88,151,24,2
SYSN10001689,SH6546545,Innisfree Sáng da Hydrating Toner,307000,4.2,4,5,13,5
SYSN10001690,SH1372876,Pond's Phục hồi Retinol Serum,119000,4.6,8,9,23,3
SYSN10001691,SH5322520,Hada Labo Làm dịu Eye Cream Moisturizer,321000,4.9,100,65,11,2
SYSN10001692,SH2654187,L'Oreal Thiên nhiên Retinol Serum,129000,4.7,9,13,16,3
SYSN10001693,SH3725382,Klairs Phục hồi SPF 50+ Sunscreen,198000,4.7,0,0,15,4
SYSN10001694,SH7949507,Cocoon Chống lão hóa Brightening Toner,137000,4.6,120,145,7,5
SYSN10001695,SH7649560,Paula's Choice Thiên nhiên Night Cream Moisturizer,524000,5.0,9,12,22,2
SYSN10001696,SH6488547,Klairs Chống lão hóa Hydrating Toner,318000,4.1,207,287,15,5
SYSN10001697,SH2548789,Senka Làm mềm Niacinamide Serum,161000,4.5,66,125,26,3
SYSN10001698,SH7153328,Laneige Làm dịu Retinol Serum,2845000,4.7,0,0,18,3
SYSN10001699,SH1653342,The Ordinary Trắng sáng Micellar Cleanser,247000,4.9,0,0,33,1
SYSN10001700,SH9226877,L'Oreal Cao cấp Oil Cleanser,51000,4.8,51,33,16,1
SYSN10001701,SH5361777,Klairs Làm mềm Gel Cleanser,280000,4.5,19,13,15,1
SYSN10001702,SH3731440,Pond's Chuyên sâu Hyaluronic Acid Serum,155000,4.5,42,64,23,3
SYSN10001703,SH4944744,Rovectin Cấp nước Night Cream Moisturizer,346000,4.5,0,0,24,2
SYSN10001704,SH1985629,Anessa Trắng sáng SPF 50+ Sunscreen,354000,5.0,25,34,1,4
SYSN10001705,SH6582253,Anessa Hiệu quả Hyaluronic Acid Serum,349000,5.0,53,81,1,3
SYSN10001706,SH6075879,Cosrx Nhẹ nhàng Pore Care Toner,273000,4.5,42,80,8,5
SYSN10001707,SH1820610,The Ordinary Trắng sáng PA++++ Sunscreen,439000,4.9,31,16,33,4
SYSN10001708,SH6428764,Rovectin Cao cấp AHA/BHA Serum,500000,4.6,113,132,24,3
SYSN10001709,SH4086368,Cetaphil Cao cấp Eye Cream Moisturizer,306000,4.5,6,3,5,2
SYSN10001710,SH9603094,SK-II Phục hồi Retinol Serum,2316000,4.5,7,9,25,3
SYSN10001711,SH6753964,Some By Mi Tăng cường AHA/BHA Serum,564000,4.6,17,28,29,3
SYSN10001712,SH9472177,The Face Shop Tăng cường Retinol Serum,429000,4.8,28,25,32,3
SYSN10001713,SH1661445,Klairs Hiệu quả Low pH Cleanser,310000,4.8,319,377,15,1
SYSN10001714,SH7833969,Beauty of Joseon VN Dưỡng ẩm PA++++ Sunscreen,356000,4.5,8233,11394,2,4
SYSN10001715,SH4874618,Innisfree Sáng da Pore Care Toner,132000,4.3,9,16,13,5
SYSN10001716,SH5263793,Rovectin Chuyên sâu SPF 30 Sunscreen,248000,4.4,62,67,24,4
SYSN10001717,SH1801342,Innisfree Cấp nước Vitamin C Serum,496000,4.6,58,112,13,3
SYSN10001718,SH1858921,Hada Labo Hiệu quả Hydrating Toner,280000,4.8,12,14,11,5
SYSN10001719,SH6512781,Cosrx Kiểm soát nhờn Oil Cleanser,358000,4.5,57,43,8,1
SYSN10001720,SH2668660,Cetaphil Dưỡng ẩm Niacinamide Serum,453000,5.0,16,11,5,3
SYSN10001721,SH3749908,Clean & Clear Phục hồi Oil Cleanser,147000,4.6,109,113,6,1
SYSN10001722,SH3037439,Simple Cao cấp Gel Moisturizer,117000,4.4,209,371,28,2
SYSN10001723,SH8571416,Pond's Hiệu quả Vitamin C Serum,211000,4.6,56,56,23,3
SYSN10001724,SH2397006,The Face Shop Làm dịu Pore Care Toner,299000,4.4,728,753,32,5
SYSN10001725,SH2449957,Pond's Hiệu quả Peptide Serum,128000,4.4,112,222,23,3
SYSN10001726,SH1499778,The Face Shop Tăng cường Daily Sunscreen,505000,4.6,77,77,32,4
SYSN10001727,SH9110494,Sulwhasoo Sáng da Exfoliating Toner,1068000,4.9,61,101,31,5
SYSN10001728,SH6405853,St. Ives Cấp nước Night Cream Moisturizer,110000,4.8,47,68,30,2
SYSN10001729,SH7250140,Some By Mi Chuyên sâu Vitamin C Serum,496000,4.5,56,82,29,3
SYSN10001730,SH2610232,Kiehl's VN Cao cấp Exfoliating Toner,975000,4.0,54,75,14,5
SYSN10001731,SH6716053,Laneige Nhẹ nhàng Peptide Serum,1898000,5.0,61,41,18,3
SYSN10001732,SH1653284,Neutrogena Làm dịu Brightening Toner,171000,5.0,5,8,20,5
SYSN10001733,SH5708829,Murad VN Chống lão hóa Tint Sunscreen,2015000,4.3,41,41,19,4
SYSN10001734,SH1381383,Innisfree Cấp nước Lotion Moisturizer,320000,5.0,240,129,13,2
SYSN10001735,SH2679778,The Ordinary Sáng da Peptide Serum,583000,4.5,115,120,33,3
SYSN10001736,SH2322696,Cosrx Sáng da Retinol Serum,691000,4.3,507,429,8,3
SYSN10001737,SH5986295,The Face Shop Hiệu quả Essence Toner,306000,4.5,30,55,32,5
SYSN10001738,SH6591284,Some By Mi Trắng sáng Niacinamide Serum,545000,4.8,45,40,29,3
SYSN10001739,SH8872257,Ohui VN Dưỡng ẩm Niacinamide Serum,3236000,4.6,8,13,21,3
SYSN10001740,SH6604644,The Face Shop Trắng sáng Retinol Serum,220000,4.4,173,130,32,3
SYSN10001741,SH3125026,Shiseido VN Phục hồi Oil Cleanser,1330000,4.2,23,17,27,1
SYSN10001742,SH4146566,Rovectin Sáng da Hyaluronic Acid Serum,253000,4.2,11,13,24,3
SYSN10001743,SH6775856,Clean & Clear Làm dịu Water Resistant Sunscreen,133000,4.6,345,242,6,4
SYSN10001744,SH8050191,Bioderma Nhẹ nhàng Cream Moisturizer,331000,4.4,21,18,3,2
SYSN10001745,SH4093012,Paula's Choice Chống lão hóa AHA/BHA Serum,452000,4.4,35,60,22,3
SYSN10001746,SH1781217,Some By Mi Nhẹ nhàng Gel Moisturizer,415000,5.0,78,124,29,2
SYSN10001747,SH2858484,Cosrx Phục hồi AHA/BHA Serum,357000,4.7,34,59,8,3
SYSN10001748,SH3067693,Anessa Hiệu quả AHA/BHA Serum,405000,4.5,622,1121,1,3
SYSN10001749,SH3448055,Pond's Cao cấp SPF 30 Sunscreen,139000,4.4,107,86,23,4
SYSN10001750,SH8339206,Shiseido VN Làm dịu Night Cream Moisturizer,2064000,4.9,9,5,27,2
SYSN10001751,SH4419865,La Roche-Posay Làm dịu Water Resistant Sunscreen,257000,4.6,47,52,17,4
SYSN10001752,SH8624054,Some By Mi Trắng sáng Water Resistant Sunscreen,328000,4.8,1,1,29,4
SYSN10001753,SH3692043,Pond's Làm dịu Tint Sunscreen,106000,5.0,18,21,23,4
SYSN10001754,SH3427531,St. Ives Kiểm soát nhờn Peptide Serum,119000,4.5,38,25,30,3
SYSN10001755,SH2797161,Estee Lauder Trắng sáng Vitamin C Serum,1146000,4.4,65,56,9,3
SYSN10001756,SH3501420,Garnier Dưỡng ẩm Pore Care Toner,68000,4.7,106,205,10,5
SYSN10001757,SH4143578,Klairs Phục hồi Oil Cleanser,300000,4.7,254,168,15,1
SYSN10001758,SH6987578,Neutrogena Chuyên sâu Brightening Toner,266000,4.6,59,38,20,5
SYSN10001759,SH5046113,Some By Mi Làm mềm Hyaluronic Acid Serum,381000,4.5,16,20,29,3
SYSN10001760,SH7890994,Cosrx Phục hồi SPF 30 Sunscreen,270000,4.9,257,462,8,4
SYSN10001761,SH3277024,Cocoon Làm mềm Water Resistant Sunscreen,194000,4.6,98,81,7,4
SYSN10001762,SH5704514,La Roche-Posay Trắng sáng Tint Sunscreen,480000,4.6,330,483,17,4
SYSN10001763,SH5199616,Bioderma Hiệu quả Vitamin C Serum,549000,4.5,2,3,3,3
SYSN10001764,SH3802428,Senka Kiểm soát nhờn Micellar Cleanser,143000,4.6,13,19,26,1
SYSN10001765,SH2488309,L'Oreal Trắng sáng Hyaluronic Acid Serum,135000,4.3,40,50,16,3
SYSN10001766,SH3756401,SK-II Kiểm soát nhờn Oil Cleanser,1016000,4.6,142,76,25,1
SYSN10001767,SH1758400,L'Oreal Phục hồi Foam Cleanser,132000,4.7,23,36,16,1
SYSN10001768,SH3256787,Laneige Phục hồi Niacinamide Serum,2514000,4.6,101,55,18,3
SYSN10001769,SH2061460,Hasaki Chống lão hóa Oil Cleanser,116000,4.3,363,635,12,1
SYSN10001770,SH8052414,Some By Mi Cao cấp Daily Sunscreen,308000,4.6,85,56,29,4
SYSN10001771,SH9728545,Hada Labo Làm dịu Retinol Serum,451000,4.7,46,72,11,3
SYSN10001772,SH9939702,Ohui VN Chống lão hóa Night Cream Moisturizer,886000,4.5,19,28,21,2
SYSN10001773,SH4592792,Innisfree Sáng da PA++++ Sunscreen,296000,4.5,15,28,13,4
SYSN10001774,SH2935210,The Face Shop Cao cấp SPF 50+ Sunscreen,261000,4.5,613,1038,32,4
SYSN10001775,SH3268584,Simple Thiên nhiên Niacinamide Serum,219000,4.8,13,7,28,3
SYSN10001776,SH2244415,L'Oreal Cao cấp Eye Cream Moisturizer,229000,4.5,52,44,16,2
SYSN10001777,SH3991546,Neutrogena Chống lão hóa Water Resistant Sunscreen,340000,4.7,11,6,20,4
SYSN10001778,SH3480045,Paula's Choice Kiểm soát nhờn Essence Toner,239000,4.6,41,58,22,5
SYSN10001779,SH6665355,Cetaphil Cao cấp Hydrating Toner,283000,4.7,6,3,5,5
SYSN10001780,SH2403142,Senka Dưỡng ẩm AHA/BHA Serum,70000,4.7,18,17,26,3
SYSN10001781,SH7233398,St. Ives Làm mềm Vitamin C Serum,145000,4.8,1,0,30,3
SYSN10001782,SH2932023,The Ordinary Cấp nước Lotion Moisturizer,256000,4.6,1,1,33,2
SYSN10001783,SH8999013,Anessa Sáng da SPF 30 Sunscreen,483000,4.9,100,93,1,4
SYSN10001784,SH7366035,Neutrogena Tăng cường Essence Toner,195000,4.6,32,38,20,5
SYSN10001785,SH5120699,La Roche-Posay Thiên nhiên PA++++ Sunscreen,295000,4.7,59,62,17,4
SYSN10001786,SH3062630,Pond's Cấp nước Niacinamide Serum,244000,4.8,74,63,23,3
SYSN10001787,SH6203057,Cetaphil Tăng cường Vitamin C Serum,421000,4.3,69,119,5,3
SYSN10001788,SH4488260,Some By Mi Cấp nước Essence Toner,279000,4.9,47,40,29,5
SYSN10001789,SH9821826,Cetaphil Hiệu quả Gel Cleanser,233000,4.8,9,6,5,1
SYSN10001790,SH9868030,CeraVe Cao cấp Hyaluronic Acid Serum,448000,4.6,967,663,4,3
SYSN10001791,SH8946390,Estee Lauder Chống lão hóa Low pH Cleanser,1944000,4.8,22,27,9,1
SYSN10001792,SH5492929,L'Oreal Cấp nước Vitamin C Serum,121000,4.3,52,44,16,3
SYSN10001793,SH6158936,Rovectin Kiểm soát nhờn Retinol Serum,322000,4.2,240,266,24,3
SYSN10001794,SH9863756,Anessa Cao cấp AHA/BHA Serum,547000,4.4,12,13,1,3
SYSN10001795,SH7541115,Innisfree Làm dịu Night Cream Moisturizer,428000,4.6,53,38,13,2
SYSN10001796,SH7191591,Murad VN Nhẹ nhàng SPF 30 Sunscreen,1595000,4.7,332,335,19,4
SYSN10001797,SH7329559,Shiseido VN Làm mềm SPF 50+ Sunscreen,2737000,4.9,3,2,27,4
SYSN10001798,SH4789409,The Face Shop Hiệu quả SPF 50+ Sunscreen,429000,4.9,12,19,32,4
SYSN10001799,SH3252405,Anessa Tăng cường Micellar Cleanser,138000,4.5,4,4,1,1
SYSN10001800,SH5888482,Neutrogena Cao cấp Gel Cleanser,141000,4.0,152,130,20,1
SYSN10001801,SH6286061,L'Oreal Sáng da Lotion Moisturizer,104000,4.8,35,63,16,2
SYSN10001802,SH9828362,Simple Làm mềm Pore Care Toner,66000,4.4,4,4,28,5
SYSN10001803,SH4321723,Murad VN Chuyên sâu AHA/BHA Serum,1663000,5.0,45,55,19,3
SYSN10001804,SH2289171,Cocoon Nhẹ nhàng Gel Cleanser,142000,4.6,64,123,7,1
SYSN10001805,SH9400075,Vaseline Làm mềm Gel Cleanser,102000,4.7,14,25,34,1
SYSN10001806,SH1445758,Cocoon Cao cấp Gel Moisturizer,314000,4.4,102,203,7,2
SYSN10001807,SH1220120,Simple Kiểm soát nhờn Peptide Serum,172000,4.7,67,58,28,3
SYSN10001808,SH7971116,Pond's Trắng sáng Water Resistant Sunscreen,82000,4.3,183,343,23,4
SYSN10001809,SH6221536,Cetaphil Trắng sáng Vitamin C Serum,550000,4.4,38,53,5,3
SYSN10001810,SH4881400,Pond's Phục hồi Micellar Cleanser,133000,4.9,0,0,23,1
SYSN10001811,SH9486798,Hada Labo Phục hồi Exfoliating Toner,177000,4.5,207,149,11,5
SYSN10001812,SH5931635,Cosrx Nhẹ nhàng Vitamin C Serum,371000,5.0,15,10,8,3
SYSN10001813,SH9260690,SK-II Phục hồi Lotion Moisturizer,2035000,4.4,49,93,25,2
SYSN10001814,SH1301466,Simple Cấp nước Gel Moisturizer,126000,4.6,129,246,28,2
SYSN10001815,SH2482766,Bioderma Thiên nhiên Night Cream Moisturizer,322000,4.5,197,340,3,2
SYSN10001816,SH3944538,Cetaphil Trắng sáng Retinol Serum,318000,4.5,1,1,5,3
SYSN10001817,SH2824919,Sulwhasoo Cấp nước SPF 30 Sunscreen,1280000,4.5,144,176,31,4
SYSN10001818,SH5425545,Garnier Cao cấp Pore Care Toner,130000,4.6,6,5,10,5
SYSN10001819,SH4255940,Cocoon Hiệu quả Niacinamide Serum,242000,4.6,72,73,7,3
SYSN10001820,SH1773774,Shiseido VN Cấp nước Gel Moisturizer,1496000,4.3,64,52,27,2
SYSN10001821,SH1302898,CeraVe Nhẹ nhàng Oil Cleanser,314000,4.9,71,100,4,1
SYSN10001822,SH4049729,Cosrx Sáng da PA++++ Sunscreen,303000,4.9,25,47,8,4
SYSN10001823,SH8058810,Anessa Nhẹ nhàng Eye Cream Moisturizer,392000,5.0,0,0,1,2
SYSN10001824,SH8653803,Pond's Sáng da Daily Sunscreen,64000,4.3,41,26,23,4
SYSN10001825,SH3465107,Clean & Clear Phục hồi Peptide Serum,150000,4.8,72,71,6,3
SYSN10001826,SH4193974,Neutrogena Chống lão hóa Retinol Serum,711000,4.1,7,4,20,3
SYSN10001827,SH7842069,Clean & Clear Dưỡng ẩm Pore Care Toner,64000,4.8,193,276,6,5
SYSN10001828,SH1512046,Cosrx Thiên nhiên Tint Sunscreen,296000,4.6,25,36,8,4
SYSN10001829,SH7070025,Bioderma Tăng cường Retinol Serum,307000,4.5,119,175,3,3
SYSN10001830,SH1051543,Some By Mi Cao cấp Micellar Cleanser,300000,4.5,9,16,29,1
SYSN10001831,SH1502308,Shiseido VN Tăng cường Oil Cleanser,2092000,4.6,126,166,27,1
SYSN10001832,SH2568625,Rovectin Làm dịu Low pH Cleanser,132000,4.8,21,35,24,1
SYSN10001833,SH9085428,Cosrx Dưỡng ẩm SPF 30 Sunscreen,299000,4.4,232,397,8,4
SYSN10001834,SH6651446,Kiehl's VN Tăng cường Pore Care Toner,1799000,4.1,487,959,14,5
SYSN10001835,SH6213397,Clean & Clear Sáng da Exfoliating Toner,51000,4.4,7,12,6,5
SYSN10001836,SH4753645,Kiehl's VN Hiệu quả Night Cream Moisturizer,1525000,4.6,155,77,14,2
SYSN10001837,SH7495927,Clean & Clear Trắng sáng Gel Cleanser,73000,4.6,1680,2109,6,1
SYSN10001838,SH2111028,Vaseline Dưỡng ẩm Gel Cleanser,62000,4.7,12,12,34,1
SYSN10001839,SH8602375,CeraVe Dưỡng ẩm Micellar Cleanser,233000,4.8,22,24,4,1
SYSN10001840,SH3410015,Klairs Cấp nước Low pH Cleanser,270000,5.0,452,260,15,1
SYSN10001841,SH7555495,Innisfree Làm dịu Balm Cleanser,136000,4.5,260,193,13,1
SYSN10001842,SH3181520,Sulwhasoo Chuyên sâu Tint Sunscreen,2160000,4.7,32,44,31,4
SYSN10001843,SH7450389,Laneige Thiên nhiên Oil Cleanser,637000,4.8,48,90,18,1
SYSN10001844,SH9951249,Pond's Chuyên sâu Balm Cleanser,119000,4.3,104,92,23,1
SYSN10001845,SH3873072,Anessa Tăng cường Hyaluronic Acid Serum,557000,4.7,12,9,1,3
SYSN10001846,SH2705514,Beauty of Joseon VN Chuyên sâu SPF 30 Sunscreen,322000,4.5,11,6,2,4
SYSN10001847,SH6331060,Hada Labo Chuyên sâu Water Resistant Sunscreen,316000,4.9,15,10,11,4
SYSN10001848,SH5978272,Cosrx Trắng sáng Oil Cleanser,214000,4.1,4,3,8,1
SYSN10001849,SH7636874,Klairs Cao cấp Exfoliating Toner,140000,4.9,41,38,15,5
SYSN10001850,SH4437489,Neutrogena Làm mềm Exfoliating Toner,180000,4.3,19,28,20,5
SYSN10001851,SH9382875,The Ordinary Hiệu quả Daily Sunscreen,271000,4.9,1,1,33,4
SYSN10001852,SH9996681,The Ordinary Thiên nhiên Niacinamide Serum,507000,4.3,33,57,33,3
SYSN10001853,SH9242744,Hada Labo Tăng cường Peptide Serum,584000,4.7,37,62,11,3
SYSN10001854,SH2929135,L'Oreal Phục hồi Water Resistant Sunscreen,148000,4.6,0,0,16,4
SYSN10001855,SH8543762,Some By Mi Hiệu quả Balm Cleanser,393000,4.4,263,510,29,1
SYSN10001856,SH9024898,Rovectin Làm mềm Essence Toner,299000,4.5,2,3,24,5
SYSN10001857,SH1259406,Hada Labo Cao cấp Gel Moisturizer,267000,4.6,14,14,11,2
SYSN10001858,SH6501091,The Ordinary Tăng cường Low pH Cleanser,257000,4.9,18,27,33,1
SYSN10001859,SH2759945,Senka Làm mềm Balm Cleanser,98000,4.0,41,62,26,1
SYSN10001860,SH6492735,The Ordinary Chống lão hóa Peptide Serum,270000,4.6,146,197,33,3
SYSN10001861,SH5845328,Estee Lauder Sáng da Balm Cleanser,1595000,4.7,25,41,9,1
SYSN10001862,SH4855388,Cocoon Sáng da Vitamin C Serum,372000,4.3,30,44,7,3
SYSN10001863,SH3180839,Neutrogena Chuyên sâu Lotion Moisturizer,294000,4.5,1,0,20,2
SYSN10001864,SH8581014,Simple Tăng cường Hydrating Toner,54000,4.8,242,348,28,5
SYSN10001865,SH6988423,Senka Trắng sáng Night Cream Moisturizer,136000,4.4,39,73,26,2
SYSN10001866,SH1439863,Innisfree Chống lão hóa Low pH Cleanser,275000,4.4,10,19,13,1
SYSN10001867,SH9303014,CeraVe Làm mềm Daily Sunscreen,227000,4.3,7,9,4,4
SYSN10001868,SH3582270,Ohui VN Làm mềm Balm Cleanser,594000,4.6,26,45,21,1
SYSN10001869,SH9797750,Some By Mi Tăng cường Balm Cleanser,174000,4.2,16,8,29,1
SYSN10001870,SH1501601,Vaseline Thiên nhiên Micellar Cleanser,105000,4.7,32,47,34,1
SYSN10001871,SH1642832,Klairs Sáng da Night Cream Moisturizer,286000,4.7,70,38,15,2
SYSN10001872,SH4062782,Cetaphil Làm dịu Hyaluronic Acid Serum,414000,4.4,15,28,5,3
SYSN10001873,SH4115342,Cetaphil Làm dịu Balm Cleanser,159000,4.7,588,856,5,1
SYSN10001874,SH4727849,Klairs Cao cấp Niacinamide Serum,284000,4.6,105,188,15,3
SYSN10001875,SH2335582,Cocoon Làm dịu Gel Moisturizer,100000,4.5,27,41,7,2
SYSN10001876,SH3813192,Innisfree Cấp nước Micellar Cleanser,166000,4.5,5,9,13,1
SYSN10001877,SH7208440,Bioderma Hiệu quả Eye Cream Moisturizer,334000,4.8,66,43,3,2
SYSN10001878,SH9706284,Cetaphil Làm mềm Low pH Cleanser,374000,4.6,69,61,5,1
SYSN10001879,SH5820173,Klairs Hiệu quả Brightening Toner,300000,4.7,51,88,15,5
SYSN10001880,SH2250064,Simple Cao cấp Peptide Serum,224000,4.5,116,219,28,3
SYSN10001881,SH4959725,Some By Mi Tăng cường Daily Sunscreen,431000,4.7,9,8,29,4
SYSN10001882,SH2803930,Neutrogena Làm mềm Hydrating Toner,159000,4.8,9,8,20,5
SYSN10001883,SH8037768,Vaseline Cao cấp Retinol Serum,231000,4.6,55,66,34,3
SYSN10001884,SH3511322,Cetaphil Làm dịu Peptide Serum,513000,4.6,70,108,5,3
SYSN10001885,SH8661030,Kiehl's VN Chống lão hóa Hyaluronic Acid Serum,2665000,4.2,7,7,14,3
SYSN10001886,SH3208458,St. Ives Nhẹ nhàng Eye Cream Moisturizer,194000,4.4,7,11,30,2
SYSN10001887,SH3731154,The Face Shop Cấp nước PA++++ Sunscreen,287000,4.9,46,84,32,4
SYSN10001888,SH9496643,Clean & Clear Cao cấp Hydrating Toner,91000,4.3,106,119,6,5
SYSN10001889,SH9559875,Anessa Tăng cường Daily Sunscreen,263000,4.8,27,27,1,4
SYSN10001890,SH6323868,Klairs Hiệu quả Micellar Cleanser,214000,4.6,5,8,15,1
SYSN10001891,SH6574981,CeraVe Cấp nước AHA/BHA Serum,367000,4.3,47,25,4,3
SYSN10001892,SH4893816,Neutrogena Sáng da Retinol Serum,445000,4.5,19,11,20,3
SYSN10001893,SH4495431,Simple Trắng sáng Micellar Cleanser,52000,4.4,11,5,28,1
SYSN10001894,SH2683918,Rovectin Chống lão hóa AHA/BHA Serum,351000,4.9,160,148,24,3
SYSN10001895,SH3417133,Clean & Clear Làm mềm Low pH Cleanser,116000,4.7,65,81,6,1
SYSN10001896,SH7933678,Rovectin Làm dịu AHA/BHA Serum,448000,4.2,15,10,24,3
SYSN10001897,SH2167580,Anessa Phục hồi PA++++ Sunscreen,395000,4.1,66,85,1,4
SYSN10001898,SH4358481,Garnier Chống lão hóa Gel Cleanser,90000,4.6,204,287,10,1
SYSN10001899,SH2507449,Senka Thiên nhiên Gel Cleanser,142000,4.7,71,90,26,1
SYSN10001900,SH3769232,The Face Shop Kiểm soát nhờn SPF 50+ Sunscreen,482000,4.4,6,9,32,4
SYSN10001901,SH8789014,Garnier Làm mềm Hydrating Toner,143000,4.9,84,82,10,5
SYSN10001902,SH6459880,Hada Labo Dưỡng ẩm Balm Cleanser,238000,4.2,106,75,11,1
SYSN10001903,SH2715469,Shiseido VN Phục hồi Pore Care Toner,897000,4.5,3,3,27,5
SYSN10001904,SH8669985,Cosrx Trắng sáng Retinol Serum,591000,4.7,51,78,8,3
SYSN10001905,SH4049917,Garnier Tăng cường Essence Toner,53000,4.4,45,34,10,5
SYSN10001906,SH8165549,Clean & Clear Nhẹ nhàng Gel Cleanser,114000,4.4,18,30,6,1
SYSN10001907,SH3794477,L'Oreal Phục hồi Foam Cleanser,45000,4.9,6,5,16,1
SYSN10001908,SH8010785,L'Oreal Làm dịu Lotion Moisturizer,60000,4.3,0,0,16,2
SYSN10001909,SH5146242,Murad VN Làm dịu Brightening Toner,1271000,4.4,0,0,19,5
SYSN10001910,SH4027624,Innisfree Trắng sáng AHA/BHA Serum,480000,4.1,24,44,13,3
SYSN10001911,SH2172433,Some By Mi Làm mềm Exfoliating Toner,189000,4.7,57,42,29,5
SYSN10001912,SH4594303,The Face Shop Trắng sáng Low pH Cleanser,153000,4.5,25,30,32,1
SYSN10001913,SH2653502,The Face Shop Dưỡng ẩm Foam Cleanser,343000,4.8,102,71,32,1
SYSN10001914,SH1746009,Senka Dưỡng ẩm Exfoliating Toner,75000,4.8,382,343,26,5
SYSN10001915,SH8354627,Beauty of Joseon VN Cao cấp Balm Cleanser,337000,4.5,79,80,2,1
SYSN10001916,SH4972775,Vaseline Chống lão hóa Hydrating Toner,142000,4.3,972,1415,34,5
SYSN10001917,SH4964243,Senka Làm dịu Hyaluronic Acid Serum,281000,4.9,204,384,26,3
SYSN10001918,SH6819805,Ohui VN Trắng sáng Brightening Toner,605000,4.3,9,15,21,5
SYSN10001919,SH3809849,Simple Chuyên sâu Retinol Serum,170000,4.3,43,71,28,3
SYSN10001920,SH9579549,Estee Lauder Chuyên sâu PA++++ Sunscreen,1527000,4.1,247,194,9,4
SYSN10001921,SH9386347,Sulwhasoo Phục hồi Vitamin C Serum,3188000,5.0,68,43,31,3
SYSN10001922,SH8723303,Garnier Trắng sáng SPF 30 Sunscreen,122000,4.6,216,240,10,4
SYSN10001923,SH2753311,Simple Cấp nước Niacinamide Serum,259000,4.4,34,23,28,3
SYSN10001924,SH9877751,St. Ives Chuyên sâu Hyaluronic Acid Serum,197000,4.7,104,170,30,3
SYSN10001925,SH8238505,L'Oreal Phục hồi Eye Cream Moisturizer,71000,4.7,1163,1244,16,2
SYSN10001926,SH9740807,Rovectin Hiệu quả Hyaluronic Acid Serum,223000,4.8,68,44,24,3
SYSN10001927,SH3359064,The Face Shop Kiểm soát nhờn AHA/BHA Serum,328000,4.6,134,252,32,3
SYSN10001928,SH1287140,Murad VN Chống lão hóa Oil Cleanser,1605000,4.5,57,100,19,1
SYSN10001929,SH1020737,Cetaphil Hiệu quả Essence Toner,328000,4.1,14,23,5,5
SYSN10001930,SH1286698,Anessa Làm mềm Balm Cleanser,182000,4.7,6,9,1,1
SYSN10001931,SH6480092,Paula's Choice Kiểm soát nhờn PA++++ Sunscreen,292000,4.2,7,9,22,4
SYSN10001932,SH3620107,La Roche-Posay Thiên nhiên Essence Toner,292000,4.5,32,17,17,5
SYSN10001933,SH5662904,The Ordinary Làm mềm Peptide Serum,377000,4.3,2,1,33,3
SYSN10001934,SH7917936,Simple Dưỡng ẩm Peptide Serum,89000,4.7,7,5,28,3
SYSN10001935,SH3660840,Simple Cao cấp PA++++ Sunscreen,163000,4.5,90,156,28,4
SYSN10001936,SH1282866,Neutrogena Trắng sáng Gel Cleanser,264000,4.7,198,281,20,1
SYSN10001937,SH6171733,Shiseido VN Thiên nhiên Tint Sunscreen,2559000,4.2,587,841,27,4
SYSN10001938,SH3893776,Vaseline Cao cấp Oil Cleanser,104000,4.3,65,124,34,1
SYSN10001939,SH1740271,Estee Lauder Trắng sáng Essence Toner,1306000,4.4,4,5,9,5
SYSN10001940,SH4856258,Paula's Choice Kiểm soát nhờn Brightening Toner,360000,4.3,70,45,22,5
SYSN10001941,SH1220268,The Ordinary Kiểm soát nhờn Essence Toner,238000,4.7,0,0,33,5
SYSN10001942,SH2020095,La Roche-Posay Tăng cường SPF 50+ Sunscreen,235000,4.4,12,14,17,4
SYSN10001943,SH6572372,Bioderma Phục hồi AHA/BHA Serum,705000,4.8,149,92,3,3
SYSN10001944,SH4346962,The Face Shop Làm dịu Night Cream Moisturizer,450000,4.6,38,64,32,2
SYSN10001945,SH9860422,Sulwhasoo Cao cấp Pore Care Toner,583000,4.3,129,195,31,5
SYSN10001946,SH1091715,Innisfree Kiểm soát nhờn Essence Toner,298000,4.9,167,167,13,5
SYSN10001947,SH5265122,Hada Labo Thiên nhiên Night Cream Moisturizer,232000,4.7,213,374,11,2
SYSN10001948,SH8969234,CeraVe Nhẹ nhàng Exfoliating Toner,412000,4.3,37,19,4,5
SYSN10001949,SH1418312,Neutrogena Sáng da Daily Sunscreen,236000,4.6,5315,8677,20,4
SYSN10001950,SH1329636,Innisfree Dưỡng ẩm PA++++ Sunscreen,328000,4.8,14,22,13,4
SYSN10001951,SH5522403,Simple Hiệu quả Peptide Serum,134000,4.2,3,4,28,3
SYSN10001952,SH9419411,Vaseline Làm dịu Gel Cleanser,51000,5.0,3778,2103,34,1
SYSN10001953,SH9878299,Innisfree Hiệu quả Oil Cleanser,277000,4.6,87,172,13,1
SYSN10001954,SH7955435,Klairs Cao cấp Gel Cleanser,188000,4.3,52,55,15,1
SYSN10001955,SH9136201,Hada Labo Phục hồi SPF 30 Sunscreen,440000,4.6,352,327,11,4
SYSN10001956,SH4070487,Bioderma Cấp nước PA++++ Sunscreen,342000,4.6,23,18,3,4
SYSN10001957,SH8483778,Neutrogena Sáng da Gel Cleanser,283000,4.5,28,47,20,1
SYSN10001958,SH4596066,Hada Labo Dưỡng ẩm Exfoliating Toner,299000,4.7,25,30,11,5
SYSN10001959,SH3656814,Anessa Dưỡng ẩm Brightening Toner,259000,4.6,23,34,1,5
SYSN10001960,SH2404057,Pond's Hiệu quả Balm Cleanser,65000,4.4,56,47,23,1
SYSN10001961,SH3459638,Klairs Làm mềm Pore Care Toner,205000,4.6,27,49,15,5
SYSN10001962,SH2184628,Estee Lauder Dưỡng ẩm Water Resistant Sunscreen,869000,5.0,2,3,9,4
SYSN10001963,SH6973542,Anessa Thiên nhiên Niacinamide Serum,488000,4.5,26,33,1,3
SYSN10001964,SH3895328,Hasaki Kiểm soát nhờn Cream Moisturizer,222000,4.5,15,8,12,2
SYSN10001965,SH4017046,Cetaphil Cao cấp Gel Cleanser,328000,4.2,26,45,5,1
SYSN10001966,SH3647964,Cosrx Trắng sáng AHA/BHA Serum,284000,4.5,20,25,8,3
SYSN10001967,SH9467237,Anessa Kiểm soát nhờn Brightening Toner,240000,4.5,11,7,1,5
SYSN10001968,SH1723680,St. Ives Làm dịu Cream Moisturizer,97000,4.9,49,67,30,2
SYSN10001969,SH6949369,Cocoon Trắng sáng Niacinamide Serum,110000,4.2,79,90,7,3
SYSN10001970,SH4760289,Innisfree Kiểm soát nhờn Low pH Cleanser,326000,5.0,233,232,13,1
SYSN10001971,SH7679985,Ohui VN Chuyên sâu AHA/BHA Serum,4047000,4.4,7,5,21,3
SYSN10001972,SH7437932,Shiseido VN Cấp nước Eye Cream Moisturizer,1752000,4.7,54,71,27,2
SYSN10001973,SH8448185,Laneige Trắng sáng Foam Cleanser,1238000,4.7,165,85,18,1
SYSN10001974,SH7822135,SK-II Cao cấp Retinol Serum,1188000,4.2,61,55,25,3
SYSN10001975,SH7713076,Kiehl's VN Kiểm soát nhờn Hyaluronic Acid Serum,742000,4.9,493,640,14,3
SYSN10001976,SH3539041,Murad VN Làm mềm Oil Cleanser,1368000,4.7,26,51,19,1
SYSN10001977,SH6031481,La Roche-Posay Trắng sáng Gel Cleanser,206000,4.7,66,40,17,1
SYSN10001978,SH3738798,Murad VN Chuyên sâu Eye Cream Moisturizer,1661000,4.2,22,43,19,2
SYSN10001979,SH4130299,Innisfree Tăng cường SPF 50+ Sunscreen,365000,4.4,30,59,13,4
SYSN10001980,SH3777860,Cosrx Dưỡng ẩm AHA/BHA Serum,518000,5.0,40,41,8,3
SYSN10001981,SH1529586,CeraVe Tăng cường Tint Sunscreen,315000,4.8,40,72,4,4
SYSN10001982,SH9124192,Clean & Clear Làm mềm Vitamin C Serum,133000,4.4,32,59,6,3
SYSN10001983,SH7722708,Senka Dưỡng ẩm Low pH Cleanser,114000,4.7,13,15,26,1
SYSN10001984,SH4799605,Estee Lauder Hiệu quả Vitamin C Serum,2317000,4.6,96,168,9,3
SYSN10001985,SH5177120,Pond's Chuyên sâu Eye Cream Moisturizer,120000,4.5,19,29,23,2
SYSN10001986,SH6240368,Neutrogena Sáng da Oil Cleanser,342000,4.7,23,35,20,1
SYSN10001987,SH3082334,Cetaphil Trắng sáng SPF 50+ Sunscreen,277000,5.0,3,4,5,4
SYSN10001988,SH7400338,St. Ives Nhẹ nhàng Retinol Serum,132000,4.7,36,66,30,3
SYSN10001989,SH7625083,Hada Labo Phục hồi Vitamin C Serum,644000,4.5,2,1,11,3
SYSN10001990,SH6497119,Garnier Làm dịu Water Resistant Sunscreen,64000,4.4,8,8,10,4
SYSN10001991,SH5197957,Estee Lauder Kiểm soát nhờn PA++++ Sunscreen,2293000,4.2,202,155,9,4
SYSN10001992,SH8296545,Neutrogena Cao cấp Daily Sunscreen,319000,4.9,13,14,20,4
SYSN10001993,SH8106672,Anessa Tăng cường PA++++ Sunscreen,429000,4.4,149,267,1,4
SYSN10001994,SH6350795,Some By Mi Hiệu quả PA++++ Sunscreen,349000,4.5,45,87,29,4
SYSN10001995,SH7785319,Clean & Clear Làm dịu Micellar Cleanser,100000,4.8,25,45,6,1
SYSN10001996,SH7652004,Vaseline Trắng sáng Gel Cleanser,73000,4.7,10,14,34,1
SYSN10001997,SH3688786,Cocoon Cấp nước Daily Sunscreen,163000,4.3,163,290,7,4
SYSN10001998,SH8951535,Innisfree Nhẹ nhàng Niacinamide Serum,335000,4.6,48,46,13,3
SYSN10001999,SH2676290,La Roche-Posay Làm dịu SPF 30 Sunscreen,375000,4.7,147,93,17,4
SYSN10002000,SH1251893,The Face Shop Dưỡng ẩm Cream Moisturizer,313000,4.7,1,0,32,2
SYSN10002001,SH2327617,Innisfree Phục hồi Gel Moisturizer,226000,4.5,1,0,13,2
SYSN10002002,SH3263414,Some By Mi Làm mềm Lotion Moisturizer,262000,5.0,11,21,29,2
SYSN10002003,SH3761930,Hada Labo Trắng sáng AHA/BHA Serum,577000,4.6,441,255,11,3
SYSN10002004,SH7473815,St. Ives Tăng cường Niacinamide Serum,90000,4.7,100,179,30,3
SYSN10002005,SH3933134,Rovectin Kiểm soát nhờn PA++++ Sunscreen,336000,4.8,19,18,24,4
SYSN10002006,SH5502245,Vaseline Hiệu quả Micellar Cleanser,165000,4.3,21,11,34,1
SYSN10002007,SH3443467,Cetaphil Tăng cường Tint Sunscreen,280000,4.6,38,68,5,4
SYSN10002008,SH9241865,Innisfree Sáng da Peptide Serum,499000,4.4,12,18,13,3
SYSN10002009,SH4460803,Laneige Hiệu quả Brightening Toner,734000,4.6,21,18,18,5
SYSN10002010,SH7367070,St. Ives Cao cấp Foam Cleanser,72000,4.7,232,354,30,1
SYSN10002011,SH7493199,Senka Sáng da SPF 50+ Sunscreen,159000,4.9,153,297,26,4
SYSN10002012,SH9439632,Senka Tăng cường SPF 30 Sunscreen,81000,4.3,17,29,26,4
SYSN10002013,SH2742095,Bioderma Dưỡng ẩm Cream Moisturizer,272000,4.6,39,49,3,2
SYSN10002014,SH8130059,Neutrogena Cao cấp SPF 50+ Sunscreen,451000,4.3,123,125,20,4
SYSN10002015,SH9921066,Hasaki Dưỡng ẩm Niacinamide Serum,225000,4.8,313,255,12,3
SYSN10002016,SH1261214,Paula's Choice Trắng sáng Water Resistant Sunscreen,179000,4.6,60,87,22,4
SYSN10002017,SH3467652,Vaseline Trắng sáng Eye Cream Moisturizer,115000,4.8,45,58,34,2
SYSN10002018,SH8140130,Shiseido VN Sáng da Balm Cleanser,1786000,4.3,25,49,27,1
SYSN10002019,SH6276469,Kiehl's VN Làm dịu Essence Toner,2117000,4.5,41,50,14,5
SYSN10002020,SH4901561,Laneige Cấp nước Hydrating Toner,1489000,4.9,82,45,18,5
SYSN10002021,SH3217967,Hada Labo Làm dịu Exfoliating Toner,371000,4.4,62,115,11,5
SYSN10002022,SH2731464,The Face Shop Hiệu quả Peptide Serum,307000,4.8,91,66,32,3
SYSN10002023,SH4524729,Hada Labo Thiên nhiên Foam Cleanser,255000,4.7,111,219,11,1
SYSN10002024,SH2962480,Paula's Choice Dưỡng ẩm Gel Cleanser,172000,4.7,34,17,22,1
SYSN10002025,SH1760169,Sulwhasoo Trắng sáng Night Cream Moisturizer,1575000,4.6,40,74,31,2
SYSN10002026,SH2402766,St. Ives Dưỡng ẩm Gel Cleanser,99000,4.7,117,202,30,1
SYSN10002027,SH5854705,La Roche-Posay Thiên nhiên SPF 30 Sunscreen,319000,4.7,4948,9365,17,4
SYSN10002028,SH3319495,La Roche-Posay Cấp nước Micellar Cleanser,220000,4.6,17,13,17,1
SYSN10002029,SH4331212,Rovectin Dưỡng ẩm Cream Moisturizer,328000,4.3,70,112,24,2
SYSN10002030,SH7361742,Anessa Tăng cường Hydrating Toner,227000,4.6,132,152,1,5
SYSN10002031,SH8081357,Clean & Clear Cấp nước AHA/BHA Serum,268000,4.4,48,43,6,3
SYSN10002032,SH2514920,Cetaphil Nhẹ nhàng Cream Moisturizer,329000,4.7,693,1078,5,2
SYSN10002033,SH5510798,Cetaphil Cao cấp Peptide Serum,501000,4.6,142,235,5,3
SYSN10002034,SH5935875,Paula's Choice Phục hồi Balm Cleanser,359000,4.7,15,19,22,1
SYSN10002035,SH1258815,Hada Labo Làm mềm Pore Care Toner,155000,5.0,76,98,11,5
SYSN10002036,SH9141900,Rovectin Kiểm soát nhờn Oil Cleanser,257000,4.8,58,96,24,1
SYSN10002037,SH2300810,Clean & Clear Cao cấp Niacinamide Serum,220000,4.9,21,28,6,3
SYSN10002038,SH7014744,Some By Mi Cấp nước Foam Cleanser,186000,4.3,61,72,29,1
SYSN10002039,SH1098052,Garnier Trắng sáng Micellar Cleanser,88000,4.7,113,185,10,1
SYSN10002040,SH6273994,Kiehl's VN Kiểm soát nhờn Lotion Moisturizer,2120000,4.3,68,133,14,2
SYSN10002041,SH5979441,Cosrx Làm mềm SPF 30 Sunscreen,517000,4.6,489,526,8,4
SYSN10002042,SH7758079,Rovectin Trắng sáng Hyaluronic Acid Serum,396000,4.3,127,242,24,3
SYSN10002043,SH8537652,Laneige Trắng sáng Peptide Serum,2282000,4.3,32,18,18,3
SYSN10002044,SH3212752,Shiseido VN Thiên nhiên Lotion Moisturizer,1717000,4.8,714,469,27,2
SYSN10002045,SH1048421,Some By Mi Chống lão hóa Balm Cleanser,239000,4.4,0,0,29,1
SYSN10002046,SH1835187,Some By Mi Nhẹ nhàng Essence Toner,249000,4.7,4,2,29,5
SYSN10002047,SH3880263,Beauty of Joseon VN Làm mềm Cream Moisturizer,491000,4.5,134,109,2,2
SYSN10002048,SH6504576,Anessa Sáng da Pore Care Toner,255000,4.3,24,43,1,5
SYSN10002049,SH3699752,Rovectin Chống lão hóa Peptide Serum,336000,4.6,31,47,24,3
SYSN10002050,SH7260277,Sulwhasoo Thiên nhiên Peptide Serum,2813000,4.4,49,24,31,3
SYSN10002051,SH2948986,Shiseido VN Trắng sáng Essence Toner,1390000,4.4,5,6,27,5
SYSN10002052,SH6284544,Cosrx Trắng sáng AHA/BHA Serum,428000,4.5,35,27,8,3
SYSN10002053,SH3284457,L'Oreal Dưỡng ẩm Night Cream Moisturizer,117000,4.6,37,29,16,2
SYSN10002054,SH5302109,Cetaphil Làm mềm Vitamin C Serum,689000,4.6,77,143,5,3
SYSN10002055,SH5916321,Neutrogena Nhẹ nhàng Lotion Moisturizer,368000,4.9,296,248,20,2
SYSN10002056,SH7914310,Hada Labo Phục hồi Pore Care Toner,309000,4.7,28,28,11,5
SYSN10002057,SH9634736,Cosrx Trắng sáng AHA/BHA Serum,561000,4.9,19,35,8,3
SYSN10002058,SH5325450,Simple Dưỡng ẩm Essence Toner,88000,4.8,110,109,28,5
SYSN10002059,SH8856301,Clean & Clear Trắng sáng Exfoliating Toner,79000,4.5,212,389,6,5
SYSN10002060,SH5059357,Vaseline Hiệu quả Eye Cream Moisturizer,61000,4.3,32,32,34,2
SYSN10002061,SH8201903,Neutrogena Dưỡng ẩm Oil Cleanser,210000,4.6,12,14,20,1
SYSN10002062,SH4275448,Pond's Kiểm soát nhờn Peptide Serum,136000,4.8,52,68,23,3
SYSN10002063,SH3313573,Rovectin Cấp nước Hydrating Toner,163000,4.5,10,13,24,5
SYSN10002064,SH8532729,Pond's Tăng cường Niacinamide Serum,192000,4.7,28,40,23,3
SYSN10002065,SH1163295,Bioderma Cao cấp Daily Sunscreen,188000,4.2,30,41,3,4
SYSN10002066,SH6192100,Simple Nhẹ nhàng Daily Sunscreen,61000,4.3,2,3,28,4
SYSN10002067,SH9514611,Cosrx Hiệu quả Niacinamide Serum,415000,4.4,136,260,8,3
SYSN10002068,SH7527429,SK-II Làm mềm Barrier Repair Moisturizer,988000,5.0,59,34,25,2
SYSN10002069,SH5497120,SK-II Cao cấp Hyaluronic Acid Serum,1545000,4.1,52,80,25,3
SYSN10002070,SH6263801,CeraVe Làm mềm Retinol Serum,348000,4.5,523,877,4,3
SYSN10002071,SH1851844,The Ordinary Thiên nhiên Barrier Repair Moisturizer,447000,4.8,591,365,33,2
SYSN10002072,SH5355863,Garnier Hiệu quả Hyaluronic Acid Serum,143000,5.0,9,10,10,3
SYSN10002073,SH4208857,Innisfree Nhẹ nhàng Niacinamide Serum,591000,4.6,13,22,13,3
SYSN10002074,SH1470606,Shiseido VN Tăng cường Low pH Cleanser,1317000,4.6,28,52,27,1
SYSN10002075,SH6101321,Sulwhasoo Phục hồi Pore Care Toner,1114000,4.8,561,930,31,5
SYSN10002076,SH4598930,Some By Mi Dưỡng ẩm Foam Cleanser,240000,4.2,103,117,29,1
SYSN10002077,SH2573623,Simple Chuyên sâu Micellar Cleanser,78000,4.3,126,243,28,1
SYSN10002078,SH5087449,Garnier Tăng cường Lotion Moisturizer,111000,5.0,25,46,10,2
SYSN10002079,SH9168705,Sulwhasoo Cấp nước SPF 50+ Sunscreen,889000,4.5,104,140,31,4
SYSN10002080,SH2236275,Hada Labo Dưỡng ẩm Balm Cleanser,247000,4.6,97,128,11,1
SYSN10002081,SH3102292,Paula's Choice Làm dịu Water Resistant Sunscreen,243000,4.4,71,111,22,4
SYSN10002082,SH4775348,Pond's Cao cấp Hyaluronic Acid Serum,160000,4.9,9,4,23,3
SYSN10002083,SH3695764,Garnier Phục hồi SPF 50+ Sunscreen,84000,4.5,0,0,10,4
SYSN10002084,SH5796087,Hasaki Chống lão hóa Tint Sunscreen,205000,4.6,29,19,12,4
SYSN10002085,SH3507382,The Ordinary Nhẹ nhàng Peptide Serum,340000,4.7,0,0,33,3
SYSN10002086,SH1668300,La Roche-Posay Sáng da SPF 50+ Sunscreen,278000,4.5,72,105,17,4
SYSN10002087,SH7945843,Some By Mi Kiểm soát nhờn Balm Cleanser,167000,4.7,277,350,29,1
SYSN10002088,SH3283061,Cocoon Phục hồi Niacinamide Serum,103000,4.3,106,150,7,3
SYSN10002089,SH8569000,Innisfree Kiểm soát nhờn Eye Cream Moisturizer,321000,4.5,28,27,13,2
SYSN10002090,SH7631049,Klairs Chống lão hóa Hyaluronic Acid Serum,580000,4.6,5,2,15,3
SYSN10002091,SH8676803,Kiehl's VN Chống lão hóa Low pH Cleanser,970000,4.8,10,10,14,1
SYSN10002092,SH3115310,Innisfree Sáng da AHA/BHA Serum,260000,4.8,17,8,13,3
SYSN10002093,SH4035544,Anessa Dưỡng ẩm Peptide Serum,518000,4.9,3,2,1,3
SYSN10002094,SH3088644,Garnier Hiệu quả Peptide Serum,193000,4.7,57,73,10,3
SYSN10002095,SH8323766,Cosrx Kiểm soát nhờn Vitamin C Serum,467000,4.6,80,65,8,3
SYSN10002096,SH8892760,SK-II Nhẹ nhàng Oil Cleanser,972000,4.6,42,31,25,1
SYSN10002097,SH4965012,Some By Mi Thiên nhiên PA++++ Sunscreen,528000,4.7,453,551,29,4
SYSN10002098,SH9046216,Sulwhasoo Kiểm soát nhờn Exfoliating Toner,1171000,4.8,33,61,31,5
SYSN10002099,SH3316968,Kiehl's VN Kiểm soát nhờn SPF 50+ Sunscreen,708000,5.0,42,31,14,4
SYSN10002100,SH4835916,Bioderma Chống lão hóa Peptide Serum,279000,4.9,0,0,3,3
SYSN10002101,SH3209208,Innisfree Phục hồi AHA/BHA Serum,289000,4.9,172,324,13,3
SYSN10002102,SH1171259,Cetaphil Phục hồi AHA/BHA Serum,306000,4.5,4,6,5,3
SYSN10002103,SH3504296,Paula's Choice Thiên nhiên Hyaluronic Acid Serum,240000,4.3,215,178,22,3
SYSN10002104,SH7256739,Anessa Phục hồi Essence Toner,264000,4.3,284,447,1,5
SYSN10002105,SH5252448,CeraVe Cấp nước Essence Toner,207000,4.4,24,26,4,5
SYSN10002106,SH8710789,Paula's Choice Làm mềm Night Cream Moisturizer,518000,4.7,116,119,22,2
SYSN10002107,SH2504225,Cosrx Chống lão hóa Low pH Cleanser,235000,4.7,71,79,8,1
SYSN10002108,SH3669613,Hada Labo Cao cấp Essence Toner,173000,4.5,14,19,11,5
SYSN10002109,SH5628929,Pond's Kiểm soát nhờn AHA/BHA Serum,207000,4.6,19,11,23,3
SYSN10002110,SH1234748,Bioderma Làm mềm Niacinamide Serum,655000,4.4,364,455,3,3
SYSN10002111,SH1680808,Hada Labo Làm mềm Oil Cleanser,216000,4.7,0,0,11,1
SYSN10002112,SH5814049,Sulwhasoo Làm dịu Cream Moisturizer,971000,4.8,21,35,31,2
SYSN10002113,SH6136672,Hada Labo Chuyên sâu Foam Cleanser,233000,4.6,4,5,11,1
SYSN10002114,SH3806405,Some By Mi Cấp nước Peptide Serum,691000,4.3,1,1,29,3
SYSN10002115,SH4631296,CeraVe Làm dịu Retinol Serum,446000,4.6,5,8,4,3
SYSN10002116,SH9635016,Vaseline Trắng sáng Gel Moisturizer,148000,4.5,9,15,34,2
SYSN10002117,SH2645611,Innisfree Chuyên sâu Eye Cream Moisturizer,244000,4.1,41,66,13,2
SYSN10002118,SH7379809,Simple Chuyên sâu Balm Cleanser,48000,4.6,24,21,28,1
SYSN10002119,SH4131618,Anessa Làm mềm PA++++ Sunscreen,307000,4.6,33,60,1,4
SYSN10002120,SH1582747,Bioderma Cao cấp SPF 30 Sunscreen,378000,4.8,31,53,3,4
SYSN10002121,SH5480794,St. Ives Nhẹ nhàng Hyaluronic Acid Serum,183000,4.6,150,158,30,3
SYSN10002122,SH8608994,Ohui VN Tăng cường Brightening Toner,1497000,4.9,6,6,21,5
SYSN10002123,SH7048062,Shiseido VN Phục hồi Hydrating Toner,594000,4.5,38,74,27,5
SYSN10002124,SH9435412,Hasaki Sáng da Low pH Cleanser,201000,4.5,538,577,12,1
SYSN10002125,SH1371212,Cosrx Tăng cường Hyaluronic Acid Serum,383000,4.7,0,0,8,3
SYSN10002126,SH7695802,Pond's Chống lão hóa PA++++ Sunscreen,230000,4.9,21,29,23,4
SYSN10002127,SH2893169,Hada Labo Chống lão hóa Night Cream Moisturizer,324000,4.6,14,24,11,2
SYSN10002128,SH2990842,Murad VN Sáng da Daily Sunscreen,1662000,4.5,3,2,19,4
SYSN10002129,SH4278491,Rovectin Kiểm soát nhờn Barrier Repair Moisturizer,515000,4.6,14,12,24,2
SYSN10002130,SH1936781,SK-II Nhẹ nhàng SPF 30 Sunscreen,1438000,4.3,50,58,25,4
SYSN10002131,SH1303197,Cosrx Thiên nhiên Low pH Cleanser,154000,4.1,2,1,8,1
SYSN10002132,SH3017414,The Face Shop Chống lão hóa Exfoliating Toner,256000,5.0,4,2,32,5
SYSN10002133,SH5686885,Hasaki Tăng cường Retinol Serum,202000,4.4,233,374,12,3
SYSN10002134,SH9355981,Innisfree Chuyên sâu Barrier Repair Moisturizer,317000,4.7,456,261,13,2
SYSN10002135,SH9875764,Rovectin Dưỡng ẩm Low pH Cleanser,233000,4.4,100,111,24,1
SYSN10002136,SH8213778,Laneige Sáng da Exfoliating Toner,1418000,4.6,68,74,18,5
SYSN10002137,SH1782511,Cosrx Chuyên sâu Vitamin C Serum,559000,4.6,16,30,8,3
SYSN10002138,SH7165419,Innisfree Dưỡng ẩm SPF 50+ Sunscreen,277000,4.5,92,90,13,4
SYSN10002139,SH3147879,The Ordinary Chống lão hóa Barrier Repair Moisturizer,471000,4.3,30,17,33,2
SYSN10002140,SH6052021,L'Oreal Sáng da SPF 50+ Sunscreen,178000,4.5,39,32,16,4
SYSN10002141,SH2457010,L'Oreal Hiệu quả Pore Care Toner,85000,4.5,54,67,16,5
SYSN10002142,SH3586622,Sulwhasoo Nhẹ nhàng Hyaluronic Acid Serum,2422000,4.6,10,12,31,3
SYSN10002143,SH9130904,The Ordinary Cao cấp Barrier Repair Moisturizer,240000,4.8,7,11,33,2
SYSN10002144,SH4936459,Hasaki Thiên nhiên Exfoliating Toner,143000,4.3,164,118,12,5
SYSN10002145,SH9761271,L'Oreal Thiên nhiên Foam Cleanser,78000,5.0,21,29,16,1
SYSN10002146,SH6939785,Shiseido VN Hiệu quả SPF 30 Sunscreen,1854000,4.7,21,17,27,4
SYSN10002147,SH1821327,Some By Mi Thiên nhiên SPF 50+ Sunscreen,472000,4.4,60,79,29,4
SYSN10002148,SH9483674,Innisfree Hiệu quả Gel Cleanser,205000,4.1,18,30,13,1
SYSN10002149,SH4728927,CeraVe Tăng cường Vitamin C Serum,642000,4.7,90,165,4,3
SYSN10002150,SH8293757,Shiseido VN Chuyên sâu Oil Cleanser,953000,5.0,22,41,27,1
SYSN10002151,SH5406629,St. Ives Hiệu quả Brightening Toner,182000,4.6,207,144,30,5
SYSN10002152,SH9528836,Murad VN Thiên nhiên Gel Moisturizer,1718000,4.8,15,7,19,2
SYSN10002153,SH3588439,Anessa Cao cấp Low pH Cleanser,182000,4.8,9,14,1,1
SYSN10002154,SH6662878,Cetaphil Chống lão hóa Oil Cleanser,293000,4.7,37,30,5,1
SYSN10002155,SH5104413,Rovectin Cao cấp Night Cream Moisturizer,291000,4.6,304,182,24,2
SYSN10002156,SH4964703,Rovectin Trắng sáng Micellar Cleanser,276000,4.6,23,11,24,1
SYSN10002157,SH6435127,Neutrogena Kiểm soát nhờn AHA/BHA Serum,288000,4.3,104,75,20,3
SYSN10002158,SH5812104,Hada Labo Hiệu quả Peptide Serum,599000,4.9,78,116,11,3
SYSN10002159,SH5644752,Cetaphil Nhẹ nhàng Hydrating Toner,363000,4.3,53,89,5,5
SYSN10002160,SH7178837,Anessa Trắng sáng Daily Sunscreen,419000,4.4,38,23,1,4
SYSN10002161,SH2532162,Vaseline Dưỡng ẩm Hyaluronic Acid Serum,143000,4.8,63,85,34,3
SYSN10002162,SH4101482,Innisfree Hiệu quả Lotion Moisturizer,480000,4.9,432,255,13,2
SYSN10002163,SH2193206,Hada Labo Dưỡng ẩm AHA/BHA Serum,291000,4.6,176,252,11,3
SYSN10002164,SH5087783,Simple Phục hồi Vitamin C Serum,113000,4.5,35,56,28,3
SYSN10002165,SH1609611,The Face Shop Cấp nước Night Cream Moisturizer,377000,4.3,68,91,32,2
SYSN10002166,SH4110064,Innisfree Trắng sáng Retinol Serum,413000,4.4,28,19,13,3
SYSN10002167,SH8971766,SK-II Kiểm soát nhờn Balm Cleanser,1184000,5.0,39,57,25,1
SYSN10002168,SH6180257,L'Oreal Sáng da AHA/BHA Serum,153000,4.7,5,4,16,3
SYSN10002169,SH6618205,Neutrogena Chuyên sâu Balm Cleanser,317000,4.9,13,10,20,1
SYSN10002170,SH6857017,CeraVe Hiệu quả Vitamin C Serum,445000,4.8,25,30,4,3
SYSN10002171,SH1115555,Innisfree Làm mềm Lotion Moisturizer,276000,4.6,70,109,13,2
SYSN10002172,SH8302424,Hada Labo Chuyên sâu Water Resistant Sunscreen,255000,5.0,158,196,11,4
SYSN10002173,SH4377359,Neutrogena Cấp nước SPF 50+ Sunscreen,477000,4.6,220,237,20,4
SYSN10002174,SH6922413,SK-II Phục hồi Oil Cleanser,1400000,4.1,19,18,25,1
SYSN10002175,SH4128472,Hada Labo Cấp nước Peptide Serum,555000,4.1,89,173,11,3
SYSN10002176,SH4736959,Vaseline Cấp nước AHA/BHA Serum,185000,4.4,18,17,34,3
SYSN10002177,SH3709721,Some By Mi Trắng sáng PA++++ Sunscreen,348000,4.9,224,289,29,4
SYSN10002178,SH5865071,Bioderma Sáng da Micellar Cleanser,201000,4.6,139,260,3,1
SYSN10002179,SH5726023,Cetaphil Thiên nhiên Micellar Cleanser,341000,4.7,0,0,5,1
SYSN10002180,SH4714587,Neutrogena Nhẹ nhàng PA++++ Sunscreen,344000,4.6,47,45,20,4
SYSN10002181,SH5103508,Ohui VN Thiên nhiên Peptide Serum,2292000,4.2,27,43,21,3
SYSN10002182,SH5523795,Hasaki Phục hồi Hydrating Toner,156000,4.3,4,7,12,5
SYSN10002183,SH6506081,Garnier Sáng da Gel Cleanser,78000,4.7,20,25,10,1
SYSN10002184,SH9764165,L'Oreal Chuyên sâu Pore Care Toner,111000,4.7,22,30,16,5
SYSN10002185,SH3165750,La Roche-Posay Làm mềm Peptide Serum,330000,4.5,96,56,17,3
SYSN10002186,SH4233244,St. Ives Tăng cường Eye Cream Moisturizer,93000,4.7,0,0,30,2
SYSN10002187,SH5100919,Klairs Dưỡng ẩm SPF 30 Sunscreen,342000,4.9,197,101,15,4
SYSN10002188,SH4748802,Clean & Clear Nhẹ nhàng Foam Cleanser,72000,4.8,1419,1915,6,1
SYSN10002189,SH8742197,Cocoon Phục hồi Cream Moisturizer,148000,5.0,3196,3195,7,2
SYSN10002190,SH8907996,Clean & Clear Tăng cường Water Resistant Sunscreen,133000,4.7,90,175,6,4
SYSN10002191,SH7048122,L'Oreal Nhẹ nhàng PA++++ Sunscreen,168000,4.7,54,71,16,4
SYSN10002192,SH7224122,Bioderma Thiên nhiên Foam Cleanser,304000,4.3,0,0,3,1
SYSN10002193,SH3277202,Hada Labo Nhẹ nhàng Barrier Repair Moisturizer,305000,4.7,59,32,11,2
SYSN10002194,SH1314011,Neutrogena Trắng sáng Daily Sunscreen,277000,4.3,135,128,20,4
SYSN10002195,SH1470104,Rovectin Hiệu quả Brightening Toner,294000,4.8,4,2,24,5
SYSN10002196,SH1840925,Ohui VN Hiệu quả Brightening Toner,1252000,5.0,191,139,21,5
SYSN10002197,SH5420728,Beauty of Joseon VN Làm mềm Gel Cleanser,204000,4.5,121,94,2,1
SYSN10002198,SH3740885,Anessa Dưỡng ẩm Hyaluronic Acid Serum,292000,4.5,145,107,1,3
SYSN10002199,SH3675681,Cetaphil Nhẹ nhàng Lotion Moisturizer,320000,4.6,10706,8548,5,2
SYSN10002200,SH6539653,L'Oreal Chống lão hóa Cream Moisturizer,133000,4.7,39,42,16,2
SYSN10002201,SH8859220,La Roche-Posay Cấp nước Hyaluronic Acid Serum,478000,4.2,12,13,17,3
SYSN10002202,SH8161659,Innisfree Làm mềm Gel Cleanser,238000,4.3,40,28,13,1
SYSN10002203,SH3911866,Vaseline Dưỡng ẩm Low pH Cleanser,102000,4.3,19,17,34,1
SYSN10002204,SH5333808,Murad VN Sáng da AHA/BHA Serum,2000000,4.8,7,12,19,3
SYSN10002205,SH8691559,Anessa Làm dịu Peptide Serum,359000,5.0,4,2,1,3
SYSN10002206,SH3735428,Kiehl's VN Nhẹ nhàng Brightening Toner,1897000,4.3,15,29,14,5
SYSN10002207,SH5344351,SK-II Cấp nước AHA/BHA Serum,1400000,4.4,139,207,25,3
SYSN10002208,SH5369627,Kiehl's VN Tăng cường Brightening Toner,1900000,5.0,30,33,14,5
SYSN10002209,SH7035783,Murad VN Cấp nước Essence Toner,1360000,4.5,86,125,19,5
SYSN10002210,SH9485735,Rovectin Tăng cường Gel Moisturizer,463000,4.8,161,291,24,2
SYSN10002211,SH7613627,Klairs Cấp nước Hyaluronic Acid Serum,228000,4.8,480,785,15,3
SYSN10002212,SH4147850,Anessa Phục hồi Niacinamide Serum,345000,5.0,19,22,1,3
SYSN10002213,SH8682112,CeraVe Kiểm soát nhờn Vitamin C Serum,398000,5.0,6,11,4,3
SYSN10002214,SH1838804,Ohui VN Sáng da Low pH Cleanser,1487000,4.5,758,1140,21,1
SYSN10002215,SH4783854,Beauty of Joseon VN Hiệu quả Essence Toner,215000,4.3,298,416,2,5
SYSN10002216,SH6340849,Pond's Sáng da Foam Cleanser,116000,4.7,6,9,23,1
SYSN10002217,SH5190501,Innisfree Làm dịu AHA/BHA Serum,516000,4.7,24,19,13,3
SYSN10002218,SH3955265,Neutrogena Cấp nước Vitamin C Serum,341000,4.3,2,2,20,3
SYSN10002219,SH4276568,Rovectin Thiên nhiên Exfoliating Toner,179000,4.5,191,307,24,5
SYSN10002220,SH1310742,Neutrogena Thiên nhiên Oil Cleanser,215000,4.4,2,1,20,1
SYSN10002221,SH3788542,Cetaphil Dưỡng ẩm Oil Cleanser,219000,4.2,38,19,5,1
SYSN10002222,SH8519465,Vaseline Phục hồi Micellar Cleanser,44000,4.0,37,46,34,1
SYSN10002223,SH6310532,Rovectin Thiên nhiên Gel Moisturizer,335000,4.4,11,12,24,2
SYSN10002224,SH7017865,Cetaphil Thiên nhiên SPF 30 Sunscreen,378000,4.5,35,47,5,4
SYSN10002225,SH1466020,The Face Shop Chống lão hóa Peptide Serum,713000,4.3,4,5,32,3
SYSN10002226,SH7887260,Neutrogena Thiên nhiên Lotion Moisturizer,506000,4.1,33,27,20,2
SYSN10002227,SH3586532,Clean & Clear Làm mềm SPF 30 Sunscreen,117000,4.5,7,10,6,4
SYSN10002228,SH6624133,Anessa Trắng sáng Oil Cleanser,274000,4.5,6,8,1,1
SYSN10002229,SH2794644,Vaseline Nhẹ nhàng Retinol Serum,118000,4.7,295,246,34,3
SYSN10002230,SH2404386,Paula's Choice Trắng sáng Exfoliating Toner,432000,4.3,85,65,22,5
SYSN10002231,SH2889999,Cosrx Kiểm soát nhờn Lotion Moisturizer,454000,4.1,40,62,8,2
SYSN10002232,SH1141534,The Face Shop Làm dịu Night Cream Moisturizer,333000,4.1,1,0,32,2
SYSN10002233,SH3240852,The Face Shop Làm dịu Micellar Cleanser,261000,4.4,47,82,32,1
SYSN10002234,SH9798264,Klairs Làm mềm Niacinamide Serum,298000,4.8,59,72,15,3
SYSN10002235,SH7699071,Clean & Clear Cao cấp PA++++ Sunscreen,91000,4.6,10,16,6,4
SYSN10002236,SH3364066,Estee Lauder Sáng da SPF 50+ Sunscreen,1187000,5.0,44,69,9,4
SYSN10002237,SH1762895,The Ordinary Trắng sáng AHA/BHA Serum,576000,4.6,27,25,33,3
SYSN10002238,SH2877649,Simple Kiểm soát nhờn Oil Cleanser,111000,4.4,57,36,28,1
SYSN10002239,SH3699179,Pond's Trắng sáng Peptide Serum,93000,4.3,8,10,23,3
SYSN10002240,SH1351260,Paula's Choice Cấp nước Brightening Toner,254000,4.6,3,4,22,5
SYSN10002241,SH4244575,Paula's Choice Tăng cường Peptide Serum,457000,4.6,10,13,22,3
SYSN10002242,SH5098200,Some By Mi Làm dịu Retinol Serum,416000,4.3,126,230,29,3
SYSN10002243,SH3867496,Ohui VN Cao cấp Brightening Toner,992000,4.8,2,2,21,5
SYSN10002244,SH8673707,Sulwhasoo Chống lão hóa Oil Cleanser,1340000,5.0,27,44,31,1
SYSN10002245,SH7465343,L'Oreal Sáng da Peptide Serum,145000,4.2,3,4,16,3
SYSN10002246,SH7752669,Cosrx Thiên nhiên Essence Toner,171000,4.7,440,336,8,5
SYSN10002247,SH3601349,Cosrx Phục hồi Vitamin C Serum,564000,4.6,56,83,8,3
SYSN10002248,SH9524533,Garnier Cao cấp Eye Cream Moisturizer,144000,4.7,24,38,10,2
SYSN10002249,SH9000563,Klairs Kiểm soát nhờn Cream Moisturizer,255000,4.4,22,21,15,2
SYSN10002250,SH8088238,Beauty of Joseon VN Dưỡng ẩm Daily Sunscreen,439000,5.0,4,6,2,4
SYSN10002251,SH2259303,CeraVe Phục hồi Micellar Cleanser,254000,4.8,37,52,4,1
SYSN10002252,SH6911339,Innisfree Trắng sáng Daily Sunscreen,294000,4.4,17,33,13,4
SYSN10002253,SH1279110,Pond's Chống lão hóa Brightening Toner,164000,4.2,192,381,23,5
SYSN10002254,SH6937488,Hada Labo Sáng da SPF 30 Sunscreen,496000,4.7,346,471,11,4
SYSN10002255,SH3726425,Klairs Thiên nhiên Water Resistant Sunscreen,330000,4.3,268,272,15,4
SYSN10002256,SH5997287,Rovectin Nhẹ nhàng Niacinamide Serum,443000,4.4,9,16,24,3
SYSN10002257,SH8097624,Rovectin Cấp nước Balm Cleanser,162000,4.5,88,121,24,1
SYSN10002258,SH8671957,Hada Labo Dưỡng ẩm Pore Care Toner,290000,4.2,17,16,11,5
SYSN10002259,SH5627149,Klairs Cấp nước Hyaluronic Acid Serum,422000,4.9,43,26,15,3
SYSN10002260,SH5848200,Pond's Phục hồi Brightening Toner,154000,4.5,20,35,23,5
SYSN10002261,SH7389110,Klairs Trắng sáng Balm Cleanser,195000,5.0,2,1,15,1
SYSN10002262,SH9636401,Some By Mi Chuyên sâu Retinol Serum,387000,4.4,58,99,29,3
SYSN10002263,SH1655729,La Roche-Posay Làm mềm Gel Moisturizer,313000,4.6,8,8,17,2
SYSN10002264,SH9725552,The Ordinary Tăng cường Micellar Cleanser,372000,4.7,21,13,33,1
SYSN10002265,SH1690365,The Face Shop Hiệu quả Low pH Cleanser,233000,4.3,150,149,32,1
SYSN10002266,SH2778155,Klairs Làm dịu Brightening Toner,312000,4.4,219,291,15,5
SYSN10002267,SH1010601,Laneige Dưỡng ẩm Vitamin C Serum,1747000,4.7,108,88,18,3
SYSN10002268,SH4410904,Clean & Clear Tăng cường Pore Care Toner,43000,4.6,296,155,6,5
SYSN10002269,SH5935684,Klairs Kiểm soát nhờn Tint Sunscreen,370000,4.4,35,40,15,4
SYSN10002270,SH3717833,Some By Mi Làm mềm Balm Cleanser,305000,4.6,1091,1223,29,1
SYSN10002271,SH1798686,Paula's Choice Trắng sáng AHA/BHA Serum,229000,4.1,39,33,22,3
SYSN10002272,SH9119299,Klairs Cấp nước Cream Moisturizer,498000,4.7,74,67,15,2
SYSN10002273,SH6047987,Beauty of Joseon VN Chống lão hóa PA++++ Sunscreen,298000,4.4,217,414,2,4
SYSN10002274,SH8318019,SK-II Sáng da Pore Care Toner,1238000,4.6,748,1352,25,5
SYSN10002275,SH1132781,Garnier Trắng sáng Gel Moisturizer,175000,4.7,354,353,10,2
SYSN10002276,SH6155691,St. Ives Làm mềm Micellar Cleanser,133000,4.9,20,24,30,1
SYSN10002277,SH8332874,Vaseline Sáng da Foam Cleanser,124000,4.7,192,189,34,1
SYSN10002278,SH2372974,Bioderma Cao cấp Brightening Toner,291000,4.8,16,31,3,5
SYSN10002279,SH1055772,Anessa Dưỡng ẩm Pore Care Toner,245000,4.5,50,80,1,5
SYSN10002280,SH8923903,Kiehl's VN Hiệu quả Low pH Cleanser,1788000,4.9,235,200,14,1
SYSN10002281,SH5133583,Anessa Kiểm soát nhờn Micellar Cleanser,243000,4.5,185,263,1,1
SYSN10002282,SH6121645,Cetaphil Chuyên sâu Pore Care Toner,333000,4.4,243,183,5,5
SYSN10002283,SH9208312,Hada Labo Tăng cường Pore Care Toner,216000,4.8,405,426,11,5
SYSN10002284,SH7094706,Some By Mi Dưỡng ẩm AHA/BHA Serum,370000,4.6,36,34,29,3
SYSN10002285,SH4604147,Innisfree Chuyên sâu PA++++ Sunscreen,305000,5.0,50,51,13,4
SYSN10002286,SH6979519,Neutrogena Trắng sáng Tint Sunscreen,221000,4.4,88,120,20,4
SYSN10002287,SH1614835,Neutrogena Phục hồi Eye Cream Moisturizer,314000,4.5,108,108,20,2
SYSN10002288,SH2151716,Cosrx Trắng sáng Oil Cleanser,216000,4.5,8,12,8,1
SYSN10002289,SH8959686,Murad VN Kiểm soát nhờn Gel Cleanser,718000,4.9,250,314,19,1
SYSN10002290,SH1161777,The Ordinary Phục hồi Night Cream Moisturizer,304000,4.9,44,40,33,2
SYSN10002291,SH6129290,Vaseline Nhẹ nhàng Niacinamide Serum,84000,4.6,61,67,34,3
SYSN10002292,SH2703343,St. Ives Dưỡng ẩm Eye Cream Moisturizer,118000,4.4,926,1174,30,2
SYSN10002293,SH2470058,Neutrogena Làm mềm Tint Sunscreen,252000,4.5,139,222,20,4
SYSN10002294,SH4766214,Hada Labo Làm dịu SPF 50+ Sunscreen,397000,4.0,59,48,11,4
SYSN10002295,SH6728665,Hada Labo Làm dịu Oil Cleanser,391000,4.8,39,22,11,1
SYSN10002296,SH6709023,La Roche-Posay Sáng da Balm Cleanser,198000,4.8,28,34,17,1
SYSN10002297,SH2425801,Rovectin Trắng sáng Foam Cleanser,342000,4.5,18,23,24,1
SYSN10002298,SH9633551,Murad VN Làm dịu Oil Cleanser,524000,5.0,19,31,19,1
SYSN10002299,SH7219517,Shiseido VN Sáng da Brightening Toner,686000,4.8,1815,2100,27,5
SYSN10002300,SH6847354,St. Ives Sáng da Barrier Repair Moisturizer,106000,4.8,54,88,30,2
SYSN10002301,SH8763837,La Roche-Posay Làm mềm Gel Cleanser,161000,4.6,19,30,17,1
SYSN10002302,SH4146255,Simple Kiểm soát nhờn Lotion Moisturizer,109000,4.2,546,796,28,2
SYSN10002303,SH5407242,SK-II Làm dịu Peptide Serum,2421000,4.6,104,196,25,3
SYSN10002304,SH7563559,Beauty of Joseon VN Kiểm soát nhờn Retinol Serum,582000,4.9,113,222,2,3
SYSN10002305,SH8288314,Some By Mi Tăng cường Peptide Serum,430000,4.6,5,8,29,3
SYSN10002306,SH6646529,Innisfree Làm dịu Vitamin C Serum,327000,4.6,314,428,13,3
SYSN10002307,SH1788429,Garnier Làm mềm Brightening Toner,117000,4.6,20,21,10,5
SYSN10002308,SH6252627,Ohui VN Trắng sáng Lotion Moisturizer,1375000,4.2,53,85,21,2
SYSN10002309,SH4274222,Senka Tăng cường AHA/BHA Serum,127000,4.9,64,44,26,3
SYSN10002310,SH5171147,Paula's Choice Dưỡng ẩm Essence Toner,289000,4.4,27,52,22,5
SYSN10002311,SH3034448,Hasaki Tăng cường Hydrating Toner,132000,4.6,0,0,12,5
SYSN10002312,SH9427002,Vaseline Cao cấp Gel Cleanser,111000,4.3,5,7,34,1
SYSN10002313,SH7718619,Hasaki Phục hồi Tint Sunscreen,200000,4.5,180,108,12,4
SYSN10002314,SH8379807,St. Ives Chống lão hóa Oil Cleanser,103000,4.5,537,332,30,1
SYSN10002315,SH2012566,Klairs Phục hồi Micellar Cleanser,251000,4.1,174,270,15,1
SYSN10002316,SH7152507,Kiehl's VN Trắng sáng Oil Cleanser,1143000,5.0,47,68,14,1
SYSN10002317,SH9176265,SK-II Phục hồi Oil Cleanser,1868000,4.6,62,83,25,1
SYSN10002318,SH1714496,Sulwhasoo Chuyên sâu Brightening Toner,614000,4.5,190,283,31,5
SYSN10002319,SH8077035,Innisfree Kiểm soát nhờn Retinol Serum,570000,4.4,18,35,13,3
SYSN10002320,SH7336938,Bioderma Trắng sáng Water Resistant Sunscreen,243000,4.6,42,71,3,4
SYSN10002321,SH8748174,Simple Sáng da Essence Toner,71000,4.6,1,1,28,5
SYSN10002322,SH5456045,Rovectin Cao cấp Night Cream Moisturizer,519000,4.4,4,2,24,2
SYSN10002323,SH4590210,The Face Shop Làm mềm Retinol Serum,386000,4.6,24,12,32,3
SYSN10002324,SH5348034,The Face Shop Chuyên sâu PA++++ Sunscreen,303000,4.3,0,0,32,4
SYSN10002325,SH1362517,Klairs Thiên nhiên Foam Cleanser,246000,4.5,11,14,15,1
SYSN10002326,SH1060293,Neutrogena Cao cấp AHA/BHA Serum,536000,4.2,19,25,20,3
SYSN10002327,SH6367049,Ohui VN Cao cấp Micellar Cleanser,706000,4.9,4,6,21,1
SYSN10002328,SH9236941,Cetaphil Chống lão hóa Brightening Toner,478000,4.6,8,5,5,5
SYSN10002329,SH2772652,Clean & Clear Trắng sáng Peptide Serum,228000,4.6,11,17,6,3
SYSN10002330,SH9453649,L'Oreal Sáng da Exfoliating Toner,64000,4.7,124,203,16,5
SYSN10002331,SH4732002,Innisfree Kiểm soát nhờn PA++++ Sunscreen,258000,4.8,23,36,13,4
SYSN10002332,SH1141410,Some By Mi Phục hồi SPF 50+ Sunscreen,373000,4.6,44,61,29,4
SYSN10002333,SH8031853,Murad VN Cao cấp AHA/BHA Serum,1830000,4.8,147,287,19,3
SYSN10002334,SH5395061,Estee Lauder Thiên nhiên Vitamin C Serum,3335000,4.4,34,20,9,3
SYSN10002335,SH8553274,Ohui VN Tăng cường Barrier Repair Moisturizer,3055000,4.8,43,51,21,2
SYSN10002336,SH5565271,La Roche-Posay Nhẹ nhàng Brightening Toner,203000,4.1,157,101,17,5
SYSN10002337,SH1998197,Murad VN Trắng sáng AHA/BHA Serum,1764000,4.2,292,418,19,3
SYSN10002338,SH8811741,Murad VN Kiểm soát nhờn PA++++ Sunscreen,1721000,4.2,24,13,19,4
SYSN10002339,SH4434062,Neutrogena Cấp nước Peptide Serum,537000,4.5,60,46,20,3
SYSN10002340,SH4590071,Garnier Làm dịu Cream Moisturizer,166000,4.7,64,48,10,2
SYSN10002341,SH8241401,Senka Kiểm soát nhờn Oil Cleanser,64000,4.8,34,22,26,1
SYSN10002342,SH1941043,Sulwhasoo Chống lão hóa AHA/BHA Serum,1627000,4.6,7,13,31,3
SYSN10002343,SH3274016,Bioderma Nhẹ nhàng Niacinamide Serum,373000,4.4,10,6,3,3
SYSN10002344,SH6251075,Some By Mi Làm mềm Tint Sunscreen,369000,4.4,46,25,29,4
SYSN10002345,SH8740921,Klairs Hiệu quả Vitamin C Serum,363000,4.7,64,52,15,3
SYSN10002346,SH4425804,St. Ives Trắng sáng Vitamin C Serum,82000,4.3,21,27,30,3
SYSN10002347,SH4114486,Cosrx Chống lão hóa Niacinamide Serum,340000,4.5,253,172,8,3
SYSN10002348,SH2861588,Pond's Làm mềm Cream Moisturizer,204000,4.5,18,24,23,2
SYSN10002349,SH7829372,La Roche-Posay Phục hồi Lotion Moisturizer,237000,4.8,33,19,17,2
SYSN10002350,SH7665779,Anessa Trắng sáng Retinol Serum,308000,5.0,3,1,1,3
SYSN10002351,SH1285508,Cosrx Thiên nhiên AHA/BHA Serum,407000,5.0,1204,1655,8,3
SYSN10002352,SH1379231,St. Ives Sáng da Brightening Toner,67000,4.2,50,40,30,5
SYSN10002353,SH7861466,Cosrx Làm mềm Foam Cleanser,229000,4.3,25,15,8,1
SYSN10002354,SH6787240,Senka Làm dịu Exfoliating Toner,69000,4.5,69,120,26,5
SYSN10002355,SH2852877,La Roche-Posay Sáng da Gel Cleanser,180000,4.8,8,7,17,1
SYSN10002356,SH5790495,Sulwhasoo Hiệu quả Night Cream Moisturizer,1238000,4.6,94,150,31,2
SYSN10002357,SH8068258,Hada Labo Chuyên sâu Water Resistant Sunscreen,424000,4.4,22,15,11,4
SYSN10002358,SH5342243,Ohui VN Làm mềm Lotion Moisturizer,1011000,4.6,89,47,21,2
SYSN10002359,SH1545746,Cosrx Sáng da Essence Toner,295000,4.8,0,0,8,5
SYSN10002360,SH9876598,Estee Lauder Sáng da Oil Cleanser,1157000,4.4,100,189,9,1
SYSN10002361,SH5674174,Garnier Phục hồi Micellar Cleanser,123000,4.8,30,39,10,1
SYSN10002362,SH9854747,Cocoon Phục hồi Vitamin C Serum,144000,4.9,14,15,7,3
SYSN10002363,SH9248819,Senka Phục hồi Retinol Serum,109000,4.5,39,59,26,3
SYSN10002364,SH2022730,Cocoon Dưỡng ẩm Retinol Serum,298000,4.6,40,21,7,3
SYSN10002365,SH1081021,Clean & Clear Trắng sáng Water Resistant Sunscreen,89000,4.5,306,154,6,4
SYSN10002366,SH1044461,Cosrx Cấp nước Essence Toner,368000,4.8,14,7,8,5
SYSN10002367,SH9295865,Garnier Chuyên sâu Foam Cleanser,52000,4.3,0,0,10,1
SYSN10002368,SH7512992,St. Ives Dưỡng ẩm Pore Care Toner,101000,4.1,4,2,30,5
SYSN10002369,SH9053548,Simple Cấp nước Balm Cleanser,105000,4.8,20,39,28,1
SYSN10002370,SH2992138,Estee Lauder Cấp nước Retinol Serum,1095000,4.4,11,20,9,3
SYSN10002371,SH7197168,Ohui VN Trắng sáng PA++++ Sunscreen,1600000,4.8,36,55,21,4
SYSN10002372,SH5358288,Neutrogena Phục hồi Vitamin C Serum,378000,4.5,64,109,20,3
SYSN10002373,SH8490652,Bioderma Dưỡng ẩm Niacinamide Serum,261000,4.5,57,56,3,3
SYSN10002374,SH3487555,Neutrogena Làm mềm Oil Cleanser,240000,4.6,61,96,20,1
SYSN10002375,SH2536829,Rovectin Nhẹ nhàng Foam Cleanser,312000,4.6,11,16,24,1
SYSN10002376,SH3504700,Innisfree Dưỡng ẩm Hyaluronic Acid Serum,560000,4.5,9,17,13,3
SYSN10002377,SH3280748,Cosrx Tăng cường AHA/BHA Serum,516000,4.5,3,3,8,3
SYSN10002378,SH8624134,Anessa Tăng cường Gel Moisturizer,333000,4.5,5,2,1,2
SYSN10002379,SH2949434,The Ordinary Trắng sáng Hyaluronic Acid Serum,364000,5.0,365,558,33,3
SYSN10002380,SH7670331,Vaseline Làm dịu Vitamin C Serum,154000,4.3,44,29,34,3
SYSN10002381,SH1902314,Some By Mi Dưỡng ẩm Tint Sunscreen,194000,4.6,70,43,29,4
SYSN10002382,SH3949116,Some By Mi Thiên nhiên Low pH Cleanser,135000,4.7,34,27,29,1
SYSN10002383,SH1492664,Beauty of Joseon VN Chống lão hóa Essence Toner,178000,4.6,16,23,2,5
SYSN10002384,SH6454311,Innisfree Hiệu quả Oil Cleanser,208000,4.5,97,81,13,1
SYSN10002385,SH8029014,Estee Lauder Làm mềm SPF 30 Sunscreen,1195000,4.8,194,384,9,4
SYSN10002386,SH1114816,Cocoon Phục hồi PA++++ Sunscreen,96000,4.8,47,49,7,4
SYSN10002387,SH8077565,Anessa Kiểm soát nhờn Lotion Moisturizer,372000,4.6,99,61,1,2
SYSN10002388,SH8698180,Kiehl's VN Chống lão hóa AHA/BHA Serum,1393000,5.0,186,279,14,3
SYSN10002389,SH7499943,Sulwhasoo Hiệu quả Daily Sunscreen,1542000,4.7,8,15,31,4
SYSN10002390,SH8414351,Anessa Thiên nhiên SPF 50+ Sunscreen,221000,4.7,8,14,1,4
SYSN10002391,SH8836327,Neutrogena Làm mềm Micellar Cleanser,359000,4.8,32,55,20,1
SYSN10002392,SH2826251,Vaseline Thiên nhiên Oil Cleanser,102000,5.0,290,495,34,1
SYSN10002393,SH5561309,Murad VN Cao cấp Micellar Cleanser,743000,4.6,27,46,19,1
SYSN10002394,SH2457615,Hada Labo Chống lão hóa SPF 50+ Sunscreen,468000,4.5,4,4,11,4
SYSN10002395,SH3886814,Vaseline Sáng da Hydrating Toner,66000,4.5,9,4,34,5
SYSN10002396,SH9272134,Simple Chuyên sâu Gel Cleanser,84000,4.7,302,501,28,1
SYSN10002397,SH4917508,Paula's Choice Cấp nước AHA/BHA Serum,436000,4.8,37,35,22,3
SYSN10002398,SH9862314,The Face Shop Trắng sáng Low pH Cleanser,302000,5.0,9,11,32,1
SYSN10002399,SH2649864,Sulwhasoo Tăng cường SPF 50+ Sunscreen,1690000,4.8,73,125,31,4
SYSN10002400,SH5680271,Vaseline Nhẹ nhàng AHA/BHA Serum,80000,4.8,222,138,34,3
SYSN10002401,SH9856567,Sulwhasoo Nhẹ nhàng Eye Cream Moisturizer,2029000,4.6,38,43,31,2
SYSN10002402,SH3737297,Clean & Clear Phục hồi Vitamin C Serum,170000,4.7,1663,987,6,3
SYSN10002403,SH2500981,Klairs Trắng sáng Vitamin C Serum,256000,4.9,7,11,15,3
SYSN10002404,SH9327907,Innisfree Trắng sáng Retinol Serum,452000,5.0,16,25,13,3
SYSN10002405,SH7508783,Clean & Clear Trắng sáng Daily Sunscreen,149000,4.8,223,407,6,4
SYSN10002406,SH9511530,Klairs Nhẹ nhàng Cream Moisturizer,392000,4.6,12,10,15,2
SYSN10002407,SH7117955,Beauty of Joseon VN Cao cấp PA++++ Sunscreen,282000,4.2,4,7,2,4
SYSN10002408,SH3002861,Hasaki Chống lão hóa Peptide Serum,158000,4.9,172,91,12,3
SYSN10002409,SH3308575,Beauty of Joseon VN Làm mềm Gel Cleanser,377000,5.0,237,395,2,1
SYSN10002410,SH1461211,Cosrx Cấp nước Vitamin C Serum,487000,4.8,202,268,8,3
SYSN10002411,SH7445760,Anessa Chuyên sâu Exfoliating Toner,218000,5.0,17,14,1,5
SYSN10002412,SH8033433,Cetaphil Làm mềm Vitamin C Serum,329000,4.7,55,73,5,3
SYSN10002413,SH7146104,Neutrogena Nhẹ nhàng Barrier Repair Moisturizer,238000,4.5,30,50,20,2
SYSN10002414,SH5918412,The Ordinary Cao cấp Barrier Repair Moisturizer,441000,4.5,1,0,33,2
SYSN10002415,SH1638397,Murad VN Cấp nước Cream Moisturizer,950000,4.6,30,50,19,2
SYSN10002416,SH8921527,Cetaphil Cấp nước Micellar Cleanser,182000,4.8,67,35,5,1
SYSN10002417,SH3382994,CeraVe Nhẹ nhàng Micellar Cleanser,184000,4.9,26,16,4,1
SYSN10002418,SH1074018,Neutrogena Trắng sáng Niacinamide Serum,597000,4.6,290,353,20,3
SYSN10002419,SH4554778,Estee Lauder Làm dịu Retinol Serum,2601000,4.2,96,149,9,3
SYSN10002420,SH5912954,Ohui VN Cao cấp Balm Cleanser,2011000,4.8,8,10,21,1
SYSN10002421,SH1259548,Shiseido VN Cao cấp Vitamin C Serum,1453000,4.7,7,6,27,3
SYSN10002422,SH7511820,Cosrx Tăng cường AHA/BHA Serum,331000,4.4,12,18,8,3
SYSN10002423,SH2521948,Klairs Làm dịu Exfoliating Toner,213000,5.0,4,2,15,5
SYSN10002424,SH3608321,Hasaki Làm dịu Brightening Toner,155000,5.0,200,247,12,5
SYSN10002425,SH6384674,Hasaki Tăng cường Water Resistant Sunscreen,160000,4.7,34,54,12,4
SYSN10002426,SH2652229,Laneige Hiệu quả Micellar Cleanser,1272000,4.9,26,18,18,1
SYSN10002427,SH7314617,Cosrx Chống lão hóa Hydrating Toner,182000,4.0,23,40,8,5
SYSN10002428,SH3575441,St. Ives Dưỡng ẩm Brightening Toner,44000,4.9,2,1,30,5
SYSN10002429,SH8760737,Vaseline Hiệu quả Brightening Toner,110000,4.7,41,49,34,5
SYSN10002430,SH3055260,Laneige Làm mềm Peptide Serum,3055000,4.1,308,321,18,3
SYSN10002431,SH2026789,Rovectin Chuyên sâu Oil Cleanser,338000,4.4,5,4,24,1
SYSN10002432,SH2222991,Some By Mi Làm dịu Tint Sunscreen,380000,4.9,2,3,29,4
SYSN10002433,SH3898403,Anessa Sáng da SPF 30 Sunscreen,204000,4.1,100,99,1,4
SYSN10002434,SH6037482,Beauty of Joseon VN Cao cấp Balm Cleanser,367000,4.7,51,101,2,1
SYSN10002435,SH4470776,Laneige Chuyên sâu Tint Sunscreen,1001000,4.6,780,558,18,4
SYSN10002436,SH7725763,Cetaphil Thiên nhiên Pore Care Toner,422000,4.2,49,59,5,5
SYSN10002437,SH1874398,Sulwhasoo Sáng da Tint Sunscreen,1866000,4.2,1407,1561,31,4
SYSN10002438,SH4921774,The Face Shop Chuyên sâu Peptide Serum,355000,4.6,45,34,32,3
SYSN10002439,SH9805124,Pond's Chuyên sâu Essence Toner,80000,4.6,2,3,23,5
SYSN10002440,SH8539211,Hada Labo Sáng da Hyaluronic Acid Serum,411000,4.3,12,13,11,3
SYSN10002441,SH1969270,Rovectin Làm mềm Niacinamide Serum,504000,5.0,120,192,24,3
SYSN10002442,SH2291416,Cetaphil Cấp nước Gel Moisturizer,296000,4.5,3,4,5,2
SYSN10002443,SH7751842,Anessa Phục hồi Brightening Toner,246000,4.6,227,368,1,5
SYSN10002444,SH2732875,Anessa Làm mềm Exfoliating Toner,216000,4.5,52,34,1,5
SYSN10002445,SH2788584,Innisfree Làm mềm SPF 50+ Sunscreen,554000,4.5,179,203,13,4
SYSN10002446,SH7780483,Vaseline Cao cấp PA++++ Sunscreen,94000,4.8,15,20,34,4
SYSN10002447,SH4478425,Kiehl's VN Dưỡng ẩm Water Resistant Sunscreen,2049000,4.6,57,78,14,4
SYSN10002448,SH1233441,Hada Labo Hiệu quả Peptide Serum,357000,4.7,4,2,11,3
SYSN10002449,SH2198780,Cosrx Dưỡng ẩm Balm Cleanser,339000,4.4,21,24,8,1
SYSN10002450,SH1659976,Beauty of Joseon VN Thiên nhiên Niacinamide Serum,268000,4.6,3,5,2,3
SYSN10002451,SH8698024,Bioderma Cao cấp Night Cream Moisturizer,397000,4.1,573,444,3,2
SYSN10002452,SH5674754,Kiehl's VN Sáng da Foam Cleanser,1420000,4.4,184,307,14,1
SYSN10002453,SH7672274,Paula's Choice Nhẹ nhàng Cream Moisturizer,449000,4.8,104,169,22,2
SYSN10002454,SH2824114,Ohui VN Tăng cường Peptide Serum,3006000,4.4,8,12,21,3
SYSN10002455,SH2459729,The Ordinary Chống lão hóa Oil Cleanser,163000,4.4,212,156,33,1
SYSN10002456,SH8201418,Rovectin Cao cấp Pore Care Toner,148000,4.5,11,6,24,5
SYSN10002457,SH3788447,Cetaphil Cao cấp Tint Sunscreen,311000,4.6,7,9,5,4
SYSN10002458,SH7268550,Neutrogena Sáng da Barrier Repair Moisturizer,445000,4.8,11,5,20,2
SYSN10002459,SH7925354,Some By Mi Tăng cường Brightening Toner,329000,5.0,68,120,29,5
SYSN10002460,SH1779426,CeraVe Sáng da Retinol Serum,456000,4.9,89,66,4,3
SYSN10002461,SH1546508,Pond's Sáng da SPF 30 Sunscreen,112000,4.6,440,404,23,4
SYSN10002462,SH5148438,Anessa Phục hồi Lotion Moisturizer,407000,4.5,45,36,1,2
SYSN10002463,SH6559713,Some By Mi Thiên nhiên Hyaluronic Acid Serum,476000,4.7,1542,1566,29,3
SYSN10002464,SH1560195,Vaseline Chuyên sâu Low pH Cleanser,174000,4.5,21,17,34,1
SYSN10002465,SH4248757,The Face Shop Sáng da Foam Cleanser,289000,4.4,352,574,32,1
SYSN10002466,SH8159756,Bioderma Sáng da Gel Moisturizer,341000,4.5,205,143,3,2
SYSN10002467,SH5533586,L'Oreal Hiệu quả PA++++ Sunscreen,111000,4.2,61,38,16,4
SYSN10002468,SH3246423,Klairs Sáng da Water Resistant Sunscreen,269000,4.7,6,11,15,4
SYSN10002469,SH7236011,Bioderma Làm dịu Niacinamide Serum,489000,4.6,25,22,3,3
SYSN10002470,SH8518486,Neutrogena Phục hồi Peptide Serum,414000,4.3,534,540,20,3
SYSN10002471,SH7247450,Cosrx Làm mềm Vitamin C Serum,309000,4.1,262,222,8,3
SYSN10002472,SH9534501,Hasaki Chuyên sâu Gel Moisturizer,143000,4.6,4,5,12,2
SYSN10002473,SH3021076,Murad VN Cấp nước Water Resistant Sunscreen,2138000,3.9,43,50,19,4
SYSN10002474,SH5506019,Rovectin Thiên nhiên Peptide Serum,583000,4.4,88,85,24,3
SYSN10002475,SH6567769,Cosrx Phục hồi AHA/BHA Serum,286000,4.8,51,52,8,3
SYSN10002476,SH6024989,Garnier Trắng sáng AHA/BHA Serum,108000,4.7,33,28,10,3
SYSN10002477,SH8820493,Klairs Làm dịu Exfoliating Toner,219000,4.9,77,108,15,5
SYSN10002478,SH4963902,Anessa Kiểm soát nhờn Gel Cleanser,240000,4.6,10,15,1,1
SYSN10002479,SH1124548,The Face Shop Chống lão hóa Pore Care Toner,209000,4.6,24,22,32,5
SYSN10002480,SH4505928,Rovectin Phục hồi Water Resistant Sunscreen,397000,4.4,0,0,24,4
SYSN10002481,SH3783829,Cetaphil Dưỡng ẩm Balm Cleanser,361000,4.8,199,201,5,1
SYSN10002482,SH9446593,Hasaki Tăng cường Balm Cleanser,123000,4.7,188,315,12,1
SYSN10002483,SH8335722,The Face Shop Nhẹ nhàng Micellar Cleanser,331000,4.4,7,10,32,1
SYSN10002484,SH3823299,The Face Shop Chống lão hóa Tint Sunscreen,475000,4.9,8,8,32,4
SYSN10002485,SH3831541,Shiseido VN Cấp nước Pore Care Toner,1717000,4.3,3,3,27,5
SYSN10002486,SH7807103,CeraVe Nhẹ nhàng Lotion Moisturizer,574000,4.8,0,0,4,2
SYSN10002487,SH1213278,Klairs Chuyên sâu Retinol Serum,549000,4.2,22,13,15,3
SYSN10002488,SH1192009,Cocoon Chống lão hóa Peptide Serum,170000,4.7,518,871,7,3
SYSN10002489,SH1004139,Innisfree Cấp nước Oil Cleanser,203000,4.6,32,28,13,1
SYSN10002490,SH9006323,Hasaki Trắng sáng Exfoliating Toner,99000,4.5,44,77,12,5
SYSN10002491,SH4684377,Cosrx Sáng da Vitamin C Serum,505000,4.9,961,834,8,3
SYSN10002492,SH4727776,Estee Lauder Trắng sáng Gel Cleanser,1894000,4.4,44,47,9,1
SYSN10002493,SH1625318,Ohui VN Chuyên sâu Niacinamide Serum,2216000,4.7,13,12,21,3
SYSN10002494,SH8313632,Clean & Clear Làm mềm Vitamin C Serum,142000,4.3,10,18,6,3
SYSN10002495,SH4829721,Cetaphil Tăng cường Peptide Serum,302000,4.9,133,158,5,3
SYSN10002496,SH2867709,Hada Labo Chuyên sâu SPF 30 Sunscreen,404000,4.2,53,42,11,4
SYSN10002497,SH6027633,Estee Lauder Cấp nước SPF 50+ Sunscreen,682000,4.7,85,59,9,4
SYSN10002498,SH8713605,Neutrogena Phục hồi AHA/BHA Serum,434000,4.6,68,52,20,3
SYSN10002499,SH4496845,Innisfree Cấp nước Cream Moisturizer,424000,4.3,6,10,13,2
SYSN10002500,SH2165369,Kiehl's VN Hiệu quả Niacinamide Serum,1741000,4.7,20,24,14,3
SYSN10002501,SH4167297,Cosrx Sáng da Oil Cleanser,225000,4.3,20,15,8,1
SYSN10002502,SH5484870,The Face Shop Làm dịu Hyaluronic Acid Serum,311000,4.4,165,101,32,3
SYSN10002503,SH7521659,Cetaphil Cao cấp Peptide Serum,478000,4.6,1,1,5,3
SYSN10002504,SH4781492,SK-II Tăng cường Pore Care Toner,1245000,4.0,55,58,25,5
SYSN10002505,SH5466437,Laneige Cấp nước Balm Cleanser,1395000,4.6,127,75,18,1
SYSN10002506,SH6250468,The Face Shop Thiên nhiên AHA/BHA Serum,393000,4.6,13,15,32,3
SYSN10002507,SH1268493,L'Oreal Sáng da Peptide Serum,183000,4.6,17,29,16,3
SYSN10002508,SH6112432,Cosrx Dưỡng ẩm Brightening Toner,446000,4.6,44,54,8,5
SYSN10002509,SH5627279,Paula's Choice Làm dịu Water Resistant Sunscreen,258000,4.6,10,8,22,4
SYSN10002510,SH7973244,Laneige Thiên nhiên Hydrating Toner,1325000,4.5,24,21,18,5
SYSN10002511,SH2126482,Clean & Clear Kiểm soát nhờn Tint Sunscreen,215000,4.2,0,0,6,4
SYSN10002512,SH2003453,The Face Shop Dưỡng ẩm Balm Cleanser,253000,4.3,87,62,32,1
SYSN10002513,SH6612339,Cosrx Làm dịu Balm Cleanser,265000,4.3,18,10,8,1
SYSN10002514,SH7910492,Some By Mi Tăng cường Exfoliating Toner,265000,4.4,4,6,29,5
SYSN10002515,SH9542892,Paula's Choice Sáng da Tint Sunscreen,244000,4.7,33,28,22,4
SYSN10002516,SH3017338,Bioderma Làm mềm Tint Sunscreen,310000,4.8,3,3,3,4
SYSN10002517,SH2363690,Innisfree Hiệu quả Hydrating Toner,217000,4.8,118,167,13,5
SYSN10002518,SH1783342,Cetaphil Chuyên sâu Micellar Cleanser,167000,4.6,0,0,5,1
SYSN10002519,SH9450935,Anessa Sáng da Daily Sunscreen,275000,4.7,491,802,1,4
SYSN10002520,SH6078183,Rovectin Cao cấp Essence Toner,149000,4.7,49,66,24,5
SYSN10002521,SH2304420,Neutrogena Cấp nước Peptide Serum,324000,4.5,45,59,20,3
SYSN10002522,SH2169844,Sulwhasoo Hiệu quả Essence Toner,1018000,5.0,11,12,31,5
SYSN10002523,SH3974790,Senka Sáng da Eye Cream Moisturizer,181000,4.9,153,252,26,2
SYSN10002524,SH8024277,Garnier Chống lão hóa Balm Cleanser,69000,4.9,1,1,10,1
SYSN10002525,SH8094894,Innisfree Kiểm soát nhờn Essence Toner,146000,4.8,3411,5913,13,5
SYSN10002526,SH9985243,Neutrogena Nhẹ nhàng Retinol Serum,411000,4.2,10,15,20,3
SYSN10002527,SH1323425,Paula's Choice Chuyên sâu Lotion Moisturizer,488000,4.5,2,1,22,2
SYSN10002528,SH4013728,Beauty of Joseon VN Sáng da Oil Cleanser,410000,4.6,20,11,2,1
SYSN10002529,SH3724721,Cetaphil Kiểm soát nhờn Balm Cleanser,332000,4.1,1,1,5,1
SYSN10002530,SH1911061,Neutrogena Hiệu quả Foam Cleanser,148000,4.2,14,21,20,1
SYSN10002531,SH1093623,CeraVe Cao cấp Pore Care Toner,204000,4.7,11,11,4,5
SYSN10002532,SH1869144,Simple Kiểm soát nhờn Low pH Cleanser,48000,4.3,0,0,28,1
SYSN10002533,SH2562858,Garnier Kiểm soát nhờn AHA/BHA Serum,101000,5.0,9,8,10,3
SYSN10002534,SH7916680,Laneige Chống lão hóa Water Resistant Sunscreen,2614000,4.7,10,14,18,4
SYSN10002535,SH2100417,The Face Shop Kiểm soát nhờn Cream Moisturizer,309000,4.4,349,412,32,2
SYSN10002536,SH5965761,Clean & Clear Cao cấp Low pH Cleanser,52000,4.0,4,6,6,1
SYSN10002537,SH6685447,La Roche-Posay Kiểm soát nhờn Pore Care Toner,235000,5.0,30,57,17,5
SYSN10002538,SH8096466,Simple Dưỡng ẩm Balm Cleanser,60000,4.2,151,287,28,1
SYSN10002539,SH8923004,Beauty of Joseon VN Hiệu quả Exfoliating Toner,244000,4.5,265,293,2,5
SYSN10002540,SH1953257,Some By Mi Làm mềm Gel Cleanser,246000,4.6,56,81,29,1
SYSN10002541,SH7400259,Pond's Tăng cường SPF 30 Sunscreen,133000,4.6,5,7,23,4
SYSN10002542,SH1098476,Shiseido VN Thiên nhiên Niacinamide Serum,2549000,4.3,59,36,27,3
SYSN10002543,SH7842115,Garnier Phục hồi Hydrating Toner,110000,4.6,5,6,10,5
SYSN10002544,SH4064184,Bioderma Dưỡng ẩm Gel Moisturizer,257000,4.4,11,14,3,2
SYSN10002545,SH8530609,Senka Chuyên sâu Tint Sunscreen,201000,4.8,71,35,26,4
SYSN10002546,SH8128878,Estee Lauder Phục hồi PA++++ Sunscreen,983000,4.6,1,0,9,4
SYSN10002547,SH1272937,Cetaphil Chuyên sâu Micellar Cleanser,268000,4.6,41,80,5,1
SYSN10002548,SH9361982,Garnier Làm mềm Pore Care Toner,146000,4.5,20,17,10,5
SYSN10002549,SH8178761,Anessa Phục hồi Gel Moisturizer,381000,4.7,552,307,1,2
SYSN10002550,SH7255103,Clean & Clear Chống lão hóa SPF 50+ Sunscreen,101000,4.4,430,590,6,4
SYSN10002551,SH1847211,Shiseido VN Nhẹ nhàng SPF 30 Sunscreen,854000,4.2,10,19,27,4
SYSN10002552,SH7439626,Hada Labo Dưỡng ẩm Foam Cleanser,311000,4.7,39,43,11,1
SYSN10002553,SH6783989,Ohui VN Thiên nhiên SPF 30 Sunscreen,1180000,4.5,11,11,21,4
SYSN10002554,SH5159882,Garnier Sáng da Barrier Repair Moisturizer,130000,4.9,772,635,10,2
SYSN10002555,SH8565514,Ohui VN Làm mềm Daily Sunscreen,1118000,4.5,110,155,21,4
SYSN10002556,SH1819663,CeraVe Chống lão hóa Pore Care Toner,275000,4.5,29,37,4,5
SYSN10002557,SH4180949,Cetaphil Nhẹ nhàng Balm Cleanser,286000,4.9,2,3,5,1
SYSN10002558,SH5991068,La Roche-Posay Làm dịu Vitamin C Serum,317000,4.7,17,9,17,3
SYSN10002559,SH6116374,Klairs Hiệu quả SPF 50+ Sunscreen,244000,4.6,60,96,15,4
SYSN10002560,SH6041872,Shiseido VN Phục hồi Essence Toner,2372000,4.4,74,50,27,5
SYSN10002561,SH3221223,Anessa Làm mềm Pore Care Toner,227000,4.3,113,62,1,5
SYSN10002562,SH3272177,Rovectin Nhẹ nhàng SPF 30 Sunscreen,470000,4.5,45,42,24,4
SYSN10002563,SH6651130,Garnier Phục hồi Foam Cleanser,79000,4.6,112,195,10,1
SYSN10002564,SH5379168,Beauty of Joseon VN Sáng da Cream Moisturizer,400000,4.3,31,41,2,2
SYSN10002565,SH7207931,Kiehl's VN Chuyên sâu Vitamin C Serum,1552000,4.6,140,154,14,3
SYSN10002566,SH7853344,Cetaphil Làm mềm Vitamin C Serum,338000,4.9,5931,6604,5,3
SYSN10002567,SH5871762,Murad VN Thiên nhiên Low pH Cleanser,1761000,4.4,28,49,19,1
SYSN10002568,SH6334947,Beauty of Joseon VN Chống lão hóa AHA/BHA Serum,414000,4.5,51,42,2,3
SYSN10002569,SH1869559,Vaseline Dưỡng ẩm Vitamin C Serum,89000,4.4,43,53,34,3
SYSN10002570,SH4008803,SK-II Trắng sáng Oil Cleanser,1650000,4.8,125,243,25,1
SYSN10002571,SH4244314,Simple Làm mềm Water Resistant Sunscreen,105000,4.6,47,38,28,4
SYSN10002572,SH8525486,Neutrogena Làm dịu PA++++ Sunscreen,370000,5.0,80,74,20,4
SYSN10002573,SH3158737,Some By Mi Cấp nước Pore Care Toner,139000,4.2,34,56,29,5
SYSN10002574,SH2278697,Shiseido VN Tăng cường Night Cream Moisturizer,823000,4.0,70,116,27,2
SYSN10002575,SH3792713,Vaseline Chuyên sâu Exfoliating Toner,131000,4.1,1808,3246,34,5
SYSN10002576,SH2231020,Bioderma Sáng da Vitamin C Serum,416000,4.3,20,26,3,3
SYSN10002577,SH8581485,Cosrx Tăng cường Vitamin C Serum,444000,5.0,107,95,8,3
SYSN10002578,SH7683567,L'Oreal Thiên nhiên Gel Cleanser,84000,4.3,227,129,16,1
SYSN10002579,SH6225807,La Roche-Posay Nhẹ nhàng SPF 50+ Sunscreen,330000,4.7,22,21,17,4
SYSN10002580,SH3510061,Kiehl's VN Kiểm soát nhờn Low pH Cleanser,1621000,4.2,1,0,14,1
SYSN10002581,SH1669504,Hada Labo Nhẹ nhàng Low pH Cleanser,194000,4.5,22,18,11,1
SYSN10002582,SH8462774,Rovectin Chuyên sâu Essence Toner,199000,4.6,5,6,24,5
SYSN10002583,SH8337169,Cetaphil Làm dịu Tint Sunscreen,407000,4.7,10,15,5,4
SYSN10002584,SH4185548,Hada Labo Thiên nhiên Vitamin C Serum,291000,4.7,58,81,11,3
SYSN10002585,SH1714231,La Roche-Posay Làm mềm Niacinamide Serum,392000,4.2,39,49,17,3
SYSN10002586,SH2971062,Ohui VN Nhẹ nhàng Daily Sunscreen,1483000,4.5,31,43,21,4
SYSN10002587,SH4350278,Pond's Trắng sáng Gel Cleanser,116000,4.9,15,22,23,1
SYSN10002588,SH1789295,SK-II Tăng cường Water Resistant Sunscreen,964000,4.8,54,54,25,4
SYSN10002589,SH3666440,Sulwhasoo Hiệu quả Niacinamide Serum,1927000,4.2,178,128,31,3
SYSN10002590,SH5672721,Some By Mi Tăng cường Micellar Cleanser,152000,4.7,1,0,29,1
SYSN10002591,SH4299848,Shiseido VN Thiên nhiên Exfoliating Toner,710000,4.3,239,148,27,5
SYSN10002592,SH8066975,SK-II Làm dịu Water Resistant Sunscreen,1964000,4.8,78,141,25,4
SYSN10002593,SH7307007,Hada Labo Nhẹ nhàng PA++++ Sunscreen,337000,4.9,197,371,11,4
SYSN10002594,SH1275882,Sulwhasoo Làm dịu Eye Cream Moisturizer,1156000,4.4,77,53,31,2
SYSN10002595,SH1812330,Bioderma Cấp nước Balm Cleanser,302000,4.8,18,17,3,1
SYSN10002596,SH1738479,Bioderma Tăng cường Vitamin C Serum,305000,4.7,14,9,3,3
SYSN10002597,SH3024725,Clean & Clear Sáng da Gel Cleanser,114000,4.4,3,1,6,1
SYSN10002598,SH1483393,The Ordinary Phục hồi AHA/BHA Serum,494000,4.4,132,94,33,3
SYSN10002599,SH7224807,Bioderma Hiệu quả Oil Cleanser,338000,4.5,32,43,3,1
SYSN10002600,SH1698939,Ohui VN Cấp nước SPF 30 Sunscreen,2487000,4.9,284,163,21,4
SYSN10002601,SH5953905,Laneige Thiên nhiên Tint Sunscreen,862000,4.7,34,50,18,4
SYSN10002602,SH5723052,Garnier Nhẹ nhàng Hyaluronic Acid Serum,228000,4.7,294,452,10,3
SYSN10002603,SH7531196,La Roche-Posay Nhẹ nhàng Gel Cleanser,183000,4.7,4,4,17,1
SYSN10002604,SH7813972,Kiehl's VN Cấp nước Hyaluronic Acid Serum,1704000,4.5,407,299,14,3
SYSN10002605,SH6283100,Cosrx Dưỡng ẩm Brightening Toner,144000,4.7,38,58,8,5
SYSN10002606,SH8097721,Simple Làm dịu Retinol Serum,197000,5.0,25,13,28,3
SYSN10002607,SH3199188,Clean & Clear Dưỡng ẩm Tint Sunscreen,94000,4.5,205,162,6,4
SYSN10002608,SH2138360,SK-II Dưỡng ẩm Low pH Cleanser,821000,4.6,4,4,25,1
SYSN10002609,SH1905442,Laneige Cấp nước Micellar Cleanser,1575000,4.6,64,65,18,1
SYSN10002610,SH6476037,Estee Lauder Phục hồi Retinol Serum,2632000,4.5,40,38,9,3
SYSN10002611,SH2628628,Neutrogena Phục hồi Hyaluronic Acid Serum,316000,4.8,186,282,20,3
SYSN10002612,SH3065413,Ohui VN Làm mềm Barrier Repair Moisturizer,878000,4.8,36,48,21,2
SYSN10002613,SH6038940,Klairs Nhẹ nhàng Oil Cleanser,316000,4.4,87,154,15,1
SYSN10002614,SH6406778,Cosrx Thiên nhiên Retinol Serum,319000,4.7,65,102,8,3
SYSN10002615,SH8863605,Hada Labo Tăng cường Gel Cleanser,161000,4.9,1,0,11,1
SYSN10002616,SH5451988,St. Ives Trắng sáng AHA/BHA Serum,244000,4.8,68,58,30,3
SYSN10002617,SH9201859,Anessa Cấp nước Micellar Cleanser,207000,4.3,9,7,1,1
SYSN10002618,SH7792633,St. Ives Phục hồi Exfoliating Toner,66000,4.1,49,45,30,5
SYSN10002619,SH7623361,Hasaki Cao cấp Gel Moisturizer,186000,4.6,3,5,12,2
SYSN10002620,SH4972124,Anessa Làm mềm Oil Cleanser,153000,4.7,15,21,1,1
SYSN10002621,SH4997984,Cetaphil Chống lão hóa Vitamin C Serum,451000,4.8,2847,4353,5,3
SYSN10002622,SH4824419,Senka Phục hồi Peptide Serum,191000,4.7,2,3,26,3
SYSN10002623,SH9812589,Estee Lauder Sáng da Vitamin C Serum,2111000,4.4,20,14,9,3
SYSN10002624,SH5508524,Cetaphil Cao cấp Hydrating Toner,252000,4.2,96,147,5,5
SYSN10002625,SH2165010,Beauty of Joseon VN Nhẹ nhàng Water Resistant Sunscreen,387000,4.8,37,29,2,4
SYSN10002626,SH3595862,Clean & Clear Phục hồi Retinol Serum,86000,5.0,118,91,6,3
SYSN10002627,SH4663203,Anessa Làm mềm Brightening Toner,327000,4.4,9,7,1,5
SYSN10002628,SH6011987,Some By Mi Thiên nhiên Night Cream Moisturizer,393000,4.5,78,124,29,2
SYSN10002629,SH1579706,SK-II Hiệu quả Brightening Toner,657000,4.6,29,29,25,5
SYSN10002630,SH1630715,Garnier Nhẹ nhàng Gel Cleanser,74000,5.0,74,108,10,1
SYSN10002631,SH7154283,Laneige Làm mềm Brightening Toner,1420000,4.3,902,1136,18,5
SYSN10002632,SH3682694,Some By Mi Cao cấp Tint Sunscreen,305000,4.7,4,2,29,4
SYSN10002633,SH7770277,The Face Shop Chuyên sâu Hydrating Toner,270000,4.4,105,191,32,5
SYSN10002634,SH4504186,Laneige Làm mềm Water Resistant Sunscreen,1131000,4.8,35,22,18,4
SYSN10002635,SH5660649,Innisfree Nhẹ nhàng Balm Cleanser,209000,4.5,140,246,13,1
SYSN10002636,SH6284723,The Face Shop Nhẹ nhàng Peptide Serum,651000,4.9,49,84,32,3
SYSN10002637,SH8323566,L'Oreal Hiệu quả Tint Sunscreen,85000,4.2,79,74,16,4
SYSN10002638,SH2691886,Hasaki Chống lão hóa Essence Toner,113000,4.8,33,24,12,5
SYSN10002639,SH5837150,Kiehl's VN Tăng cường Essence Toner,1060000,4.7,177,237,14,5
SYSN10002640,SH3740542,CeraVe Cấp nước Niacinamide Serum,322000,5.0,65,45,4,3
SYSN10002641,SH3711456,Neutrogena Chống lão hóa Micellar Cleanser,374000,4.9,27,27,20,1
SYSN10002642,SH3371355,Simple Kiểm soát nhờn Pore Care Toner,92000,5.0,35,65,28,5
SYSN10002643,SH5867457,St. Ives Kiểm soát nhờn Daily Sunscreen,158000,5.0,324,194,30,4
SYSN10002644,SH7208876,Paula's Choice Sáng da PA++++ Sunscreen,188000,4.9,146,160,22,4
SYSN10002645,SH9645532,Neutrogena Tăng cường Barrier Repair Moisturizer,398000,4.9,23,26,20,2
SYSN10002646,SH5050722,Clean & Clear Kiểm soát nhờn AHA/BHA Serum,134000,4.2,19,37,6,3
SYSN10002647,SH1995794,Hada Labo Cao cấp Cream Moisturizer,460000,4.5,16,21,11,2
SYSN10002648,SH6346158,Some By Mi Tăng cường Hyaluronic Acid Serum,218000,5.0,97,155,29,3
SYSN10002649,SH6410210,Innisfree Cấp nước Water Resistant Sunscreen,352000,4.0,186,184,13,4
SYSN10002650,SH1095980,The Ordinary Làm dịu Tint Sunscreen,513000,4.5,344,175,33,4
SYSN10002651,SH1964519,Hada Labo Làm dịu SPF 30 Sunscreen,342000,4.5,1209,1252,11,4
SYSN10002652,SH6075721,Anessa Cao cấp PA++++ Sunscreen,454000,4.1,25,22,1,4
SYSN10002653,SH9879906,Cocoon Phục hồi Foam Cleanser,214000,4.6,35,38,7,1
SYSN10002654,SH2065738,Vaseline Nhẹ nhàng Vitamin C Serum,149000,4.8,754,888,34,3
SYSN10002655,SH4559466,Hasaki Chống lão hóa Hyaluronic Acid Serum,193000,4.5,6018,7637,12,3
SYSN10002656,SH9970343,Vaseline Sáng da Peptide Serum,131000,4.4,98,81,34,3
SYSN10002657,SH8268869,L'Oreal Dưỡng ẩm Eye Cream Moisturizer,111000,4.8,576,839,16,2
SYSN10002658,SH5575750,Kiehl's VN Chống lão hóa Oil Cleanser,1505000,4.4,15,15,14,1
SYSN10002659,SH6013436,Hada Labo Dưỡng ẩm Peptide Serum,379000,4.5,164,160,11,3
SYSN10002660,SH9546975,Clean & Clear Làm dịu Niacinamide Serum,202000,4.5,73,143,6,3
SYSN10002661,SH6650270,L'Oreal Dưỡng ẩm Daily Sunscreen,177000,4.6,70,96,16,4
SYSN10002662,SH5210656,Sulwhasoo Sáng da Low pH Cleanser,1722000,4.7,48,43,31,1
SYSN10002663,SH9899410,Paula's Choice Thiên nhiên Hydrating Toner,443000,4.4,105,147,22,5
SYSN10002664,SH1685668,Senka Chống lão hóa Micellar Cleanser,136000,4.6,70,58,26,1
SYSN10002665,SH7128711,Neutrogena Tăng cường Tint Sunscreen,358000,3.8,200,386,20,4
SYSN10002666,SH3667022,Hada Labo Kiểm soát nhờn Daily Sunscreen,289000,4.4,14,11,11,4
SYSN10002667,SH7651021,SK-II Cao cấp Pore Care Toner,1456000,4.3,86,132,25,5
SYSN10002668,SH8203514,Rovectin Thiên nhiên Foam Cleanser,157000,4.8,7,3,24,1
SYSN10002669,SH8046262,Klairs Làm mềm Exfoliating Toner,243000,4.3,7,12,15,5
SYSN10002670,SH7758787,Laneige Cấp nước Gel Cleanser,1072000,4.1,84,64,18,1
SYSN10002671,SH2515453,Simple Thiên nhiên Balm Cleanser,114000,4.5,6,7,28,1
SYSN10002672,SH6241357,Sulwhasoo Sáng da PA++++ Sunscreen,1909000,4.6,49,54,31,4
SYSN10002673,SH3422826,Murad VN Nhẹ nhàng Brightening Toner,1233000,4.3,426,353,19,5
SYSN10002674,SH3873313,Klairs Thiên nhiên SPF 30 Sunscreen,383000,4.8,90,75,15,4
SYSN10002675,SH8516545,Sulwhasoo Cao cấp Micellar Cleanser,1819000,4.8,28,16,31,1
SYSN10002676,SH8468713,Ohui VN Trắng sáng Hydrating Toner,747000,4.8,444,502,21,5
SYSN10002677,SH8590566,The Face Shop Dưỡng ẩm AHA/BHA Serum,509000,4.5,18,29,32,3
SYSN10002678,SH6075106,Cetaphil Kiểm soát nhờn Vitamin C Serum,247000,4.2,18,18,5,3
SYSN10002679,SH5422047,Hada Labo Kiểm soát nhờn Exfoliating Toner,338000,5.0,162,214,11,5
SYSN10002680,SH7687292,The Ordinary Làm mềm AHA/BHA Serum,571000,4.2,6,3,33,3
SYSN10002681,SH1467368,CeraVe Sáng da Daily Sunscreen,377000,4.3,58,83,4,4
SYSN10002682,SH9774395,Ohui VN Chuyên sâu Peptide Serum,1751000,4.9,21,30,21,3
SYSN10002683,SH9194903,Anessa Chuyên sâu Essence Toner,160000,4.5,17,8,1,5
SYSN10002684,SH3213840,Senka Làm mềm Essence Toner,93000,4.5,23,19,26,5
SYSN10002685,SH9579547,Klairs Làm dịu Foam Cleanser,232000,4.5,14,20,15,1
SYSN10002686,SH8058562,Cocoon Dưỡng ẩm PA++++ Sunscreen,188000,4.3,45,55,7,4
SYSN10002687,SH6676054,Kiehl's VN Phục hồi Foam Cleanser,1009000,4.5,137,141,14,1
SYSN10002688,SH6417440,Cosrx Trắng sáng Exfoliating Toner,254000,4.8,7,6,8,5
SYSN10002689,SH3130343,St. Ives Tăng cường Gel Cleanser,107000,4.4,93,136,30,1
SYSN10002690,SH5700249,L'Oreal Cao cấp Low pH Cleanser,114000,4.5,34,30,16,1
SYSN10002691,SH6176924,Cosrx Trắng sáng Lotion Moisturizer,221000,4.8,348,637,8,2
SYSN10002692,SH6414076,The Ordinary Hiệu quả Barrier Repair Moisturizer,485000,4.5,12,21,33,2
SYSN10002693,SH9955929,Cetaphil Cao cấp Oil Cleanser,283000,4.4,52,72,5,1
SYSN10002694,SH3384438,Beauty of Joseon VN Dưỡng ẩm Balm Cleanser,185000,4.7,10,8,2,1
SYSN10002695,SH8936104,Hada Labo Cấp nước Hydrating Toner,209000,4.6,20,27,11,5
SYSN10002696,SH8168450,Kiehl's VN Cao cấp Barrier Repair Moisturizer,2361000,4.6,105,202,14,2
SYSN10002697,SH9365272,Ohui VN Hiệu quả SPF 30 Sunscreen,1245000,4.7,176,221,21,4
SYSN10002698,SH3687155,Innisfree Thiên nhiên AHA/BHA Serum,533000,4.9,7,9,13,3
SYSN10002699,SH4495991,Cosrx Hiệu quả Peptide Serum,618000,3.9,33,51,8,3
SYSN10002700,SH3746051,Cetaphil Chuyên sâu Hydrating Toner,331000,4.3,33,65,5,5
SYSN10002701,SH5266269,SK-II Chuyên sâu Hyaluronic Acid Serum,2074000,4.5,35,45,25,3
SYSN10002702,SH7447495,Laneige Làm dịu Hydrating Toner,1528000,4.3,11,19,18,5
SYSN10002703,SH5755257,Vaseline Tăng cường Water Resistant Sunscreen,176000,4.4,2,2,34,4
SYSN10002704,SH1049281,Ohui VN Làm mềm Vitamin C Serum,2134000,4.2,10,10,21,3
SYSN10002705,SH5809679,Cosrx Trắng sáng Peptide Serum,614000,4.6,6,11,8,3
SYSN10002706,SH1982702,Neutrogena Nhẹ nhàng Brightening Toner,268000,4.9,3,4,20,5
SYSN10002707,SH3103442,St. Ives Chống lão hóa Low pH Cleanser,105000,4.4,35,45,30,1
SYSN10002708,SH3542799,Bioderma Hiệu quả Gel Cleanser,221000,4.6,165,187,3,1
SYSN10002709,SH4164310,Clean & Clear Trắng sáng Gel Moisturizer,194000,4.6,46,51,6,2
SYSN10002710,SH3341257,Clean & Clear Dưỡng ẩm Vitamin C Serum,87000,4.7,55,109,6,3
SYSN10002711,SH4694011,Some By Mi Chống lão hóa Retinol Serum,534000,4.3,94,84,29,3
SYSN10002712,SH4702852,Murad VN Kiểm soát nhờn Niacinamide Serum,1931000,4.8,68,124,19,3
SYSN10002713,SH6492824,Laneige Trắng sáng Balm Cleanser,1600000,4.4,20,14,18,1
SYSN10002714,SH5115673,Estee Lauder Phục hồi Exfoliating Toner,2369000,4.5,35,58,9,5
SYSN10002715,SH7323234,Hasaki Chống lão hóa PA++++ Sunscreen,86000,4.8,164,282,12,4
SYSN10002716,SH6984503,Anessa Sáng da SPF 50+ Sunscreen,318000,4.2,1,1,1,4
SYSN10002717,SH4065326,Vaseline Chuyên sâu Gel Moisturizer,146000,5.0,190,233,34,2
SYSN10002718,SH4629446,Cosrx Dưỡng ẩm Essence Toner,199000,4.7,3,5,8,5
SYSN10002719,SH4494463,Cetaphil Nhẹ nhàng AHA/BHA Serum,427000,4.6,24,41,5,3
SYSN10002720,SH9991642,Clean & Clear Kiểm soát nhờn SPF 30 Sunscreen,133000,4.5,7,5,6,4
SYSN10002721,SH7341293,Bioderma Làm dịu PA++++ Sunscreen,462000,5.0,121,193,3,4
SYSN10002722,SH2556841,Klairs Tăng cường SPF 30 Sunscreen,316000,4.6,378,253,15,4
SYSN10002723,SH2065817,Innisfree Phục hồi Micellar Cleanser,142000,5.0,15,10,13,1
SYSN10002724,SH8305583,Neutrogena Chuyên sâu Tint Sunscreen,636000,4.3,143,162,20,4
SYSN10002725,SH9991137,Cetaphil Trắng sáng Vitamin C Serum,317000,4.0,4,4,5,3
SYSN10002726,SH4839297,Cetaphil Làm dịu SPF 50+ Sunscreen,258000,4.9,10,11,5,4
SYSN10002727,SH8652215,La Roche-Posay Trắng sáng Peptide Serum,384000,4.6,131,84,17,3
SYSN10002728,SH8619230,Hada Labo Hiệu quả PA++++ Sunscreen,262000,4.4,72,126,11,4
SYSN10002729,SH4320590,Garnier Chuyên sâu Balm Cleanser,112000,4.6,6,5,10,1
SYSN10002730,SH4098520,Bioderma Dưỡng ẩm Cream Moisturizer,300000,5.0,8,6,3,2
SYSN10002731,SH1316533,Shiseido VN Thiên nhiên Micellar Cleanser,2047000,4.7,21,31,27,1
SYSN10002732,SH7859493,Estee Lauder Cấp nước SPF 50+ Sunscreen,1198000,4.8,181,220,9,4
SYSN10002733,SH7741007,Klairs Trắng sáng Vitamin C Serum,502000,4.8,23,26,15,3
SYSN10002734,SH1626767,Anessa Làm dịu Exfoliating Toner,370000,4.5,22,12,1,5
SYSN10002735,SH7338108,Anessa Tăng cường Cream Moisturizer,360000,4.8,13,9,1,2
SYSN10002736,SH4485207,Senka Hiệu quả Cream Moisturizer,141000,4.6,2,1,26,2
SYSN10002737,SH9674209,Paula's Choice Chống lão hóa Hyaluronic Acid Serum,587000,4.9,36,38,22,3
SYSN10002738,SH5753123,Klairs Chuyên sâu Niacinamide Serum,350000,5.0,17,16,15,3
SYSN10002739,SH1083492,Neutrogena Hiệu quả Niacinamide Serum,280000,4.5,41,31,20,3
SYSN10002740,SH6982910,Anessa Hiệu quả Daily Sunscreen,448000,4.7,173,150,1,4
SYSN10002741,SH7048575,L'Oreal Kiểm soát nhờn Balm Cleanser,145000,5.0,159,121,16,1
SYSN10002742,SH7782763,Cosrx Cấp nước Retinol Serum,233000,4.6,107,113,8,3
SYSN10002743,SH5132031,Hada Labo Hiệu quả Hydrating Toner,250000,4.7,45,81,11,5
SYSN10002744,SH7198743,Neutrogena Hiệu quả Oil Cleanser,175000,4.7,20,16,20,1
SYSN10002745,SH7606979,Neutrogena Thiên nhiên Micellar Cleanser,306000,4.5,13,14,20,1
SYSN10002746,SH7840442,Klairs Thiên nhiên AHA/BHA Serum,635000,5.0,1,0,15,3
SYSN10002747,SH4398191,Cetaphil Làm dịu Exfoliating Toner,164000,4.7,12,21,5,5
SYSN10002748,SH8966175,Klairs Tăng cường Cream Moisturizer,302000,4.7,44,27,15,2
SYSN10002749,SH4768255,Clean & Clear Chuyên sâu Barrier Repair Moisturizer,97000,4.4,29,28,6,2
SYSN10002750,SH1438459,Cetaphil Phục hồi Oil Cleanser,337000,4.5,57,63,5,1
SYSN10002751,SH2294596,Laneige Sáng da Exfoliating Toner,1008000,3.8,64,71,18,5
SYSN10002752,SH4300652,Cocoon Chuyên sâu Peptide Serum,208000,4.9,15,23,7,3
SYSN10002753,SH8910966,Bioderma Dưỡng ẩm Niacinamide Serum,497000,4.3,161,247,3,3
SYSN10002754,SH1320427,Hada Labo Thiên nhiên Peptide Serum,226000,4.4,182,242,11,3
SYSN10002755,SH7681222,Cosrx Làm dịu Essence Toner,375000,4.5,27,45,8,5
SYSN10002756,SH3418432,Clean & Clear Làm dịu Daily Sunscreen,178000,4.7,132,214,6,4
SYSN10002757,SH4208725,Vaseline Thiên nhiên SPF 30 Sunscreen,104000,5.0,25,34,34,4
SYSN10002758,SH4610986,Klairs Dưỡng ẩm Hydrating Toner,296000,4.6,472,515,15,5
SYSN10002759,SH7430165,Simple Nhẹ nhàng Oil Cleanser,142000,4.6,14,22,28,1
SYSN10002760,SH4761391,Rovectin Thiên nhiên AHA/BHA Serum,449000,4.6,258,213,24,3
SYSN10002761,SH1462042,Sulwhasoo Hiệu quả Hyaluronic Acid Serum,1723000,4.7,28,18,31,3
SYSN10002762,SH4798720,Klairs Phục hồi Gel Cleanser,343000,4.7,23,19,15,1
SYSN10002763,SH5590782,St. Ives Chuyên sâu SPF 30 Sunscreen,163000,4.4,20,26,30,4
SYSN10002764,SH8284002,Neutrogena Trắng sáng Vitamin C Serum,665000,4.5,4,4,20,3
SYSN10002765,SH5746706,The Face Shop Dưỡng ẩm Niacinamide Serum,494000,4.2,59,80,32,3
SYSN10002766,SH3710352,La Roche-Posay Chuyên sâu Micellar Cleanser,312000,5.0,32,58,17,1
SYSN10002767,SH1553318,Clean & Clear Cấp nước Gel Cleanser,61000,4.7,17,27,6,1
SYSN10002768,SH9421225,Estee Lauder Làm dịu Foam Cleanser,642000,5.0,15,27,9,1
SYSN10002769,SH8138153,Cocoon Trắng sáng Foam Cleanser,89000,4.6,98,58,7,1
SYSN10002770,SH1985840,CeraVe Cấp nước Eye Cream Moisturizer,460000,4.9,264,163,4,2
SYSN10002771,SH3268809,Kiehl's VN Thiên nhiên Exfoliating Toner,1440000,4.6,143,239,14,5
SYSN10002772,SH8783461,Kiehl's VN Làm dịu Foam Cleanser,477000,5.0,8,12,14,1
SYSN10002773,SH3223316,Rovectin Trắng sáng Cream Moisturizer,284000,4.4,109,191,24,2
SYSN10002774,SH4575673,Innisfree Hiệu quả Gel Cleanser,329000,4.3,628,1227,13,1
SYSN10002775,SH2203724,Neutrogena Sáng da Foam Cleanser,264000,4.9,76,65,20,1
SYSN10002776,SH3048736,Klairs Cấp nước Barrier Repair Moisturizer,254000,4.2,27,45,15,2
SYSN10002777,SH4984061,Cetaphil Trắng sáng Vitamin C Serum,266000,5.0,33,20,5,3
SYSN10002778,SH7518553,Rovectin Chống lão hóa Daily Sunscreen,290000,4.7,4,2,24,4
SYSN10002779,SH6232610,Cetaphil Nhẹ nhàng Brightening Toner,285000,4.7,343,631,5,5
SYSN10002780,SH5629123,Cosrx Sáng da Oil Cleanser,239000,3.8,16,20,8,1
SYSN10002781,SH1979022,Klairs Phục hồi Water Resistant Sunscreen,367000,4.5,50,27,15,4
SYSN10002782,SH7742602,Vaseline Chuyên sâu Lotion Moisturizer,136000,4.5,165,134,34,2
SYSN10002783,SH2449920,Kiehl's VN Chuyên sâu Oil Cleanser,2054000,4.9,13,15,14,1
SYSN10002784,SH1134133,Clean & Clear Cấp nước Hyaluronic Acid Serum,126000,4.6,22,26,6,3
SYSN10002785,SH4732633,Shiseido VN Cao cấp Vitamin C Serum,1880000,4.8,2,1,27,3
SYSN10002786,SH9589117,Kiehl's VN Hiệu quả Gel Cleanser,1539000,5.0,160,186,14,1
SYSN10002787,SH1989763,Kiehl's VN Sáng da Peptide Serum,2078000,5.0,2,3,14,3
SYSN10002788,SH2867651,Laneige Kiểm soát nhờn Retinol Serum,2754000,4.5,616,420,18,3
SYSN10002789,SH5763194,The Ordinary Chống lão hóa Peptide Serum,230000,5.0,4,2,33,3
SYSN10002790,SH5985521,Bioderma Sáng da Water Resistant Sunscreen,551000,4.7,79,43,3,4
SYSN10002791,SH7258332,Pond's Phục hồi Vitamin C Serum,140000,4.0,17,31,23,3
SYSN10002792,SH6346637,Rovectin Phục hồi Hyaluronic Acid Serum,299000,4.5,16,31,24,3
SYSN10002793,SH8326285,Garnier Hiệu quả Vitamin C Serum,226000,4.5,81,75,10,3
SYSN10002794,SH8790689,Innisfree Sáng da Cream Moisturizer,226000,4.7,11,14,13,2
SYSN10002795,SH5826778,CeraVe Trắng sáng Lotion Moisturizer,301000,4.3,41,76,4,2
SYSN10002796,SH9565416,Klairs Hiệu quả SPF 30 Sunscreen,234000,4.7,191,313,15,4
SYSN10002797,SH3162462,The Face Shop Làm dịu Oil Cleanser,317000,4.2,1,1,32,1
SYSN10002798,SH6777282,L'Oreal Hiệu quả Foam Cleanser,54000,4.5,203,253,16,1
SYSN10002799,SH2936236,Paula's Choice Hiệu quả Pore Care Toner,185000,4.6,1,1,22,5
SYSN10002800,SH7752786,St. Ives Cao cấp Exfoliating Toner,111000,4.0,107,149,30,5
SYSN10002801,SH6134852,Cetaphil Sáng da Hydrating Toner,242000,4.8,79,122,5,5
SYSN10002802,SH1819381,Some By Mi Cấp nước Pore Care Toner,311000,5.0,7,10,29,5
SYSN10002803,SH1813207,Clean & Clear Nhẹ nhàng Vitamin C Serum,207000,4.9,34,36,6,3
SYSN10002804,SH7695337,Neutrogena Trắng sáng Vitamin C Serum,608000,4.4,87,85,20,3
SYSN10002805,SH1982913,Rovectin Sáng da Hyaluronic Acid Serum,602000,4.7,20,14,24,3
SYSN10002806,SH3696585,Innisfree Sáng da Peptide Serum,402000,4.2,35,51,13,3
SYSN10002807,SH1153516,Innisfree Tăng cường Retinol Serum,305000,4.7,16,20,13,3
SYSN10002808,SH1079984,Estee Lauder Kiểm soát nhờn Hyaluronic Acid Serum,3482000,4.9,7,11,9,3
SYSN10002809,SH7682705,CeraVe Phục hồi PA++++ Sunscreen,476000,3.9,168,235,4,4
SYSN10002810,SH9371621,Klairs Chống lão hóa Tint Sunscreen,300000,4.5,47,63,15,4
SYSN10002811,SH3422611,Innisfree Phục hồi Retinol Serum,396000,4.7,179,256,13,3
SYSN10002812,SH3337057,Bioderma Chuyên sâu Micellar Cleanser,192000,4.6,287,369,3,1
SYSN10002813,SH2520785,Murad VN Chống lão hóa Niacinamide Serum,2546000,5.0,31,36,19,3
SYSN10002814,SH2459833,Anessa Làm dịu SPF 50+ Sunscreen,223000,5.0,366,406,1,4
SYSN10002815,SH7813566,Hasaki Chống lão hóa Pore Care Toner,133000,4.5,42,45,12,5
SYSN10002816,SH6955093,Clean & Clear Cao cấp Exfoliating Toner,144000,4.2,331,538,6,5
SYSN10002817,SH7011139,The Face Shop Hiệu quả Pore Care Toner,174000,4.2,13,6,32,5
SYSN10002818,SH5085564,Senka Chuyên sâu SPF 30 Sunscreen,90000,4.7,2,1,26,4
SYSN10002819,SH1363711,Klairs Chuyên sâu SPF 50+ Sunscreen,344000,4.6,216,167,15,4
SYSN10002820,SH5710588,The Ordinary Cấp nước PA++++ Sunscreen,397000,4.5,58,89,33,4
SYSN10002821,SH3392875,Klairs Sáng da Brightening Toner,214000,5.0,7728,6494,15,5
SYSN10002822,SH7460415,L'Oreal Trắng sáng Exfoliating Toner,61000,4.8,121,178,16,5
SYSN10002823,SH8400298,Cosrx Làm dịu Night Cream Moisturizer,326000,4.1,10,16,8,2
SYSN10002824,SH2751710,Pond's Phục hồi Hyaluronic Acid Serum,237000,4.6,75,140,23,3
SYSN10002825,SH6781442,Hada Labo Dưỡng ẩm Lotion Moisturizer,210000,4.6,221,169,11,2
SYSN10002826,SH2451909,Anessa Chống lão hóa Eye Cream Moisturizer,478000,4.4,163,282,1,2
SYSN10002827,SH3615226,CeraVe Dưỡng ẩm Water Resistant Sunscreen,395000,4.0,46,32,4,4
SYSN10002828,SH7482414,The Face Shop Dưỡng ẩm Niacinamide Serum,232000,5.0,24,34,32,3
SYSN10002829,SH3065345,Anessa Làm mềm Daily Sunscreen,266000,4.7,27,35,1,4
SYSN10002830,SH4702232,Estee Lauder Cấp nước Hyaluronic Acid Serum,2196000,4.4,5,9,9,3
SYSN10002831,SH5107753,Neutrogena Dưỡng ẩm SPF 50+ Sunscreen,550000,4.3,7023,8289,20,4
SYSN10002832,SH5081724,The Face Shop Chống lão hóa Barrier Repair Moisturizer,271000,4.6,608,945,32,2
SYSN10002833,SH7376999,Klairs Cao cấp Peptide Serum,531000,4.9,138,147,15,3
SYSN10002834,SH4384055,Pond's Kiểm soát nhờn Barrier Repair Moisturizer,83000,4.7,0,0,23,2
SYSN10002835,SH1691961,SK-II Chống lão hóa Water Resistant Sunscreen,1374000,4.9,29,18,25,4
SYSN10002836,SH5912991,Vaseline Cấp nước Night Cream Moisturizer,186000,4.5,30,23,34,2
SYSN10002837,SH4071550,Cetaphil Làm mềm Exfoliating Toner,380000,4.1,13,25,5,5
SYSN10002838,SH7580894,Murad VN Chuyên sâu PA++++ Sunscreen,975000,4.7,23,22,19,4
SYSN10002839,SH8144753,The Face Shop Sáng da PA++++ Sunscreen,369000,4.7,28,20,32,4
SYSN10002840,SH7824904,Cetaphil Làm dịu Essence Toner,303000,4.5,10,14,5,5
SYSN10002841,SH6600282,Klairs Kiểm soát nhờn Night Cream Moisturizer,436000,4.5,19,33,15,2
SYSN10002842,SH8011041,Kiehl's VN Thiên nhiên Oil Cleanser,1577000,4.7,77,120,14,1
SYSN10002843,SH4615672,Senka Hiệu quả Eye Cream Moisturizer,101000,4.7,139,123,26,2
SYSN10002844,SH1073322,CeraVe Tăng cường AHA/BHA Serum,276000,4.3,332,258,4,3
SYSN10002845,SH6786275,Rovectin Làm dịu Cream Moisturizer,484000,4.1,265,519,24,2
SYSN10002846,SH1871401,CeraVe Nhẹ nhàng Hydrating Toner,405000,4.4,106,125,4,5
SYSN10002847,SH3416225,Cosrx Chuyên sâu Balm Cleanser,203000,4.4,29,48,8,1
SYSN10002848,SH5525254,Shiseido VN Nhẹ nhàng Balm Cleanser,970000,4.3,368,358,27,1
SYSN10002849,SH4686117,Innisfree Cấp nước SPF 30 Sunscreen,361000,4.2,46,69,13,4
SYSN10002850,SH1822257,The Ordinary Dưỡng ẩm Retinol Serum,484000,4.3,15,27,33,3
SYSN10002851,SH4414838,Murad VN Hiệu quả PA++++ Sunscreen,2486000,4.5,198,159,19,4
SYSN10002852,SH7802685,Clean & Clear Chống lão hóa Pore Care Toner,56000,4.5,2,2,6,5
SYSN10002853,SH5798959,Cetaphil Sáng da Micellar Cleanser,225000,5.0,9,16,5,1
SYSN10002854,SH1872391,Beauty of Joseon VN Cao cấp AHA/BHA Serum,305000,4.4,206,138,2,3
SYSN10002855,SH1837493,Cosrx Tăng cường Retinol Serum,417000,4.7,172,298,8,3
SYSN10002856,SH9901929,Hada Labo Hiệu quả Hyaluronic Acid Serum,473000,4.7,20,31,11,3
SYSN10002857,SH1599321,Murad VN Kiểm soát nhờn AHA/BHA Serum,1566000,4.9,79,73,19,3
SYSN10002858,SH9539119,Paula's Choice Cấp nước Niacinamide Serum,452000,4.6,127,128,22,3
SYSN10002859,SH4644707,Rovectin Kiểm soát nhờn Hydrating Toner,399000,4.4,0,0,24,5
SYSN10002860,SH7766517,La Roche-Posay Trắng sáng SPF 50+ Sunscreen,180000,4.8,34,43,17,4
SYSN10002861,SH1624142,Laneige Trắng sáng SPF 50+ Sunscreen,703000,4.9,59,43,18,4
SYSN10002862,SH2567140,Paula's Choice Cấp nước Cream Moisturizer,440000,4.6,113,74,22,2
SYSN10002863,SH8885674,Ohui VN Trắng sáng SPF 50+ Sunscreen,2169000,4.9,67,116,21,4
SYSN10002864,SH2101808,L'Oreal Cấp nước SPF 30 Sunscreen,171000,4.4,100,121,16,4
SYSN10002865,SH2123634,Paula's Choice Tăng cường PA++++ Sunscreen,342000,4.7,38,52,22,4
SYSN10002866,SH9542620,SK-II Phục hồi SPF 30 Sunscreen,1469000,4.5,106,78,25,4
SYSN10002867,SH6622902,Laneige Làm mềm Daily Sunscreen,1448000,5.0,54,72,18,4
SYSN10002868,SH4489954,Clean & Clear Sáng da Tint Sunscreen,93000,5.0,31,15,6,4
SYSN10002869,SH9036116,Bioderma Chống lão hóa Niacinamide Serum,245000,4.7,4,6,3,3
SYSN10002870,SH2027269,Pond's Tăng cường Low pH Cleanser,52000,5.0,69,51,23,1
SYSN10002871,SH8836901,Beauty of Joseon VN Dưỡng ẩm Foam Cleanser,244000,4.4,269,464,2,1
SYSN10002872,SH8661818,Murad VN Chuyên sâu Cream Moisturizer,2753000,4.5,5,8,19,2
SYSN10002873,SH2945379,St. Ives Làm mềm Night Cream Moisturizer,152000,4.8,36,24,30,2
SYSN10002874,SH1018399,Laneige Phục hồi Niacinamide Serum,1433000,4.7,16,26,18,3
SYSN10002875,SH5675106,CeraVe Nhẹ nhàng SPF 30 Sunscreen,452000,4.7,17,12,4,4
SYSN10002876,SH9110583,Rovectin Nhẹ nhàng PA++++ Sunscreen,477000,4.7,27,47,24,4
SYSN10002877,SH8167112,Klairs Thiên nhiên Daily Sunscreen,458000,4.6,25,47,15,4
SYSN10002878,SH6869794,Hada Labo Cấp nước Balm Cleanser,193000,5.0,10,16,11,1
SYSN10002879,SH9791515,Klairs Cấp nước Daily Sunscreen,232000,4.4,198,352,15,4
SYSN10002880,SH7373024,SK-II Chống lão hóa Hydrating Toner,1715000,4.9,1,1,25,5
SYSN10002881,SH2274041,Garnier Sáng da Essence Toner,65000,4.3,6,9,10,5
SYSN10002882,SH5081001,Cetaphil Chuyên sâu Brightening Toner,230000,4.6,121,136,5,5
SYSN10002883,SH2613678,Simple Dưỡng ẩm PA++++ Sunscreen,91000,4.4,10,5,28,4
SYSN10002884,SH7733128,Some By Mi Chống lão hóa Essence Toner,208000,4.3,66,67,29,5
SYSN10002885,SH4410943,Innisfree Làm mềm Peptide Serum,656000,4.5,738,613,13,3
SYSN10002886,SH2808532,Innisfree Chống lão hóa Balm Cleanser,287000,4.6,53,49,13,1
SYSN10002887,SH7931802,Clean & Clear Kiểm soát nhờn Low pH Cleanser,90000,4.7,6,11,6,1
SYSN10002888,SH9302292,Garnier Trắng sáng SPF 30 Sunscreen,71000,4.6,125,192,10,4
SYSN10002889,SH5426997,The Ordinary Tăng cường Water Resistant Sunscreen,256000,4.3,19,33,33,4
SYSN10002890,SH1576844,Garnier Hiệu quả Vitamin C Serum,190000,4.1,188,288,10,3
SYSN10002891,SH7324847,Rovectin Chuyên sâu Hyaluronic Acid Serum,306000,4.6,14,23,24,3
SYSN10002892,SH2921689,Cetaphil Làm mềm Foam Cleanser,320000,4.1,123,135,5,1
SYSN10002893,SH8059996,Shiseido VN Tăng cường Exfoliating Toner,1292000,5.0,209,369,27,5
SYSN10002894,SH1976642,L'Oreal Thiên nhiên Gel Cleanser,74000,4.7,375,219,16,1
SYSN10002895,SH2911898,L'Oreal Kiểm soát nhờn Niacinamide Serum,157000,4.5,611,971,16,3
SYSN10002896,SH5675458,Murad VN Tăng cường Exfoliating Toner,1255000,4.4,292,174,19,5
SYSN10002897,SH5404222,Senka Dưỡng ẩm Gel Moisturizer,176000,4.7,38,59,26,2
SYSN10002898,SH1414943,Sulwhasoo Thiên nhiên Water Resistant Sunscreen,3041000,4.4,149,188,31,4
SYSN10002899,SH6085171,Clean & Clear Cao cấp Lotion Moisturizer,59000,4.5,90,150,6,2
SYSN10002900,SH2481041,Vaseline Trắng sáng Exfoliating Toner,100000,4.5,136,75,34,5
SYSN10002901,SH9341542,Bioderma Cấp nước Balm Cleanser,228000,5.0,144272,273366,3,1
SYSN10002902,SH6174508,Anessa Trắng sáng Balm Cleanser,197000,4.6,106,75,1,1
SYSN10002903,SH2742243,Shiseido VN Dưỡng ẩm AHA/BHA Serum,2283000,4.7,75,83,27,3
SYSN10002904,SH3101602,Ohui VN Cao cấp Tint Sunscreen,1167000,4.1,61,90,21,4
SYSN10002905,SH6998442,Bioderma Thiên nhiên Eye Cream Moisturizer,565000,5.0,438,235,3,2
SYSN10002906,SH3666156,Garnier Chống lão hóa Night Cream Moisturizer,156000,5.0,27,20,10,2
SYSN10002907,SH8508580,Senka Phục hồi Daily Sunscreen,105000,4.6,591,866,26,4
SYSN10002908,SH1011337,Garnier Sáng da Daily Sunscreen,87000,5.0,14,16,10,4
SYSN10002909,SH8996376,The Face Shop Tăng cường Hyaluronic Acid Serum,447000,4.2,52,63,32,3
SYSN10002910,SH4153461,St. Ives Kiểm soát nhờn SPF 50+ Sunscreen,74000,4.5,80,149,30,4
SYSN10002911,SH8395677,La Roche-Posay Trắng sáng Hydrating Toner,342000,4.6,9,5,17,5
SYSN10002912,SH6913626,Klairs Sáng da SPF 30 Sunscreen,285000,5.0,27,48,15,4
SYSN10002913,SH8189549,Cosrx Kiểm soát nhờn Hyaluronic Acid Serum,373000,4.5,33,18,8,3
SYSN10002914,SH4035787,The Ordinary Nhẹ nhàng Pore Care Toner,332000,4.5,149,191,33,5
SYSN10002915,SH4907657,Rovectin Chuyên sâu Essence Toner,242000,4.5,1441,2109,24,5
SYSN10002916,SH9508997,The Ordinary Trắng sáng Vitamin C Serum,442000,4.9,36,39,33,3
SYSN10002917,SH6781924,Some By Mi Sáng da Daily Sunscreen,248000,5.0,16,11,29,4
SYSN10002918,SH1263021,Klairs Chuyên sâu Vitamin C Serum,499000,4.1,12,12,15,3
SYSN10002919,SH5390248,Bioderma Hiệu quả Exfoliating Toner,318000,4.6,65,109,3,5
SYSN10002920,SH5836541,Laneige Hiệu quả Brightening Toner,1954000,4.6,44,87,18,5
SYSN10002921,SH5648789,Shiseido VN Hiệu quả Daily Sunscreen,2198000,4.7,159,152,27,4
SYSN10002922,SH1833822,Shiseido VN Làm dịu Oil Cleanser,1913000,4.8,117,184,27,1
SYSN10002923,SH5267887,Rovectin Phục hồi PA++++ Sunscreen,267000,4.4,118,117,24,4
SYSN10002924,SH8026853,The Face Shop Cao cấp Daily Sunscreen,312000,4.4,100,103,32,4
SYSN10002925,SH4835957,Ohui VN Kiểm soát nhờn Micellar Cleanser,1645000,4.4,104,155,21,1
SYSN10002926,SH8284274,Anessa Phục hồi Oil Cleanser,232000,4.7,54,106,1,1
SYSN10002927,SH9800067,Rovectin Tăng cường Tint Sunscreen,445000,4.9,184,221,24,4
SYSN10002928,SH4664866,Rovectin Kiểm soát nhờn Balm Cleanser,361000,4.5,7,10,24,1
SYSN10002929,SH6657553,Shiseido VN Nhẹ nhàng Water Resistant Sunscreen,596000,4.7,143,257,27,4
SYSN10002930,SH1534875,Pond's Tăng cường Vitamin C Serum,194000,4.5,90,125,23,3
SYSN10002931,SH3889293,Some By Mi Làm dịu SPF 30 Sunscreen,431000,4.9,16,30,29,4
SYSN10002932,SH3380326,Laneige Làm mềm AHA/BHA Serum,2703000,4.6,139,245,18,3
SYSN10002933,SH5054870,Vaseline Dưỡng ẩm AHA/BHA Serum,127000,4.7,154,206,34,3
SYSN10002934,SH3225585,Cetaphil Chuyên sâu SPF 50+ Sunscreen,547000,4.8,8,12,5,4
SYSN10002935,SH6228650,Rovectin Trắng sáng Water Resistant Sunscreen,463000,4.7,164,133,24,4
SYSN10002936,SH4901379,Ohui VN Chuyên sâu AHA/BHA Serum,1758000,4.4,429,744,21,3
SYSN10002937,SH3386328,L'Oreal Trắng sáng Essence Toner,88000,4.5,54,46,16,5
SYSN10002938,SH8729583,Murad VN Thiên nhiên Retinol Serum,1495000,4.5,32,55,19,3
SYSN10002939,SH1857526,Garnier Trắng sáng PA++++ Sunscreen,109000,4.7,104,133,10,4
SYSN10002940,SH2346321,Rovectin Tăng cường Micellar Cleanser,380000,4.8,664,590,24,1
SYSN10002941,SH2315207,Simple Trắng sáng Hyaluronic Acid Serum,229000,4.2,5,6,28,3
SYSN10002942,SH1524298,Rovectin Nhẹ nhàng Brightening Toner,343000,4.6,587,1106,24,5
SYSN10002943,SH8419922,Cosrx Phục hồi SPF 30 Sunscreen,289000,4.8,25,21,8,4
SYSN10002944,SH3798207,SK-II Cấp nước Hyaluronic Acid Serum,2891000,4.7,12,19,25,3
SYSN10002945,SH9575908,Senka Trắng sáng Peptide Serum,189000,4.4,62,121,26,3
SYSN10002946,SH8239156,La Roche-Posay Trắng sáng SPF 30 Sunscreen,361000,4.8,7,6,17,4
SYSN10002947,SH6213765,Cosrx Dưỡng ẩm Oil Cleanser,168000,4.2,8,8,8,1
SYSN10002948,SH8025845,Garnier Thiên nhiên Exfoliating Toner,63000,4.8,27,31,10,5
SYSN10002949,SH9908966,Bioderma Cao cấp Retinol Serum,236000,4.7,1677,3152,3,3
SYSN10002950,SH1959393,Cosrx Chống lão hóa AHA/BHA Serum,320000,5.0,9,6,8,3
SYSN10002951,SH3947827,Some By Mi Kiểm soát nhờn Retinol Serum,402000,4.2,120,201,29,3
SYSN10002952,SH8827548,SK-II Cấp nước Niacinamide Serum,1654000,4.6,79,61,25,3
SYSN10002953,SH5341285,Klairs Chuyên sâu Hyaluronic Acid Serum,416000,4.9,167,132,15,3
SYSN10002954,SH4775273,Neutrogena Tăng cường Pore Care Toner,339000,4.5,76,142,20,5
SYSN10002955,SH9114202,Garnier Làm mềm Peptide Serum,131000,4.5,90,61,10,3
SYSN10002956,SH8846695,Rovectin Thiên nhiên Daily Sunscreen,400000,4.4,195,274,24,4
SYSN10002957,SH3713273,Cosrx Cao cấp Exfoliating Toner,394000,4.7,1,1,8,5
SYSN10002958,SH3610866,La Roche-Posay Phục hồi Oil Cleanser,413000,4.2,117,86,17,1
SYSN10002959,SH8726065,Cosrx Phục hồi Niacinamide Serum,580000,4.6,9,10,8,3
SYSN10002960,SH1016421,Klairs Làm mềm Brightening Toner,445000,4.6,287,333,15,5
SYSN10002961,SH5266371,Simple Dưỡng ẩm Exfoliating Toner,92000,4.6,15,13,28,5
SYSN10002962,SH9736618,Anessa Nhẹ nhàng Brightening Toner,412000,4.7,124,107,1,5
SYSN10002963,SH1927615,Shiseido VN Tăng cường Low pH Cleanser,1144000,4.5,25,18,27,1
SYSN10002964,SH1142754,Senka Làm dịu SPF 50+ Sunscreen,119000,4.8,14,19,26,4
SYSN10002965,SH3452756,Vaseline Kiểm soát nhờn SPF 50+ Sunscreen,121000,4.4,130,111,34,4
SYSN10002966,SH8489470,Paula's Choice Chống lão hóa Low pH Cleanser,156000,4.6,327,248,22,1
SYSN10002967,SH6209399,Paula's Choice Trắng sáng Essence Toner,374000,5.0,1,0,22,5
SYSN10002968,SH1528923,Garnier Chống lão hóa Retinol Serum,218000,5.0,58,96,10,3
SYSN10002969,SH7896688,Shiseido VN Nhẹ nhàng Essence Toner,527000,4.4,67,55,27,5
SYSN10002970,SH5119360,Simple Làm mềm Low pH Cleanser,140000,4.7,328,527,28,1
SYSN10002971,SH4090149,Neutrogena Làm mềm Tint Sunscreen,341000,5.0,30,17,20,4
SYSN10002972,SH1148226,Cosrx Thiên nhiên Niacinamide Serum,326000,4.9,97,114,8,3
SYSN10002973,SH6379463,Some By Mi Kiểm soát nhờn AHA/BHA Serum,424000,4.8,0,0,29,3
SYSN10002974,SH2350621,Cosrx Hiệu quả Peptide Serum,421000,4.7,2,2,8,3
SYSN10002975,SH7634179,Beauty of Joseon VN Sáng da SPF 30 Sunscreen,438000,4.6,117,118,2,4
SYSN10002976,SH8485108,Hada Labo Làm mềm Retinol Serum,576000,4.2,545,872,11,3
SYSN10002977,SH6945432,Hada Labo Phục hồi Brightening Toner,234000,4.3,62,68,11,5
SYSN10002978,SH7097786,St. Ives Tăng cường SPF 50+ Sunscreen,134000,4.7,215,266,30,4
SYSN10002979,SH3345284,St. Ives Chống lão hóa Vitamin C Serum,96000,4.6,153,126,30,3
SYSN10002980,SH5984835,Shiseido VN Làm dịu Essence Toner,1099000,4.5,5,8,27,5
SYSN10002981,SH2201556,Bioderma Trắng sáng Daily Sunscreen,273000,4.4,50,85,3,4
SYSN10002982,SH5958029,Rovectin Chống lão hóa Hyaluronic Acid Serum,669000,4.3,1625,2058,24,3
SYSN10002983,SH9039605,Hada Labo Làm dịu Tint Sunscreen,437000,4.2,266,143,11,4
SYSN10002984,SH9104003,Klairs Thiên nhiên Water Resistant Sunscreen,312000,4.6,196,370,15,4
SYSN10002985,SH4689130,L'Oreal Kiểm soát nhờn Micellar Cleanser,109000,4.6,24,29,16,1
SYSN10002986,SH6780009,Bioderma Hiệu quả Gel Cleanser,223000,4.3,3,4,3,1
SYSN10002987,SH1967224,Simple Làm mềm Gel Moisturizer,135000,4.7,33,35,28,2
SYSN10002988,SH3435279,Estee Lauder Thiên nhiên Daily Sunscreen,1497000,4.7,17,23,9,4
SYSN10002989,SH4230948,The Ordinary Kiểm soát nhờn SPF 50+ Sunscreen,256000,4.8,34,18,33,4
SYSN10002990,SH8519541,Hada Labo Tăng cường Tint Sunscreen,344000,5.0,28,36,11,4
SYSN10002991,SH1954291,Neutrogena Sáng da Niacinamide Serum,472000,4.7,20,19,20,3
SYSN10002992,SH9670192,Sulwhasoo Tăng cường Tint Sunscreen,1212000,4.7,54,86,31,4
SYSN10002993,SH6257695,La Roche-Posay Phục hồi Oil Cleanser,200000,4.7,69,76,17,1
SYSN10002994,SH6912275,Cosrx Tăng cường Night Cream Moisturizer,268000,4.6,21,24,8,2
SYSN10002995,SH4656067,Hada Labo Cấp nước Eye Cream Moisturizer,187000,4.7,4,4,11,2
SYSN10002996,SH1898452,Bioderma Nhẹ nhàng AHA/BHA Serum,248000,4.6,11,11,3,3
SYSN10002997,SH6839461,Senka Làm mềm Niacinamide Serum,197000,4.3,57,44,26,3
SYSN10002998,SH5061376,Bioderma Hiệu quả Vitamin C Serum,464000,4.9,16,9,3,3
SYSN10002999,SH1944260,Some By Mi Làm dịu Gel Cleanser,352000,5.0,44,38,29,1
SYSN10003000,SH4773320,Vaseline Kiểm soát nhờn Micellar Cleanser,93000,4.7,30,30,34,1
SYSN10003001,SH3074710,Shiseido VN Kiểm soát nhờn Eye Cream Moisturizer,2610000,4.6,48,35,27,2
SYSN10003002,SH8347503,Garnier Trắng sáng Hyaluronic Acid Serum,166000,4.4,2995,5130,10,3
SYSN10003003,SH5262432,Vaseline Chuyên sâu Gel Cleanser,105000,4.5,30,52,34,1
SYSN10003004,SH4151929,Kiehl's VN Nhẹ nhàng Retinol Serum,1876000,4.2,5,5,14,3
SYSN10003005,SH2638595,Klairs Làm dịu Micellar Cleanser,185000,4.5,359,623,15,1
SYSN10003006,SH5066150,Sulwhasoo Sáng da SPF 50+ Sunscreen,2297000,4.6,33,16,31,4
SYSN10003007,SH8191536,Vaseline Dưỡng ẩm Water Resistant Sunscreen,170000,4.6,12,18,34,4
SYSN10003008,SH1538723,Innisfree Thiên nhiên Lotion Moisturizer,463000,4.7,8,10,13,2
SYSN10003009,SH2559402,St. Ives Tăng cường Gel Moisturizer,148000,5.0,11,12,30,2
SYSN10003010,SH1482896,Klairs Làm mềm Niacinamide Serum,700000,4.5,7,8,15,3
SYSN10003011,SH4024255,Neutrogena Thiên nhiên Daily Sunscreen,352000,4.5,2,1,20,4
SYSN10003012,SH4850943,Pond's Kiểm soát nhờn Balm Cleanser,75000,4.7,327,561,23,1
SYSN10003013,SH1241860,Bioderma Thiên nhiên Micellar Cleanser,226000,4.6,86,55,3,1
SYSN10003014,SH5542450,Neutrogena Cao cấp Balm Cleanser,139000,4.6,10,7,20,1
SYSN10003015,SH8368859,Cetaphil Làm dịu Peptide Serum,521000,4.5,0,0,5,3
SYSN10003016,SH5596360,Sulwhasoo Cấp nước Lotion Moisturizer,1344000,4.7,1893,969,31,2
SYSN10003017,SH2089741,Bioderma Nhẹ nhàng Peptide Serum,444000,4.6,826,1524,3,3
SYSN10003018,SH1936211,Garnier Trắng sáng PA++++ Sunscreen,105000,4.9,347,438,10,4
SYSN10003019,SH7431224,Simple Tăng cường Gel Moisturizer,133000,4.5,16,15,28,2
SYSN10003020,SH9057843,Anessa Phục hồi Exfoliating Toner,300000,4.5,101,108,1,5
SYSN10003021,SH6821259,Beauty of Joseon VN Sáng da Foam Cleanser,254000,4.4,110,93,2,1
SYSN10003022,SH4219121,Cosrx Hiệu quả Peptide Serum,374000,4.6,77,108,8,3
SYSN10003023,SH3496387,Neutrogena Chuyên sâu Low pH Cleanser,454000,4.4,356,335,20,1
SYSN10003024,SH6031620,Bioderma Phục hồi Foam Cleanser,316000,4.6,61,92,3,1
SYSN10003025,SH9838407,Bioderma Nhẹ nhàng Vitamin C Serum,532000,4.4,87,93,3,3
SYSN10003026,SH5179026,Cetaphil Làm dịu Exfoliating Toner,170000,4.3,42,66,5,5
SYSN10003027,SH5512879,Ohui VN Làm mềm Cream Moisturizer,2104000,4.2,9,7,21,2
SYSN10003028,SH7261552,The Face Shop Hiệu quả Eye Cream Moisturizer,206000,4.8,9,12,32,2
SYSN10003029,SH8079136,Sulwhasoo Cao cấp Balm Cleanser,436000,4.3,15,13,31,1
SYSN10003030,SH8682401,St. Ives Làm dịu Gel Cleanser,64000,4.8,234,160,30,1
SYSN10003031,SH8639157,SK-II Kiểm soát nhờn Peptide Serum,972000,4.5,494,404,25,3
SYSN10003032,SH8209161,Clean & Clear Cấp nước Pore Care Toner,84000,4.6,61,71,6,5
SYSN10003033,SH1373276,Hada Labo Nhẹ nhàng Oil Cleanser,218000,4.9,146,264,11,1
SYSN10003034,SH4605302,St. Ives Dưỡng ẩm Vitamin C Serum,134000,4.4,185,314,30,3
SYSN10003035,SH7014574,St. Ives Làm mềm Night Cream Moisturizer,56000,4.6,20,22,30,2
SYSN10003036,SH7448481,Sulwhasoo Trắng sáng Low pH Cleanser,1714000,4.6,27,33,31,1
SYSN10003037,SH7172964,Garnier Phục hồi Low pH Cleanser,79000,4.9,26,36,10,1
SYSN10003038,SH6622443,Neutrogena Chuyên sâu Gel Cleanser,189000,4.1,83,138,20,1
SYSN10003039,SH3276910,L'Oreal Dưỡng ẩm Hydrating Toner,140000,4.4,232,403,16,5
SYSN10003040,SH3815529,Cosrx Kiểm soát nhờn AHA/BHA Serum,417000,4.4,136,251,8,3
SYSN10003041,SH5038568,The Ordinary Cao cấp Daily Sunscreen,392000,4.6,74,96,33,4
SYSN10003042,SH2196967,Hada Labo Kiểm soát nhờn PA++++ Sunscreen,205000,4.9,10,14,11,4
SYSN10003043,SH7465311,Hada Labo Chuyên sâu Gel Cleanser,209000,4.9,9,7,11,1
SYSN10003044,SH3370656,Simple Cao cấp Vitamin C Serum,137000,4.4,58,67,28,3
SYSN10003045,SH9450936,Paula's Choice Chuyên sâu Micellar Cleanser,239000,4.7,37,66,22,1
SYSN10003046,SH8966629,St. Ives Hiệu quả Night Cream Moisturizer,110000,4.7,13,7,30,2
SYSN10003047,SH6101021,Paula's Choice Làm dịu SPF 30 Sunscreen,403000,4.6,34,51,22,4
SYSN10003048,SH5103793,Klairs Nhẹ nhàng Low pH Cleanser,201000,4.7,14,11,15,1
SYSN10003049,SH2489435,Bioderma Cấp nước Low pH Cleanser,236000,4.6,19,23,3,1
SYSN10003050,SH8743537,St. Ives Làm mềm Lotion Moisturizer,92000,4.9,46,84,30,2
SYSN10003051,SH6253981,Paula's Choice Kiểm soát nhờn Tint Sunscreen,281000,4.4,73,112,22,4
SYSN10003052,SH9318064,Klairs Làm dịu Night Cream Moisturizer,351000,4.7,12,23,15,2
SYSN10003053,SH6608326,Bioderma Nhẹ nhàng Peptide Serum,234000,4.7,36,25,3,3
SYSN10003054,SH5026970,Pond's Hiệu quả Vitamin C Serum,106000,5.0,6,7,23,3
SYSN10003055,SH9053373,Neutrogena Cao cấp Gel Cleanser,156000,4.6,8,9,20,1
SYSN10003056,SH8905164,Bioderma Tăng cường SPF 50+ Sunscreen,404000,4.8,10,16,3,4
SYSN10003057,SH1780330,Senka Nhẹ nhàng AHA/BHA Serum,67000,5.0,82,111,26,3
SYSN10003058,SH5062907,Hada Labo Chống lão hóa Peptide Serum,564000,5.0,47,76,11,3
SYSN10003059,SH7131350,Kiehl's VN Cấp nước AHA/BHA Serum,2698000,4.6,103,89,14,3
SYSN10003060,SH1226136,Clean & Clear Chuyên sâu Vitamin C Serum,197000,4.4,51,91,6,3
SYSN10003061,SH5119055,Ohui VN Dưỡng ẩm SPF 50+ Sunscreen,1162000,4.6,131,225,21,4
SYSN10003062,SH9419884,Simple Hiệu quả Low pH Cleanser,92000,5.0,1,1,28,1
SYSN10003063,SH4607712,CeraVe Kiểm soát nhờn PA++++ Sunscreen,268000,4.4,28,45,4,4
SYSN10003064,SH8527555,Cosrx Làm mềm Lotion Moisturizer,260000,4.8,216,245,8,2
SYSN10003065,SH8743662,St. Ives Nhẹ nhàng Micellar Cleanser,88000,4.7,16,25,30,1
SYSN10003066,SH1265461,Kiehl's VN Nhẹ nhàng Foam Cleanser,1115000,4.6,20,32,14,1
SYSN10003067,SH2137485,Klairs Kiểm soát nhờn SPF 50+ Sunscreen,248000,4.3,66,60,15,4
SYSN10003068,SH8093626,Anessa Làm mềm Retinol Serum,232000,4.8,0,0,1,3
SYSN10003069,SH3609965,Bioderma Chống lão hóa Niacinamide Serum,518000,4.3,56,33,3,3
SYSN10003070,SH9129458,Ohui VN Làm dịu Vitamin C Serum,1355000,4.7,62,59,21,3
SYSN10003071,SH6697277,Pond's Kiểm soát nhờn Low pH Cleanser,67000,4.7,16,12,23,1
SYSN10003072,SH5731610,Senka Làm dịu Eye Cream Moisturizer,127000,4.7,4,2,26,2
SYSN10003073,SH6995317,The Face Shop Cao cấp Gel Moisturizer,235000,4.7,74,147,32,2
SYSN10003074,SH6074207,Clean & Clear Làm mềm Brightening Toner,45000,4.8,333,214,6,5
SYSN10003075,SH6961641,The Face Shop Chống lão hóa Vitamin C Serum,749000,4.4,13,16,32,3
SYSN10003076,SH4523842,Kiehl's VN Tăng cường Cream Moisturizer,2455000,4.8,10,19,14,2
SYSN10003077,SH6766785,Simple Tăng cường Balm Cleanser,97000,4.4,1,1,28,1
SYSN10003078,SH3865701,Rovectin Thiên nhiên Essence Toner,340000,4.7,4,7,24,5
SYSN10003079,SH3983232,Simple Hiệu quả PA++++ Sunscreen,97000,4.4,133,109,28,4
SYSN10003080,SH1688743,Neutrogena Trắng sáng Pore Care Toner,225000,4.5,13,20,20,5
SYSN10003081,SH3903287,Clean & Clear Nhẹ nhàng Foam Cleanser,82000,4.5,52,50,6,1
SYSN10003082,SH1872786,Ohui VN Hiệu quả Foam Cleanser,904000,4.8,19911,35055,21,1
SYSN10003083,SH2462235,Innisfree Trắng sáng Hyaluronic Acid Serum,304000,4.8,1134,1070,13,3
SYSN10003084,SH6380919,SK-II Trắng sáng Vitamin C Serum,3161000,4.6,13,10,25,3
SYSN10003085,SH2674504,Innisfree Chuyên sâu Essence Toner,279000,4.6,38,69,13,5
SYSN10003086,SH8660787,The Face Shop Tăng cường Hydrating Toner,225000,5.0,8,8,32,5
SYSN10003087,SH4083015,Vaseline Trắng sáng Hyaluronic Acid Serum,105000,4.7,54,75,34,3
SYSN10003088,SH6147015,Pond's Cấp nước SPF 50+ Sunscreen,171000,4.6,556,848,23,4
SYSN10003089,SH7384324,Sulwhasoo Chuyên sâu Brightening Toner,637000,4.5,5,7,31,5
SYSN10003090,SH3071950,Garnier Chống lão hóa Hyaluronic Acid Serum,107000,4.3,8,8,10,3
SYSN10003091,SH7746260,Murad VN Tăng cường Brightening Toner,2003000,4.4,38,28,19,5
SYSN10003092,SH5546458,Garnier Chuyên sâu Foam Cleanser,68000,5.0,95,118,10,1
SYSN10003093,SH3172754,Paula's Choice Làm mềm Hydrating Toner,363000,4.3,13,21,22,5
SYSN10003094,SH8772927,Garnier Chuyên sâu SPF 50+ Sunscreen,146000,4.7,26,48,10,4
SYSN10003095,SH8769203,Anessa Kiểm soát nhờn SPF 30 Sunscreen,234000,4.6,529,1009,1,4
SYSN10003096,SH9585231,Anessa Tăng cường SPF 50+ Sunscreen,552000,4.3,23,42,1,4
SYSN10003097,SH5832444,Sulwhasoo Dưỡng ẩm Brightening Toner,1303000,4.5,2234,2968,31,5
SYSN10003098,SH6040478,Some By Mi Cao cấp Lotion Moisturizer,410000,4.7,58,106,29,2
SYSN10003099,SH1390804,Klairs Nhẹ nhàng Cream Moisturizer,352000,4.8,24,21,15,2
SYSN10003100,SH4426540,Vaseline Làm dịu Low pH Cleanser,117000,4.6,0,0,34,1
SYSN10003101,SH9906069,Anessa Làm mềm Balm Cleanser,280000,4.6,54,68,1,1
SYSN10003102,SH4987189,Hada Labo Sáng da Pore Care Toner,317000,4.5,1,0,11,5
SYSN10003103,SH1386380,Anessa Cao cấp Gel Moisturizer,522000,4.3,183,334,1,2
SYSN10003104,SH5648869,Hada Labo Làm mềm Hydrating Toner,202000,4.3,368,551,11,5
SYSN10003105,SH6524250,Senka Phục hồi Cream Moisturizer,75000,4.7,272,185,26,2
SYSN10003106,SH5862847,Cetaphil Chống lão hóa Eye Cream Moisturizer,266000,4.5,17,16,5,2
SYSN10003107,SH6161099,Klairs Phục hồi Hydrating Toner,230000,4.8,173,200,15,5
SYSN10003108,SH1944480,Shiseido VN Chuyên sâu Foam Cleanser,850000,4.6,250,432,27,1
SYSN10003109,SH9565320,Clean & Clear Làm dịu Peptide Serum,130000,4.5,87,142,6,3
SYSN10003110,SH3503994,Clean & Clear Cấp nước Micellar Cleanser,101000,4.4,6383,8869,6,1
SYSN10003111,SH3764040,Ohui VN Kiểm soát nhờn Exfoliating Toner,2001000,4.5,0,0,21,5
SYSN10003112,SH8328113,Anessa Dưỡng ẩm Exfoliating Toner,335000,4.2,751,1387,1,5
SYSN10003113,SH9308229,Clean & Clear Chuyên sâu Tint Sunscreen,68000,4.5,11,13,6,4
SYSN10003114,SH5709807,The Face Shop Nhẹ nhàng PA++++ Sunscreen,305000,4.7,44,59,32,4
SYSN10003115,SH6408592,SK-II Làm mềm SPF 50+ Sunscreen,917000,4.7,311,574,25,4
SYSN10003116,SH5605983,Anessa Làm mềm Pore Care Toner,195000,4.7,3,3,1,5
SYSN10003117,SH7472175,Cocoon Kiểm soát nhờn Hyaluronic Acid Serum,278000,4.6,140,213,7,3
SYSN10003118,SH8120263,Simple Làm mềm Water Resistant Sunscreen,91000,3.9,219,193,28,4
SYSN10003119,SH8312018,Cetaphil Hiệu quả Micellar Cleanser,277000,4.3,37,35,5,1
SYSN10003120,SH1835847,Hada Labo Dưỡng ẩm Daily Sunscreen,456000,4.4,5,6,11,4
SYSN10003121,SH4215710,Senka Hiệu quả Brightening Toner,79000,4.9,18,31,26,5
SYSN10003122,SH5710737,Rovectin Thiên nhiên Exfoliating Toner,436000,4.4,32,22,24,5
SYSN10003123,SH9046308,L'Oreal Chống lão hóa Pore Care Toner,56000,4.6,7,7,16,5
SYSN10003124,SH2389365,Neutrogena Dưỡng ẩm Low pH Cleanser,176000,4.6,15,25,20,1
SYSN10003125,SH1084021,Paula's Choice Kiểm soát nhờn Hyaluronic Acid Serum,351000,4.7,12,7,22,3
SYSN10003126,SH7714998,Vaseline Cấp nước Peptide Serum,197000,4.7,80,158,34,3
SYSN10003127,SH5111229,Neutrogena Tăng cường Cream Moisturizer,284000,4.8,115,158,20,2
SYSN10003128,SH3311667,Neutrogena Chuyên sâu Oil Cleanser,276000,4.9,28,34,20,1
SYSN10003129,SH3569548,Neutrogena Trắng sáng SPF 50+ Sunscreen,355000,5.0,61,95,20,4
SYSN10003130,SH1714268,Garnier Nhẹ nhàng PA++++ Sunscreen,89000,4.8,17,12,10,4
SYSN10003131,SH4649178,Cetaphil Cao cấp Barrier Repair Moisturizer,236000,4.1,122,162,5,2
SYSN10003132,SH3662793,Cetaphil Thiên nhiên SPF 50+ Sunscreen,359000,4.4,69,74,5,4
SYSN10003133,SH5841424,Clean & Clear Làm dịu Peptide Serum,130000,4.2,130,210,6,3
SYSN10003134,SH2678642,Senka Trắng sáng Micellar Cleanser,117000,4.6,392,553,26,1
SYSN10003135,SH6015302,Anessa Làm dịu Daily Sunscreen,209000,4.6,138,88,1,4
SYSN10003136,SH3983710,Rovectin Sáng da Hydrating Toner,174000,4.6,21,26,24,5
SYSN10003137,SH8381552,Vaseline Làm dịu Niacinamide Serum,141000,4.4,272,317,34,3
SYSN10003138,SH6083368,Some By Mi Tăng cường Hydrating Toner,181000,4.4,5,7,29,5
SYSN10003139,SH8897884,Neutrogena Kiểm soát nhờn Brightening Toner,307000,4.6,0,0,20,5
SYSN10003140,SH5456556,Garnier Cao cấp Essence Toner,50000,4.4,142,234,10,5
SYSN10003141,SH4531755,Murad VN Tăng cường SPF 50+ Sunscreen,1425000,5.0,28,29,19,4
SYSN10003142,SH5232239,La Roche-Posay Chuyên sâu Hyaluronic Acid Serum,436000,4.5,247,294,17,3
SYSN10003143,SH9116089,Murad VN Làm dịu Daily Sunscreen,1402000,4.3,10,7,19,4
SYSN10003144,SH6748021,Hasaki Phục hồi SPF 50+ Sunscreen,132000,4.5,36,32,12,4
SYSN10003145,SH4590268,Cetaphil Làm mềm PA++++ Sunscreen,239000,4.6,14,20,5,4
SYSN10003146,SH1296167,SK-II Kiểm soát nhờn Hyaluronic Acid Serum,2494000,4.7,29,50,25,3
SYSN10003147,SH9183911,Hasaki Làm dịu Balm Cleanser,173000,4.4,837,873,12,1
SYSN10003148,SH5403875,Anessa Hiệu quả Balm Cleanser,223000,4.6,35,50,1,1
SYSN10003149,SH6065908,Bioderma Hiệu quả AHA/BHA Serum,483000,4.9,5,5,3,3
SYSN10003150,SH2610881,Klairs Chuyên sâu Tint Sunscreen,450000,4.6,14,12,15,4
SYSN10003151,SH6860272,L'Oreal Kiểm soát nhờn Gel Cleanser,56000,4.7,0,0,16,1
SYSN10003152,SH7751520,Bioderma Tăng cường Lotion Moisturizer,271000,4.6,31,17,3,2
SYSN10003153,SH1524116,Simple Tăng cường Niacinamide Serum,240000,4.3,59,87,28,3
SYSN10003154,SH1561089,Clean & Clear Làm dịu AHA/BHA Serum,218000,4.7,183,225,6,3
SYSN10003155,SH3618852,Hasaki Cấp nước Gel Cleanser,148000,4.8,14,9,12,1
SYSN10003156,SH8468706,The Face Shop Cấp nước Pore Care Toner,284000,4.6,208,229,32,5
SYSN10003157,SH6973457,St. Ives Thiên nhiên Lotion Moisturizer,74000,4.5,6,9,30,2
SYSN10003158,SH5531368,The Ordinary Phục hồi Peptide Serum,417000,4.1,144,240,33,3
SYSN10003159,SH4180314,L'Oreal Làm dịu Essence Toner,67000,4.6,21,11,16,5
SYSN10003160,SH8251335,Rovectin Phục hồi Pore Care Toner,439000,5.0,26,28,24,5
SYSN10003161,SH5496799,Klairs Nhẹ nhàng Vitamin C Serum,451000,4.3,34,43,15,3
SYSN10003162,SH8655056,Shiseido VN Thiên nhiên Essence Toner,847000,4.5,16,24,27,5
SYSN10003163,SH1422616,Vaseline Cấp nước SPF 30 Sunscreen,84000,4.8,1,1,34,4
SYSN10003164,SH5436173,L'Oreal Hiệu quả Night Cream Moisturizer,112000,5.0,62,96,16,2
SYSN10003165,SH2484123,Ohui VN Trắng sáng Eye Cream Moisturizer,1449000,5.0,13,22,21,2
SYSN10003166,SH3791582,Garnier Chuyên sâu Barrier Repair Moisturizer,135000,4.5,24,23,10,2
SYSN10003167,SH3462001,Ohui VN Kiểm soát nhờn Daily Sunscreen,2471000,4.9,83,146,21,4
SYSN10003168,SH5577636,Kiehl's VN Chuyên sâu PA++++ Sunscreen,2407000,5.0,81,86,14,4
SYSN10003169,SH9737102,Cetaphil Trắng sáng Vitamin C Serum,272000,5.0,7,4,5,3
SYSN10003170,SH8552187,Vaseline Thiên nhiên Oil Cleanser,85000,4.6,41,32,34,1
SYSN10003171,SH8194732,CeraVe Làm mềm SPF 30 Sunscreen,379000,4.5,153,194,4,4
SYSN10003172,SH3257862,Innisfree Cấp nước Hydrating Toner,308000,4.4,1080,808,13,5
SYSN10003173,SH2634871,Bioderma Thiên nhiên Gel Cleanser,221000,4.8,0,0,3,1
SYSN10003174,SH7625199,Cocoon Làm mềm Balm Cleanser,165000,4.5,27,50,7,1
SYSN10003175,SH9106221,Senka Chuyên sâu Daily Sunscreen,159000,4.7,5,5,26,4
SYSN10003176,SH9099709,Klairs Cấp nước Brightening Toner,178000,4.9,519,795,15,5
SYSN10003177,SH9783755,Beauty of Joseon VN Kiểm soát nhờn PA++++ Sunscreen,619000,4.8,22,38,2,4
SYSN10003178,SH1750211,The Face Shop Phục hồi Peptide Serum,677000,4.9,66,55,32,3
SYSN10003179,SH8204131,Cetaphil Sáng da PA++++ Sunscreen,333000,4.5,28,33,5,4
SYSN10003180,SH4870352,Cetaphil Hiệu quả Low pH Cleanser,286000,4.6,5,7,5,1
SYSN10003181,SH9162832,Klairs Nhẹ nhàng Pore Care Toner,479000,4.4,17,24,15,5
SYSN10003182,SH1890539,Simple Làm mềm Peptide Serum,133000,4.7,32,21,28,3
SYSN10003183,SH7564250,Cosrx Chống lão hóa Eye Cream Moisturizer,327000,5.0,430,514,8,2
SYSN10003184,SH5176993,SK-II Sáng da Vitamin C Serum,1577000,4.6,18,26,25,3
SYSN10003185,SH3923131,Murad VN Chống lão hóa Vitamin C Serum,1326000,4.9,4,2,19,3
SYSN10003186,SH1175565,Laneige Kiểm soát nhờn Lotion Moisturizer,1991000,4.8,101,71,18,2
SYSN10003187,SH6000323,Ohui VN Cao cấp Peptide Serum,1690000,4.7,25,19,21,3
SYSN10003188,SH2417020,Innisfree Cao cấp Hyaluronic Acid Serum,341000,4.3,122,148,13,3
SYSN10003189,SH2367132,Cetaphil Nhẹ nhàng Retinol Serum,614000,4.3,192,183,5,3
SYSN10003190,SH9089823,Cosrx Kiểm soát nhờn Lotion Moisturizer,380000,4.5,5,6,8,2
SYSN10003191,SH9152593,St. Ives Trắng sáng Niacinamide Serum,77000,4.8,23,35,30,3
SYSN10003192,SH3173815,Some By Mi Trắng sáng PA++++ Sunscreen,320000,4.6,41,36,29,4
SYSN10003193,SH6381462,Sulwhasoo Hiệu quả Retinol Serum,3770000,4.5,116,94,31,3
SYSN10003194,SH8797852,Laneige Làm mềm Oil Cleanser,816000,4.2,44,79,18,1
SYSN10003195,SH8634413,Bioderma Cao cấp AHA/BHA Serum,378000,4.8,60,90,3,3
SYSN10003196,SH4788266,Laneige Phục hồi Vitamin C Serum,1792000,4.9,391,299,18,3
SYSN10003197,SH5429641,St. Ives Thiên nhiên Tint Sunscreen,101000,4.9,52,103,30,4
SYSN10003198,SH6091391,Neutrogena Sáng da Essence Toner,281000,4.6,50,77,20,5
SYSN10003199,SH6719439,Simple Dưỡng ẩm Brightening Toner,130000,4.2,212,374,28,5
SYSN10003200,SH6014641,Klairs Cao cấp Hyaluronic Acid Serum,454000,4.7,4,6,15,3
SYSN10003201,SH7580103,Laneige Làm mềm Peptide Serum,1002000,5.0,43,41,18,3
SYSN10003202,SH8649014,Clean & Clear Kiểm soát nhờn SPF 30 Sunscreen,70000,4.4,6,4,6,4
SYSN10003203,SH4409424,Cetaphil Dưỡng ẩm Low pH Cleanser,208000,4.6,19,26,5,1
SYSN10003204,SH8279185,Vaseline Cao cấp Vitamin C Serum,193000,4.6,5,5,34,3
SYSN10003205,SH4665551,Shiseido VN Trắng sáng Oil Cleanser,1262000,4.4,19,24,27,1
SYSN10003206,SH7284497,Laneige Làm mềm Oil Cleanser,1241000,5.0,0,0,18,1
SYSN10003207,SH8859049,Beauty of Joseon VN Làm mềm Foam Cleanser,293000,4.6,23,31,2,1
SYSN10003208,SH3181313,Laneige Trắng sáng Micellar Cleanser,1825000,4.5,56,74,18,1
SYSN10003209,SH3817316,Clean & Clear Thiên nhiên AHA/BHA Serum,156000,4.5,222,206,6,3
SYSN10003210,SH4855156,Murad VN Phục hồi Retinol Serum,2141000,4.6,7,6,19,3
SYSN10003211,SH5338420,Senka Sáng da Brightening Toner,80000,4.4,21,32,26,5
SYSN10003212,SH7573108,Garnier Kiểm soát nhờn Niacinamide Serum,302000,4.5,49,48,10,3
SYSN10003213,SH1814704,SK-II Cao cấp Daily Sunscreen,2252000,4.9,600,329,25,4
SYSN10003214,SH6715036,The Face Shop Làm mềm Eye Cream Moisturizer,333000,3.8,73,63,32,2
SYSN10003215,SH6218019,Senka Tăng cường Micellar Cleanser,78000,4.5,37,68,26,1
SYSN10003216,SH7126427,Innisfree Chống lão hóa Hyaluronic Acid Serum,320000,4.8,8,7,13,3
SYSN10003217,SH7658665,Beauty of Joseon VN Làm mềm Low pH Cleanser,366000,4.3,359,194,2,1
SYSN10003218,SH2260988,Anessa Thiên nhiên Retinol Serum,562000,4.7,161,301,1,3
SYSN10003219,SH4503879,Vaseline Thiên nhiên Night Cream Moisturizer,96000,4.5,516,994,34,2
SYSN10003220,SH4405484,St. Ives Làm mềm Peptide Serum,94000,3.8,49,85,30,3
SYSN10003221,SH2897507,Neutrogena Chống lão hóa Niacinamide Serum,443000,4.7,2,2,20,3
SYSN10003222,SH4066057,Hada Labo Hiệu quả SPF 30 Sunscreen,416000,4.7,14,18,11,4
SYSN10003223,SH9181715,CeraVe Kiểm soát nhờn SPF 30 Sunscreen,332000,4.6,66,63,4,4
SYSN10003224,SH1060841,The Ordinary Hiệu quả AHA/BHA Serum,215000,4.5,13,8,33,3
SYSN10003225,SH3306683,Cocoon Làm mềm Water Resistant Sunscreen,135000,4.4,4,5,7,4
SYSN10003226,SH1300420,Beauty of Joseon VN Tăng cường Niacinamide Serum,663000,4.2,36,60,2,3
SYSN10003227,SH1852295,St. Ives Cao cấp SPF 30 Sunscreen,183000,4.6,140,118,30,4
SYSN10003228,SH4164842,Hasaki Thiên nhiên Water Resistant Sunscreen,152000,4.5,38,30,12,4
SYSN10003229,SH4626686,Murad VN Kiểm soát nhờn Daily Sunscreen,1265000,4.5,11,12,19,4
SYSN10003230,SH3575791,CeraVe Làm mềm Hyaluronic Acid Serum,348000,4.3,24,20,4,3
SYSN10003231,SH8722609,Vaseline Sáng da Vitamin C Serum,197000,4.5,73,37,34,3
SYSN10003232,SH3218526,Innisfree Chuyên sâu Brightening Toner,240000,4.9,9,4,13,5
SYSN10003233,SH6919532,CeraVe Kiểm soát nhờn Retinol Serum,321000,4.5,8,5,4,3
SYSN10003234,SH4316925,Some By Mi Chuyên sâu Peptide Serum,465000,4.6,235,383,29,3
SYSN10003235,SH7240352,Cosrx Thiên nhiên Low pH Cleanser,155000,4.9,3,5,8,1
SYSN10003236,SH3766121,Klairs Làm dịu SPF 50+ Sunscreen,551000,4.4,0,0,15,4
SYSN10003237,SH4078929,Cosrx Thiên nhiên Hydrating Toner,423000,4.7,115,109,8,5
SYSN10003238,SH9676026,Hada Labo Trắng sáng Peptide Serum,383000,4.4,5,9,11,3
SYSN10003239,SH8541891,Klairs Nhẹ nhàng Niacinamide Serum,378000,4.7,42,35,15,3
SYSN10003240,SH4208967,Anessa Làm dịu Hydrating Toner,183000,4.3,4,5,1,5
SYSN10003241,SH3764732,Ohui VN Làm mềm Eye Cream Moisturizer,1863000,4.3,8,11,21,2
SYSN10003242,SH9699445,Hada Labo Phục hồi PA++++ Sunscreen,290000,4.8,8,14,11,4
SYSN10003243,SH9958042,Senka Làm dịu Exfoliating Toner,77000,4.4,46,67,26,5
SYSN10003244,SH1836164,Hada Labo Dưỡng ẩm AHA/BHA Serum,573000,4.9,23,31,11,3
SYSN10003245,SH5831567,St. Ives Chống lão hóa Niacinamide Serum,140000,4.4,14,25,30,3
SYSN10003246,SH3580163,Kiehl's VN Làm dịu Micellar Cleanser,1517000,4.8,131,246,14,1
SYSN10003247,SH1983940,Klairs Thiên nhiên Hydrating Toner,200000,4.5,22,41,15,5
SYSN10003248,SH4058136,Cosrx Cao cấp Retinol Serum,328000,4.7,101,110,8,3
SYSN10003249,SH1193365,Beauty of Joseon VN Thiên nhiên SPF 50+ Sunscreen,354000,4.8,205,297,2,4
SYSN10003250,SH9849783,L'Oreal Sáng da Hyaluronic Acid Serum,133000,4.5,21,41,16,3
SYSN10003251,SH6419744,Klairs Cao cấp Exfoliating Toner,330000,4.8,1,1,15,5
SYSN10003252,SH5180820,Innisfree Tăng cường Cream Moisturizer,182000,4.9,28,50,13,2
SYSN10003253,SH4964080,Anessa Nhẹ nhàng Niacinamide Serum,394000,4.6,2,2,1,3
SYSN10003254,SH6043465,La Roche-Posay Cấp nước Essence Toner,301000,5.0,28,49,17,5
SYSN10003255,SH5184565,Pond's Làm mềm Eye Cream Moisturizer,99000,4.8,43,75,23,2
SYSN10003256,SH5170552,Senka Chống lão hóa PA++++ Sunscreen,94000,5.0,34,23,26,4
SYSN10003257,SH5490245,Senka Tăng cường Oil Cleanser,168000,4.7,152,291,26,1
SYSN10003258,SH5650251,Shiseido VN Dưỡng ẩm Peptide Serum,2078000,4.6,19,18,27,3
SYSN10003259,SH9613156,Anessa Chống lão hóa Hydrating Toner,227000,4.6,16,19,1,5
SYSN10003260,SH1330407,The Face Shop Phục hồi SPF 30 Sunscreen,256000,4.4,55,104,32,4
SYSN10003261,SH6204731,L'Oreal Cấp nước SPF 30 Sunscreen,128000,4.8,191,124,16,4
SYSN10003262,SH7279849,Neutrogena Kiểm soát nhờn Water Resistant Sunscreen,314000,4.9,17,13,20,4
SYSN10003263,SH1808624,Some By Mi Cấp nước Vitamin C Serum,289000,4.3,15,10,29,3
SYSN10003264,SH9964425,CeraVe Tăng cường Hyaluronic Acid Serum,611000,4.5,0,0,4,3
SYSN10003265,SH3548215,Shiseido VN Làm dịu Gel Cleanser,781000,4.7,79,57,27,1
SYSN10003266,SH3621766,Cetaphil Trắng sáng Gel Cleanser,392000,4.6,4,4,5,1
SYSN10003267,SH9671681,The Face Shop Làm mềm Vitamin C Serum,650000,4.9,89,54,32,3
SYSN10003268,SH4744906,Hasaki Nhẹ nhàng Hyaluronic Acid Serum,192000,4.6,12,19,12,3
SYSN10003269,SH6589859,Cocoon Trắng sáng Night Cream Moisturizer,267000,4.8,263,404,7,2
SYSN10003270,SH9639110,Sulwhasoo Chống lão hóa SPF 30 Sunscreen,2365000,4.4,11,15,31,4
SYSN10003271,SH2248786,Sulwhasoo Chống lão hóa Tint Sunscreen,1325000,4.4,13,19,31,4
SYSN10003272,SH1013016,Beauty of Joseon VN Dưỡng ẩm SPF 30 Sunscreen,330000,4.4,6,7,2,4
SYSN10003273,SH9404963,Cetaphil Cấp nước AHA/BHA Serum,610000,4.9,158,270,5,3
SYSN10003274,SH8087672,Cosrx Phục hồi Daily Sunscreen,569000,4.4,8,4,8,4
SYSN10003275,SH8006128,Cosrx Hiệu quả Hydrating Toner,275000,4.6,81,129,8,5
SYSN10003276,SH5715196,CeraVe Dưỡng ẩm Retinol Serum,359000,4.6,191,324,4,3
SYSN10003277,SH8937840,Ohui VN Kiểm soát nhờn Niacinamide Serum,2559000,4.4,11,17,21,3
SYSN10003278,SH1590299,Clean & Clear Tăng cường Gel Cleanser,91000,4.6,21,31,6,1
SYSN10003279,SH1575036,Garnier Kiểm soát nhờn Gel Moisturizer,86000,4.4,9,4,10,2
SYSN10003280,SH3589358,Simple Làm mềm PA++++ Sunscreen,138000,4.6,64,92,28,4
SYSN10003281,SH1482819,Innisfree Nhẹ nhàng Daily Sunscreen,344000,4.5,59,114,13,4
SYSN10003282,SH5765662,Vaseline Tăng cường Hydrating Toner,109000,4.6,14,19,34,5
SYSN10003283,SH8294423,Sulwhasoo Dưỡng ẩm Water Resistant Sunscreen,2093000,4.2,19,20,31,4
SYSN10003284,SH2694100,The Face Shop Thiên nhiên Tint Sunscreen,422000,4.2,199,124,32,4
SYSN10003285,SH6094740,Klairs Phục hồi Tint Sunscreen,366000,4.6,4,3,15,4
SYSN10003286,SH1543119,St. Ives Dưỡng ẩm Retinol Serum,125000,4.2,20,14,30,3
SYSN10003287,SH8999672,Bioderma Nhẹ nhàng Night Cream Moisturizer,438000,4.8,353,431,3,2
SYSN10003288,SH3699257,Laneige Trắng sáng Oil Cleanser,741000,4.9,108,190,18,1
SYSN10003289,SH5406052,Anessa Chống lão hóa SPF 50+ Sunscreen,240000,4.2,624,934,1,4
SYSN10003290,SH6739511,Vaseline Dưỡng ẩm Daily Sunscreen,115000,4.9,82,77,34,4
SYSN10003291,SH8688119,L'Oreal Cấp nước Night Cream Moisturizer,96000,4.3,32,27,16,2
SYSN10003292,SH5732826,Hada Labo Hiệu quả Retinol Serum,398000,4.8,7,6,11,3
SYSN10003293,SH6154185,CeraVe Chống lão hóa Micellar Cleanser,318000,4.5,4,5,4,1
SYSN10003294,SH7925241,Hasaki Sáng da Water Resistant Sunscreen,228000,4.5,9,8,12,4
SYSN10003295,SH2673965,Klairs Tăng cường Exfoliating Toner,242000,4.6,57,73,15,5
SYSN10003296,SH3783903,Cetaphil Dưỡng ẩm Vitamin C Serum,285000,4.4,85,58,5,3
SYSN10003297,SH8576723,Cocoon Làm mềm AHA/BHA Serum,266000,4.8,36,64,7,3
SYSN10003298,SH9666820,Senka Thiên nhiên SPF 50+ Sunscreen,76000,4.5,148,262,26,4
SYSN10003299,SH8236960,Cocoon Cấp nước Night Cream Moisturizer,82000,4.3,81,45,7,2
SYSN10003300,SH5931039,Klairs Kiểm soát nhờn Peptide Serum,409000,4.6,0,0,15,3
SYSN10003301,SH6475832,Hada Labo Trắng sáng Oil Cleanser,222000,5.0,6,4,11,1
SYSN10003302,SH3428462,Neutrogena Dưỡng ẩm SPF 30 Sunscreen,183000,3.9,6,4,20,4
SYSN10003303,SH2182736,The Face Shop Nhẹ nhàng Foam Cleanser,316000,4.2,14,12,32,1
SYSN10003304,SH2843426,Some By Mi Cao cấp SPF 50+ Sunscreen,173000,4.8,18,33,29,4
SYSN10003305,SH5169748,Simple Sáng da Vitamin C Serum,147000,4.8,965,1451,28,3
SYSN10003306,SH9411435,Laneige Cao cấp SPF 50+ Sunscreen,2343000,4.6,11,14,18,4
SYSN10003307,SH7347912,Klairs Cao cấp Hyaluronic Acid Serum,630000,4.4,28,54,15,3
SYSN10003308,SH4547011,Innisfree Chuyên sâu Peptide Serum,475000,5.0,3,2,13,3
SYSN10003309,SH2859994,Bioderma Trắng sáng Peptide Serum,303000,4.3,17,32,3,3
SYSN10003310,SH4883185,SK-II Nhẹ nhàng AHA/BHA Serum,3389000,4.8,16,11,25,3
SYSN10003311,SH9427666,Some By Mi Dưỡng ẩm Tint Sunscreen,193000,4.3,0,0,29,4
SYSN10003312,SH9444452,Clean & Clear Chuyên sâu Hydrating Toner,98000,4.6,15,17,6,5
SYSN10003313,SH6279831,SK-II Làm dịu Niacinamide Serum,1569000,4.5,46,55,25,3
SYSN10003314,SH5491748,Ohui VN Làm mềm SPF 50+ Sunscreen,1428000,4.6,7,3,21,4
SYSN10003315,SH9812447,Neutrogena Sáng da Eye Cream Moisturizer,467000,4.5,7,8,20,2
SYSN10003316,SH2492527,L'Oreal Làm dịu Peptide Serum,169000,4.8,730,568,16,3
SYSN10003317,SH8565186,Sulwhasoo Cấp nước Gel Moisturizer,2834000,4.3,61,62,31,2
SYSN10003318,SH2469501,Laneige Phục hồi Oil Cleanser,1597000,4.5,537,820,18,1
SYSN10003319,SH2587478,Hada Labo Cấp nước Hyaluronic Acid Serum,444000,4.3,15,11,11,3
SYSN10003320,SH9741829,Cocoon Làm dịu Niacinamide Serum,167000,4.4,140,154,7,3
SYSN10003321,SH5557092,Rovectin Sáng da Eye Cream Moisturizer,414000,4.3,20,25,24,2
SYSN10003322,SH1898541,Murad VN Dưỡng ẩm SPF 50+ Sunscreen,1926000,4.5,89,167,19,4
SYSN10003323,SH9060974,St. Ives Chuyên sâu SPF 30 Sunscreen,94000,5.0,278,269,30,4
SYSN10003324,SH2239574,Some By Mi Trắng sáng Vitamin C Serum,465000,4.3,37,43,29,3
SYSN10003325,SH2557354,Senka Chống lão hóa Essence Toner,127000,4.9,38,34,26,5
SYSN10003326,SH5686145,Vaseline Làm mềm Night Cream Moisturizer,94000,4.8,3,2,34,2
SYSN10003327,SH6745242,Klairs Thiên nhiên Low pH Cleanser,257000,4.8,130,137,15,1
SYSN10003328,SH7043037,La Roche-Posay Phục hồi Low pH Cleanser,232000,4.6,15,12,17,1
SYSN10003329,SH4597745,The Ordinary Tăng cường Night Cream Moisturizer,186000,4.9,61,96,33,2
SYSN10003330,SH6090854,St. Ives Phục hồi Night Cream Moisturizer,88000,4.8,1131,1860,30,2
SYSN10003331,SH6855180,Anessa Hiệu quả Retinol Serum,618000,4.5,1545,2732,1,3
SYSN10003332,SH7509900,Garnier Hiệu quả Daily Sunscreen,179000,4.0,29,38,10,4
SYSN10003333,SH3086548,Paula's Choice Hiệu quả Retinol Serum,641000,4.2,85,156,22,3
SYSN10003334,SH2698997,Some By Mi Tăng cường Micellar Cleanser,326000,4.5,54,65,29,1
SYSN10003335,SH3285853,Simple Cấp nước SPF 50+ Sunscreen,56000,4.6,124,125,28,4
SYSN10003336,SH5411962,Bioderma Hiệu quả Hydrating Toner,267000,4.1,104,113,3,5
SYSN10003337,SH6497182,Klairs Làm dịu Essence Toner,366000,4.3,217,225,15,5
SYSN10003338,SH2661888,Bioderma Làm mềm Gel Moisturizer,272000,4.6,36,57,3,2
SYSN10003339,SH1918727,Anessa Sáng da Gel Moisturizer,519000,4.8,9,8,1,2
SYSN10003340,SH2863712,Cocoon Hiệu quả Vitamin C Serum,125000,5.0,61,91,7,3
SYSN10003341,SH4230057,Hada Labo Làm mềm Pore Care Toner,307000,4.7,85,114,11,5
SYSN10003342,SH4875336,Simple Cao cấp Essence Toner,74000,4.7,274,137,28,5
SYSN10003343,SH7299307,Paula's Choice Chuyên sâu Micellar Cleanser,214000,4.6,70,122,22,1
SYSN10003344,SH4658293,Clean & Clear Chuyên sâu Exfoliating Toner,155000,4.7,68,41,6,5
SYSN10003345,SH7923821,Laneige Chuyên sâu Retinol Serum,2145000,4.9,4,7,18,3
SYSN10003346,SH9897063,Klairs Hiệu quả SPF 50+ Sunscreen,341000,4.5,40,52,15,4
SYSN10003347,SH7449270,Clean & Clear Làm mềm SPF 50+ Sunscreen,106000,5.0,38,22,6,4
SYSN10003348,SH2952338,Some By Mi Làm dịu Night Cream Moisturizer,323000,4.6,6,9,29,2
SYSN10003349,SH2109269,Cetaphil Sáng da Peptide Serum,520000,4.6,72,80,5,3
SYSN10003350,SH2136149,Garnier Chuyên sâu Peptide Serum,138000,4.5,24,37,10,3
SYSN10003351,SH7749788,The Face Shop Hiệu quả AHA/BHA Serum,567000,4.5,11,18,32,3
SYSN10003352,SH6383442,St. Ives Cao cấp Water Resistant Sunscreen,208000,4.6,3,5,30,4
SYSN10003353,SH6054719,Klairs Làm dịu Hyaluronic Acid Serum,293000,4.9,7,10,15,3
SYSN10003354,SH8298194,Clean & Clear Kiểm soát nhờn Barrier Repair Moisturizer,146000,4.7,17,21,6,2
SYSN10003355,SH9719744,Murad VN Dưỡng ẩm PA++++ Sunscreen,786000,4.7,5,2,19,4
SYSN10003356,SH1935938,Vaseline Chuyên sâu Water Resistant Sunscreen,68000,4.8,0,0,34,4
SYSN10003357,SH6978238,St. Ives Chống lão hóa Cream Moisturizer,128000,4.7,76,103,30,2
SYSN10003358,SH2950013,Clean & Clear Chống lão hóa Niacinamide Serum,140000,4.4,30,33,6,3
SYSN10003359,SH9978954,Bioderma Trắng sáng Hydrating Toner,183000,4.5,626,1060,3,5
SYSN10003360,SH8639889,St. Ives Nhẹ nhàng SPF 30 Sunscreen,116000,4.3,137,267,30,4
SYSN10003361,SH6809223,Innisfree Hiệu quả Micellar Cleanser,211000,4.8,18,10,13,1
SYSN10003362,SH9044411,Pond's Trắng sáng Vitamin C Serum,216000,4.6,13,19,23,3
SYSN10003363,SH8768126,Sulwhasoo Cấp nước Lotion Moisturizer,2124000,4.6,40,71,31,2
SYSN10003364,SH4489565,Hasaki Phục hồi Retinol Serum,187000,4.7,33,18,12,3
SYSN10003365,SH3452038,Bioderma Nhẹ nhàng Peptide Serum,524000,4.5,15,20,3,3
SYSN10003366,SH3873661,Garnier Thiên nhiên Retinol Serum,129000,4.5,18,30,10,3
SYSN10003367,SH4850836,L'Oreal Làm mềm Daily Sunscreen,143000,4.6,11,17,16,4
SYSN10003368,SH1110452,Anessa Chống lão hóa Night Cream Moisturizer,365000,4.7,690,411,1,2
SYSN10003369,SH8329186,The Face Shop Trắng sáng AHA/BHA Serum,495000,4.5,81,123,32,3
SYSN10003370,SH3634193,Bioderma Trắng sáng Micellar Cleanser,145000,4.8,7,10,3,1
SYSN10003371,SH2354996,Senka Thiên nhiên PA++++ Sunscreen,122000,4.6,35,19,26,4
SYSN10003372,SH3901086,Neutrogena Cấp nước SPF 30 Sunscreen,338000,4.5,21,17,20,4
SYSN10003373,SH1642338,Laneige Tăng cường Retinol Serum,2834000,4.6,6,4,18,3
SYSN10003374,SH5607997,L'Oreal Chống lão hóa AHA/BHA Serum,205000,4.6,21,16,16,3
SYSN10003375,SH1505595,Hada Labo Cao cấp Exfoliating Toner,207000,4.1,2654,4768,11,5
SYSN10003376,SH7467733,Cosrx Sáng da Tint Sunscreen,410000,4.5,16,28,8,4
SYSN10003377,SH5671585,Paula's Choice Tăng cường Micellar Cleanser,248000,4.3,2,3,22,1
SYSN10003378,SH1513846,Sulwhasoo Dưỡng ẩm Niacinamide Serum,3969000,4.5,78,119,31,3
SYSN10003379,SH7831964,Some By Mi Làm mềm Essence Toner,165000,4.6,2,1,29,5
SYSN10003380,SH2996745,Senka Trắng sáng PA++++ Sunscreen,141000,4.5,1,1,26,4
SYSN10003381,SH2656171,Clean & Clear Cấp nước AHA/BHA Serum,121000,4.4,200,319,6,3
SYSN10003382,SH3728725,Cetaphil Phục hồi Daily Sunscreen,417000,4.6,28,19,5,4
SYSN10003383,SH8466761,The Face Shop Chuyên sâu Niacinamide Serum,463000,5.0,146,212,32,3
SYSN10003384,SH6701944,Pond's Chống lão hóa Night Cream Moisturizer,153000,4.2,43,69,23,2
SYSN10003385,SH3670217,CeraVe Hiệu quả Micellar Cleanser,259000,4.3,2,3,4,1
SYSN10003386,SH3972390,St. Ives Kiểm soát nhờn Balm Cleanser,61000,4.4,320,352,30,1
SYSN10003387,SH5273611,Klairs Dưỡng ẩm Gel Moisturizer,502000,4.8,52,96,15,2
SYSN10003388,SH2975230,Ohui VN Làm mềm Eye Cream Moisturizer,1167000,4.6,13,22,21,2
SYSN10003389,SH4694096,Pond's Chống lão hóa Exfoliating Toner,65000,4.6,15,15,23,5
SYSN10003390,SH6469120,Vaseline Dưỡng ẩm Gel Moisturizer,88000,4.8,48,77,34,2
SYSN10003391,SH4160272,Innisfree Trắng sáng SPF 50+ Sunscreen,286000,4.4,25,41,13,4
SYSN10003392,SH3395719,Estee Lauder Cấp nước Oil Cleanser,1893000,4.5,33,38,9,1
SYSN10003393,SH6983510,Simple Kiểm soát nhờn Essence Toner,125000,4.2,415,810,28,5
SYSN10003394,SH3816672,CeraVe Thiên nhiên Barrier Repair Moisturizer,214000,4.5,12,9,4,2
SYSN10003395,SH5568345,Hada Labo Phục hồi Water Resistant Sunscreen,356000,4.3,48,57,11,4
SYSN10003396,SH7550091,L'Oreal Làm dịu Niacinamide Serum,212000,4.9,86,159,16,3
SYSN10003397,SH8827281,St. Ives Chống lão hóa Peptide Serum,246000,4.7,32,21,30,3
SYSN10003398,SH9708196,Paula's Choice Làm mềm Daily Sunscreen,257000,4.3,16,24,22,4
SYSN10003399,SH5331921,Clean & Clear Kiểm soát nhờn SPF 50+ Sunscreen,153000,4.7,24,39,6,4
SYSN10003400,SH4979755,Klairs Làm mềm SPF 50+ Sunscreen,194000,4.4,82,102,15,4
SYSN10003401,SH5238782,Pond's Làm mềm Micellar Cleanser,96000,4.8,354,638,23,1
SYSN10003402,SH8147819,Beauty of Joseon VN Nhẹ nhàng Retinol Serum,313000,4.6,13,9,2,3
SYSN10003403,SH6950148,Bioderma Cao cấp Night Cream Moisturizer,188000,4.4,15,29,3,2
SYSN10003404,SH9646852,Shiseido VN Sáng da PA++++ Sunscreen,1055000,4.5,165,134,27,4
SYSN10003405,SH8200668,Senka Nhẹ nhàng Water Resistant Sunscreen,80000,4.2,147,153,26,4
SYSN10003406,SH2208687,Rovectin Chuyên sâu Oil Cleanser,337000,4.4,278,296,24,1
SYSN10003407,SH4531870,Neutrogena Cao cấp Night Cream Moisturizer,387000,4.4,87,50,20,2
SYSN10003408,SH4243122,St. Ives Trắng sáng Oil Cleanser,97000,4.7,60,58,30,1
SYSN10003409,SH3493299,The Face Shop Chống lão hóa Balm Cleanser,198000,4.4,14,11,32,1
SYSN10003410,SH6705386,Bioderma Sáng da Oil Cleanser,286000,4.5,2,1,3,1
SYSN10003411,SH7586532,The Ordinary Thiên nhiên Foam Cleanser,217000,4.4,75,72,33,1
SYSN10003412,SH8557973,Vaseline Sáng da Hyaluronic Acid Serum,195000,4.5,31,22,34,3
SYSN10003413,SH2255549,The Ordinary Làm mềm Niacinamide Serum,335000,4.6,19,17,33,3
SYSN10003414,SH8574654,Cetaphil Nhẹ nhàng Lotion Moisturizer,323000,4.2,29,57,5,2
SYSN10003415,SH4264201,Sulwhasoo Trắng sáng Lotion Moisturizer,1138000,4.7,601,677,31,2
SYSN10003416,SH3686324,Pond's Trắng sáng Night Cream Moisturizer,117000,5.0,19,12,23,2
SYSN10003417,SH1239396,Rovectin Nhẹ nhàng Barrier Repair Moisturizer,196000,4.6,8,14,24,2
SYSN10003418,SH4973772,Anessa Thiên nhiên SPF 30 Sunscreen,253000,4.7,177,262,1,4
SYSN10003419,SH1073332,Hada Labo Phục hồi PA++++ Sunscreen,504000,4.6,4,7,11,4
SYSN10003420,SH4560896,Ohui VN Cấp nước SPF 30 Sunscreen,1083000,3.6,93,144,21,4
SYSN10003421,SH4630379,The Face Shop Làm dịu Daily Sunscreen,203000,4.8,16,13,32,4
SYSN10003422,SH7896441,Ohui VN Làm dịu SPF 50+ Sunscreen,1157000,5.0,1,0,21,4
SYSN10003423,SH3384327,Clean & Clear Chuyên sâu Low pH Cleanser,75000,4.9,6,11,6,1
SYSN10003424,SH7283482,The Ordinary Làm mềm Eye Cream Moisturizer,244000,4.6,55,105,33,2
SYSN10003425,SH8754886,Klairs Thiên nhiên Daily Sunscreen,506000,5.0,17,9,15,4
SYSN10003426,SH4502832,La Roche-Posay Cao cấp Water Resistant Sunscreen,196000,5.0,1,0,17,4
SYSN10003427,SH2239596,Anessa Chống lão hóa Tint Sunscreen,381000,4.4,9,11,1,4
SYSN10003428,SH2217490,L'Oreal Cao cấp AHA/BHA Serum,135000,4.7,57,91,16,3
SYSN10003429,SH1417593,Garnier Phục hồi Lotion Moisturizer,157000,4.7,29,35,10,2
SYSN10003430,SH3438025,La Roche-Posay Thiên nhiên Gel Moisturizer,392000,5.0,36,45,17,2
SYSN10003431,SH6438342,Innisfree Làm dịu PA++++ Sunscreen,212000,4.2,378,467,13,4
SYSN10003432,SH3663876,Garnier Chống lão hóa Gel Moisturizer,94000,4.6,3,4,10,2
SYSN10003433,SH1889459,Simple Cấp nước Foam Cleanser,123000,4.5,73,135,28,1
SYSN10003434,SH7851007,Klairs Làm mềm Hydrating Toner,283000,4.5,12,6,15,5
SYSN10003435,SH3611063,Clean & Clear Làm mềm Hydrating Toner,131000,4.4,17,26,6,5
SYSN10003436,SH8814431,Cetaphil Kiểm soát nhờn Brightening Toner,277000,4.4,143,220,5,5
SYSN10003437,SH5573210,Some By Mi Nhẹ nhàng Low pH Cleanser,319000,5.0,1172,1318,29,1
SYSN10003438,SH9390674,Beauty of Joseon VN Kiểm soát nhờn Water Resistant Sunscreen,273000,4.4,35,49,2,4
SYSN10003439,SH3460003,Some By Mi Kiểm soát nhờn SPF 30 Sunscreen,210000,4.4,70,128,29,4
SYSN10003440,SH1021974,Clean & Clear Dưỡng ẩm Niacinamide Serum,191000,5.0,87,88,6,3
SYSN10003441,SH7674214,Cocoon Nhẹ nhàng Low pH Cleanser,126000,4.5,174,228,7,1
SYSN10003442,SH7168683,Clean & Clear Cao cấp Niacinamide Serum,70000,4.1,230,334,6,3
SYSN10003443,SH7055966,Cosrx Chống lão hóa Micellar Cleanser,160000,4.8,4,3,8,1
SYSN10003444,SH2436128,Sulwhasoo Sáng da Gel Cleanser,1044000,4.3,116,228,31,1
SYSN10003445,SH8906784,Laneige Trắng sáng AHA/BHA Serum,1766000,4.7,42,21,18,3
SYSN10003446,SH8840652,Cosrx Làm mềm Essence Toner,275000,4.8,73,107,8,5
SYSN10003447,SH7257735,Paula's Choice Sáng da Pore Care Toner,212000,4.6,5,7,22,5
SYSN10003448,SH6494925,Neutrogena Dưỡng ẩm Daily Sunscreen,236000,4.8,8,15,20,4
SYSN10003449,SH2780654,Some By Mi Dưỡng ẩm Night Cream Moisturizer,450000,4.5,3,3,29,2
SYSN10003450,SH8944940,La Roche-Posay Sáng da Hydrating Toner,368000,4.6,69,51,17,5
SYSN10003451,SH8896498,Senka Sáng da Exfoliating Toner,75000,4.8,76,79,26,5
SYSN10003452,SH6599609,Innisfree Chuyên sâu Low pH Cleanser,150000,4.5,319,465,13,1
SYSN10003453,SH3801766,Beauty of Joseon VN Cao cấp PA++++ Sunscreen,212000,4.7,44,44,2,4
SYSN10003454,SH5719106,Pond's Dưỡng ẩm Foam Cleanser,141000,4.5,18,11,23,1
SYSN10003455,SH7146970,St. Ives Cao cấp Daily Sunscreen,139000,4.9,55,35,30,4
SYSN10003456,SH7634880,L'Oreal Hiệu quả Tint Sunscreen,112000,4.4,4,6,16,4
SYSN10003457,SH9895187,Rovectin Cao cấp SPF 50+ Sunscreen,329000,4.8,59,57,24,4
SYSN10003458,SH7092983,Pond's Hiệu quả Vitamin C Serum,194000,4.5,89,114,23,3
SYSN10003459,SH9648790,Neutrogena Dưỡng ẩm Water Resistant Sunscreen,415000,4.6,22,12,20,4
SYSN10003460,SH5454909,Some By Mi Làm dịu Tint Sunscreen,217000,5.0,75,74,29,4
SYSN10003461,SH3438687,Anessa Tăng cường Foam Cleanser,371000,5.0,9,17,1,1
SYSN10003462,SH2188167,La Roche-Posay Tăng cường Peptide Serum,251000,4.9,110,213,17,3
SYSN10003463,SH4730791,Ohui VN Tăng cường Low pH Cleanser,944000,4.7,114,196,21,1
SYSN10003464,SH8616181,Cosrx Dưỡng ẩm SPF 30 Sunscreen,399000,4.8,15,23,8,4
SYSN10003465,SH3620544,Ohui VN Thiên nhiên Vitamin C Serum,1619000,5.0,25,18,21,3
SYSN10003466,SH6619469,St. Ives Dưỡng ẩm Retinol Serum,186000,4.6,24,42,30,3
SYSN10003467,SH2710850,St. Ives Cao cấp Pore Care Toner,121000,4.3,12,18,30,5
SYSN10003468,SH5698305,Pond's Làm dịu AHA/BHA Serum,90000,4.2,21,24,23,3
SYSN10003469,SH5229032,Innisfree Nhẹ nhàng Tint Sunscreen,305000,4.6,72,109,13,4
SYSN10003470,SH5553736,The Ordinary Dưỡng ẩm Peptide Serum,288000,4.4,49,49,33,3
SYSN10003471,SH9446439,Innisfree Sáng da Brightening Toner,192000,4.4,65,83,13,5
SYSN10003472,SH5677163,Innisfree Làm dịu Micellar Cleanser,370000,4.7,41,40,13,1
SYSN10003473,SH3284932,Cosrx Trắng sáng SPF 50+ Sunscreen,365000,4.5,37,58,8,4
SYSN10003474,SH4053370,Some By Mi Cấp nước Eye Cream Moisturizer,341000,4.0,27,41,29,2
SYSN10003475,SH5180810,Ohui VN Thiên nhiên Night Cream Moisturizer,1956000,4.5,37,47,21,2
SYSN10003476,SH5066816,The Face Shop Làm mềm Hyaluronic Acid Serum,261000,4.9,429,486,32,3
SYSN10003477,SH7745496,Cocoon Kiểm soát nhờn Tint Sunscreen,168000,4.9,15,10,7,4
SYSN10003478,SH8027733,Cocoon Dưỡng ẩm Night Cream Moisturizer,300000,4.3,5,5,7,2
SYSN10003479,SH3190036,Bioderma Chống lão hóa Vitamin C Serum,212000,4.5,117,137,3,3
SYSN10003480,SH9255362,Innisfree Hiệu quả Retinol Serum,418000,4.3,28,16,13,3
SYSN10003481,SH4155006,Innisfree Cấp nước Micellar Cleanser,285000,4.7,52,93,13,1
SYSN10003482,SH9191811,Some By Mi Kiểm soát nhờn Foam Cleanser,216000,4.9,168,219,29,1
SYSN10003483,SH9616768,Estee Lauder Tăng cường Water Resistant Sunscreen,2181000,4.7,2,2,9,4
SYSN10003484,SH9761958,Pond's Chống lão hóa SPF 50+ Sunscreen,95000,4.5,164,125,23,4
SYSN10003485,SH1696315,Ohui VN Cấp nước Night Cream Moisturizer,2095000,4.7,21,39,21,2
SYSN10003486,SH6203659,Klairs Kiểm soát nhờn Eye Cream Moisturizer,243000,4.6,212,161,15,2
SYSN10003487,SH3585627,Pond's Tăng cường Vitamin C Serum,134000,4.7,403,228,23,3
SYSN10003488,SH3811643,St. Ives Hiệu quả AHA/BHA Serum,203000,4.4,6,4,30,3
SYSN10003489,SH8424152,Beauty of Joseon VN Chống lão hóa Hyaluronic Acid Serum,477000,4.6,33,62,2,3
SYSN10003490,SH8905394,The Face Shop Chống lão hóa PA++++ Sunscreen,257000,4.3,6,4,32,4
SYSN10003491,SH9105360,Paula's Choice Thiên nhiên Water Resistant Sunscreen,289000,4.7,62,72,22,4
SYSN10003492,SH4817755,Shiseido VN Chuyên sâu Retinol Serum,2204000,4.2,4,6,27,3
SYSN10003493,SH8135061,Vaseline Thiên nhiên Micellar Cleanser,92000,4.7,41,31,34,1
SYSN10003494,SH5272981,Beauty of Joseon VN Dưỡng ẩm Essence Toner,186000,4.7,11,10,2,5
SYSN10003495,SH8755807,Bioderma Hiệu quả SPF 30 Sunscreen,359000,4.6,29,24,3,4
SYSN10003496,SH1379923,Cetaphil Thiên nhiên Brightening Toner,288000,4.8,265,256,5,5
SYSN10003497,SH7887795,Garnier Làm dịu Hyaluronic Acid Serum,102000,4.6,307,393,10,3
SYSN10003498,SH1648901,Innisfree Chuyên sâu Niacinamide Serum,552000,4.9,346,325,13,3
SYSN10003499,SH5789713,Cosrx Cấp nước Water Resistant Sunscreen,231000,4.0,124,136,8,4
SYSN10003500,SH5673083,Cetaphil Làm dịu Vitamin C Serum,529000,4.7,52,66,5,3
SYSN10003501,SH2183684,Bioderma Chống lão hóa Low pH Cleanser,154000,4.2,30,58,3,1
SYSN10003502,SH1486663,The Face Shop Làm mềm Low pH Cleanser,200000,4.5,47,24,32,1
SYSN10003503,SH5681638,Pond's Cao cấp Peptide Serum,154000,4.8,52,100,23,3
SYSN10003504,SH1992488,Rovectin Phục hồi Hyaluronic Acid Serum,257000,4.9,41,25,24,3
SYSN10003505,SH5048742,Ohui VN Trắng sáng AHA/BHA Serum,1582000,4.5,5,7,21,3
SYSN10003506,SH8118545,Garnier Tăng cường Retinol Serum,160000,4.2,16,21,10,3
SYSN10003507,SH2962397,Cosrx Dưỡng ẩm Barrier Repair Moisturizer,426000,4.3,9,9,8,2
SYSN10003508,SH3169300,L'Oreal Dưỡng ẩm Tint Sunscreen,124000,4.4,79,114,16,4
SYSN10003509,SH8239257,Simple Tăng cường Niacinamide Serum,140000,4.5,18,26,28,3
SYSN10003510,SH6758942,Neutrogena Tăng cường Oil Cleanser,186000,4.9,69,97,20,1
SYSN10003511,SH7488130,Hasaki Nhẹ nhàng SPF 30 Sunscreen,102000,4.5,40,28,12,4
SYSN10003512,SH2246659,SK-II Thiên nhiên Hyaluronic Acid Serum,1642000,4.3,30,40,25,3
SYSN10003513,SH7156788,Garnier Thiên nhiên Barrier Repair Moisturizer,95000,4.7,61,43,10,2
SYSN10003514,SH6256890,Garnier Cấp nước SPF 50+ Sunscreen,139000,4.7,2,1,10,4
SYSN10003515,SH5955926,Neutrogena Làm mềm Micellar Cleanser,234000,4.5,444,695,20,1
SYSN10003516,SH5396923,Rovectin Cấp nước AHA/BHA Serum,447000,4.4,9,10,24,3
SYSN10003517,SH7079661,Neutrogena Cao cấp Exfoliating Toner,327000,4.8,22,33,20,5
SYSN10003518,SH5793768,The Ordinary Thiên nhiên Hydrating Toner,169000,4.6,20,10,33,5
SYSN10003519,SH1369971,Beauty of Joseon VN Cao cấp Low pH Cleanser,158000,4.7,5,6,2,1
SYSN10003520,SH9022784,La Roche-Posay Tăng cường Exfoliating Toner,383000,4.5,89,120,17,5
SYSN10003521,SH3286658,Laneige Trắng sáng Hyaluronic Acid Serum,1229000,4.8,73,124,18,3
SYSN10003522,SH2458953,Hada Labo Thiên nhiên Eye Cream Moisturizer,271000,4.7,13,25,11,2
SYSN10003523,SH7155388,L'Oreal Nhẹ nhàng Pore Care Toner,95000,4.8,17,20,16,5
SYSN10003524,SH7979502,Clean & Clear Cấp nước Oil Cleanser,105000,4.3,36,22,6,1
SYSN10003525,SH2448081,CeraVe Sáng da SPF 30 Sunscreen,232000,4.7,1031,1880,4,4
SYSN10003526,SH6122342,Cocoon Cao cấp Balm Cleanser,155000,4.6,10,13,7,1
SYSN10003527,SH6067030,Simple Cấp nước Low pH Cleanser,78000,4.3,3366,5770,28,1
SYSN10003528,SH9609009,Rovectin Dưỡng ẩm Peptide Serum,541000,5.0,65,47,24,3
SYSN10003529,SH2578739,The Face Shop Phục hồi AHA/BHA Serum,480000,4.5,593,689,32,3
SYSN10003530,SH2161062,Shiseido VN Làm dịu Essence Toner,1182000,4.6,5,9,27,5
SYSN10003531,SH2931921,The Face Shop Sáng da Essence Toner,188000,4.7,6,10,32,5
SYSN10003532,SH3665701,Senka Phục hồi AHA/BHA Serum,170000,4.4,57,30,26,3
SYSN10003533,SH5296675,Cetaphil Trắng sáng Night Cream Moisturizer,414000,4.8,1,1,5,2
SYSN10003534,SH7008021,Laneige Chống lão hóa Daily Sunscreen,1280000,4.6,59,92,18,4
SYSN10003535,SH7616496,Sulwhasoo Trắng sáng Retinol Serum,2197000,4.5,120,64,31,3
SYSN10003536,SH1920570,Simple Nhẹ nhàng Daily Sunscreen,98000,5.0,126,122,28,4
SYSN10003537,SH7360505,Senka Sáng da Water Resistant Sunscreen,54000,4.9,92,164,26,4
SYSN10003538,SH5713314,Cocoon Sáng da Water Resistant Sunscreen,175000,4.9,1,1,7,4
SYSN10003539,SH5157706,Rovectin Hiệu quả Exfoliating Toner,399000,4.4,101,83,24,5
SYSN10003540,SH1443388,SK-II Hiệu quả Vitamin C Serum,3004000,4.7,495,678,25,3
SYSN10003541,SH4615365,Bioderma Làm dịu Foam Cleanser,142000,4.4,235,415,3,1
SYSN10003542,SH9827042,Pond's Kiểm soát nhờn Barrier Repair Moisturizer,99000,4.5,9,11,23,2
SYSN10003543,SH9269280,Cetaphil Cao cấp Gel Cleanser,389000,4.7,8,6,5,1
SYSN10003544,SH6665078,Kiehl's VN Tăng cường Barrier Repair Moisturizer,1680000,5.0,103,166,14,2
SYSN10003545,SH1401415,CeraVe Hiệu quả Night Cream Moisturizer,479000,4.2,21,40,4,2
SYSN10003546,SH4459323,L'Oreal Kiểm soát nhờn Eye Cream Moisturizer,66000,4.4,1,1,16,2
SYSN10003547,SH1285111,Rovectin Kiểm soát nhờn SPF 30 Sunscreen,306000,4.7,63,34,24,4
SYSN10003548,SH5588065,The Face Shop Thiên nhiên Tint Sunscreen,374000,4.2,26,33,32,4
SYSN10003549,SH1647451,Paula's Choice Chống lão hóa Essence Toner,402000,4.5,2185,2404,22,5
SYSN10003550,SH3043939,Ohui VN Dưỡng ẩm Tint Sunscreen,2713000,4.6,59,52,21,4
SYSN10003551,SH8372116,Estee Lauder Tăng cường Vitamin C Serum,2002000,5.0,0,0,9,3
SYSN10003552,SH7395628,Hada Labo Cấp nước SPF 50+ Sunscreen,242000,4.5,142,96,11,4
SYSN10003553,SH3791492,Beauty of Joseon VN Sáng da Eye Cream Moisturizer,294000,4.3,34,37,2,2
SYSN10003554,SH5331950,Rovectin Thiên nhiên PA++++ Sunscreen,321000,4.7,13,9,24,4
SYSN10003555,SH8584593,Neutrogena Làm mềm Gel Moisturizer,406000,4.5,104,65,20,2
SYSN10003556,SH5711206,Rovectin Tăng cường AHA/BHA Serum,246000,4.4,2,3,24,3
SYSN10003557,SH2446750,Senka Cao cấp Gel Cleanser,98000,4.2,6,3,26,1
SYSN10003558,SH8911742,Anessa Cấp nước Eye Cream Moisturizer,417000,5.0,39,72,1,2
SYSN10003559,SH9898248,St. Ives Cấp nước Foam Cleanser,112000,4.7,47,39,30,1
SYSN10003560,SH4249389,SK-II Dưỡng ẩm Brightening Toner,1628000,4.6,21,18,25,5
SYSN10003561,SH4170489,Cetaphil Trắng sáng Gel Cleanser,140000,4.5,2,2,5,1
SYSN10003562,SH9853171,Kiehl's VN Làm dịu Retinol Serum,1407000,4.8,4,5,14,3
SYSN10003563,SH8045968,St. Ives Dưỡng ẩm Vitamin C Serum,104000,4.6,386,293,30,3
SYSN10003564,SH4040742,Vaseline Làm dịu Gel Cleanser,58000,4.6,503,699,34,1
SYSN10003565,SH2418404,Clean & Clear Chống lão hóa PA++++ Sunscreen,64000,4.7,131,258,6,4
SYSN10003566,SH6751144,Vaseline Làm mềm Exfoliating Toner,75000,4.8,22,16,34,5
SYSN10003567,SH5544983,Cosrx Phục hồi Niacinamide Serum,441000,4.5,487,467,8,3
SYSN10003568,SH2972044,Vaseline Tăng cường Exfoliating Toner,127000,4.8,123,212,34,5
SYSN10003569,SH9160661,Clean & Clear Kiểm soát nhờn Low pH Cleanser,65000,4.8,1,1,6,1
SYSN10003570,SH2735432,CeraVe Kiểm soát nhờn Oil Cleanser,239000,4.7,48,33,4,1
SYSN10003571,SH5016593,St. Ives Nhẹ nhàng SPF 50+ Sunscreen,107000,4.9,6,3,30,4
SYSN10003572,SH5838878,Ohui VN Trắng sáng Lotion Moisturizer,911000,4.5,73,55,21,2
SYSN10003573,SH3512415,Murad VN Hiệu quả Micellar Cleanser,1555000,4.6,7,11,19,1
SYSN10003574,SH7026376,Rovectin Nhẹ nhàng Oil Cleanser,200000,4.7,24,42,24,1
SYSN10003575,SH6464531,Rovectin Cấp nước Foam Cleanser,322000,4.8,23,24,24,1
SYSN10003576,SH2086312,Cosrx Chống lão hóa Eye Cream Moisturizer,272000,4.5,573,1004,8,2
SYSN10003577,SH1034042,Kiehl's VN Thiên nhiên Vitamin C Serum,1550000,4.1,97,119,14,3
SYSN10003578,SH5271120,Cosrx Làm dịu Niacinamide Serum,298000,4.3,23,24,8,3
SYSN10003579,SH8675182,Kiehl's VN Hiệu quả Cream Moisturizer,2649000,4.3,49,51,14,2
SYSN10003580,SH6645229,Innisfree Thiên nhiên Pore Care Toner,295000,4.4,6,11,13,5
SYSN10003581,SH9314402,St. Ives Chuyên sâu Water Resistant Sunscreen,166000,4.6,10632,12628,30,4
SYSN10003582,SH6609198,Shiseido VN Chống lão hóa Foam Cleanser,2266000,4.6,2,3,27,1
SYSN10003583,SH3784969,Senka Hiệu quả Exfoliating Toner,89000,4.6,23,25,26,5
SYSN10003584,SH8220540,Clean & Clear Chống lão hóa Gel Cleanser,82000,4.6,14,14,6,1
SYSN10003585,SH7753014,Vaseline Làm dịu Night Cream Moisturizer,151000,4.5,12,19,34,2
SYSN10003586,SH8925331,La Roche-Posay Chuyên sâu Retinol Serum,327000,4.8,12,6,17,3
SYSN10003587,SH9591879,Bioderma Kiểm soát nhờn Cream Moisturizer,305000,4.1,58,94,3,2
SYSN10003588,SH1589264,L'Oreal Hiệu quả Brightening Toner,73000,4.7,319,432,16,5
SYSN10003589,SH9249489,Anessa Cấp nước AHA/BHA Serum,350000,4.4,162,256,1,3
SYSN10003590,SH8965351,Murad VN Dưỡng ẩm Lotion Moisturizer,925000,4.6,2,3,19,2
SYSN10003591,SH7629805,Cetaphil Làm mềm Niacinamide Serum,570000,4.1,3,3,5,3
SYSN10003592,SH9361963,The Face Shop Làm dịu Pore Care Toner,449000,4.4,15,18,32,5
SYSN10003593,SH3502581,L'Oreal Hiệu quả Exfoliating Toner,128000,4.6,95,56,16,5
SYSN10003594,SH7525330,L'Oreal Cao cấp Retinol Serum,153000,4.6,67,100,16,3
SYSN10003595,SH1553774,Beauty of Joseon VN Sáng da Vitamin C Serum,301000,4.3,16,31,2,3
SYSN10003596,SH2451923,Some By Mi Tăng cường Exfoliating Toner,161000,4.2,6,6,29,5
SYSN10003597,SH3099574,Hada Labo Trắng sáng Micellar Cleanser,294000,4.5,60,60,11,1
SYSN10003598,SH4522233,Senka Cao cấp PA++++ Sunscreen,58000,4.7,29,31,26,4
SYSN10003599,SH3172959,Innisfree Làm dịu Gel Moisturizer,433000,4.9,333,241,13,2
SYSN10003600,SH3964766,L'Oreal Làm mềm SPF 30 Sunscreen,146000,4.6,10,7,16,4
SYSN10003601,SH1892659,Bioderma Nhẹ nhàng AHA/BHA Serum,485000,4.4,2,1,3,3
SYSN10003602,SH8478794,Pond's Phục hồi SPF 50+ Sunscreen,164000,4.8,3,1,23,4
SYSN10003603,SH9634200,Simple Thiên nhiên Peptide Serum,218000,4.2,45,36,28,3
SYSN10003604,SH1212086,Simple Làm mềm Daily Sunscreen,153000,5.0,276,249,28,4
SYSN10003605,SH2907096,Rovectin Chuyên sâu AHA/BHA Serum,264000,4.2,94,114,24,3
SYSN10003606,SH6981786,Rovectin Tăng cường Micellar Cleanser,307000,4.7,80,76,24,1
SYSN10003607,SH3639760,The Face Shop Sáng da Niacinamide Serum,718000,4.7,10,11,32,3
SYSN10003608,SH9764329,Laneige Cấp nước Peptide Serum,1431000,4.6,52,67,18,3
SYSN10003609,SH1637805,Ohui VN Chuyên sâu Retinol Serum,1646000,4.4,130,108,21,3
SYSN10003610,SH4543799,Rovectin Chuyên sâu Gel Moisturizer,239000,4.3,203,125,24,2
SYSN10003611,SH6795611,SK-II Cấp nước AHA/BHA Serum,2985000,4.6,1,1,25,3
SYSN10003612,SH9791397,SK-II Cấp nước Oil Cleanser,1669000,4.9,56,62,25,1
SYSN10003613,SH8902593,L'Oreal Cấp nước Niacinamide Serum,219000,4.8,464,297,16,3
SYSN10003614,SH7012532,Clean & Clear Sáng da Balm Cleanser,135000,4.8,111,176,6,1
SYSN10003615,SH8880304,Cetaphil Cao cấp Exfoliating Toner,197000,4.7,98,105,5,5
SYSN10003616,SH5948547,Hada Labo Làm mềm Daily Sunscreen,323000,4.7,13,10,11,4
SYSN10003617,SH4373270,Vaseline Dưỡng ẩm Hyaluronic Acid Serum,239000,4.6,17,22,34,3
SYSN10003618,SH2249674,Cetaphil Phục hồi Hydrating Toner,351000,4.6,39,46,5,5
SYSN10003619,SH8847422,CeraVe Nhẹ nhàng Retinol Serum,474000,4.5,5,9,4,3
SYSN10003620,SH8737724,Garnier Chuyên sâu Tint Sunscreen,76000,4.4,18,14,10,4
SYSN10003621,SH5494644,Murad VN Làm mềm Peptide Serum,2315000,4.6,3,4,19,3
SYSN10003622,SH1174089,Cosrx Sáng da SPF 50+ Sunscreen,384000,4.4,389,370,8,4
SYSN10003623,SH3587917,Cocoon Cao cấp SPF 30 Sunscreen,213000,4.7,15,16,7,4
SYSN10003624,SH7091258,L'Oreal Tăng cường Pore Care Toner,96000,4.7,8,11,16,5
SYSN10003625,SH1389380,Some By Mi Chuyên sâu Water Resistant Sunscreen,506000,4.5,17,23,29,4
SYSN10003626,SH2802583,Rovectin Kiểm soát nhờn Barrier Repair Moisturizer,234000,4.7,60,31,24,2
SYSN10003627,SH6035632,Neutrogena Cao cấp Water Resistant Sunscreen,556000,4.6,31,27,20,4
SYSN10003628,SH1955619,Murad VN Thiên nhiên Peptide Serum,1741000,4.6,33,53,19,3
SYSN10003629,SH6784289,Cocoon Cấp nước Niacinamide Serum,140000,5.0,29,54,7,3
SYSN10003630,SH9869529,Neutrogena Trắng sáng Niacinamide Serum,300000,4.6,17,32,20,3
SYSN10003631,SH7765860,Bioderma Dưỡng ẩm Hyaluronic Acid Serum,408000,4.8,239,301,3,3
SYSN10003632,SH9581612,Cetaphil Dưỡng ẩm Foam Cleanser,307000,4.7,97,173,5,1
SYSN10003633,SH4729429,Hada Labo Làm dịu Exfoliating Toner,233000,4.4,46,43,11,5
SYSN10003634,SH2713338,Cetaphil Chống lão hóa Vitamin C Serum,246000,4.9,114,174,5,3
SYSN10003635,SH4516117,Cosrx Dưỡng ẩm Pore Care Toner,282000,4.5,25,24,8,5
SYSN10003636,SH1983115,Some By Mi Hiệu quả Balm Cleanser,369000,4.8,667,545,29,1
SYSN10003637,SH2374365,Klairs Thiên nhiên Daily Sunscreen,346000,4.2,22,25,15,4
SYSN10003638,SH6251431,Bioderma Cấp nước AHA/BHA Serum,249000,4.7,60,118,3,3
SYSN10003639,SH1711440,Cosrx Dưỡng ẩm Daily Sunscreen,289000,4.8,11,18,8,4
SYSN10003640,SH7979051,L'Oreal Cao cấp SPF 30 Sunscreen,61000,5.0,9,14,16,4
SYSN10003641,SH1434732,Vaseline Hiệu quả Vitamin C Serum,176000,5.0,13,9,34,3
SYSN10003642,SH4093038,The Face Shop Trắng sáng Essence Toner,199000,4.5,7,12,32,5
SYSN10003643,SH7455317,Cocoon Dưỡng ẩm Water Resistant Sunscreen,278000,4.4,496,804,7,4
SYSN10003644,SH7730547,Klairs Phục hồi Vitamin C Serum,526000,4.6,157,225,15,3
SYSN10003645,SH4734796,Klairs Hiệu quả Barrier Repair Moisturizer,350000,4.9,175,306,15,2
SYSN10003646,SH9103851,Sulwhasoo Trắng sáng Oil Cleanser,1237000,4.4,55,28,31,1
SYSN10003647,SH7134426,Ohui VN Chống lão hóa Daily Sunscreen,2210000,4.7,11,5,21,4
SYSN10003648,SH4266746,Paula's Choice Trắng sáng Foam Cleanser,253000,4.4,6,5,22,1
SYSN10003649,SH4576858,Estee Lauder Cao cấp Cream Moisturizer,1124000,4.2,0,0,9,2
SYSN10003650,SH3592071,Cetaphil Cấp nước Lotion Moisturizer,386000,4.3,221,347,5,2
SYSN10003651,SH7954389,Cosrx Thiên nhiên Retinol Serum,594000,4.7,164,276,8,3
SYSN10003652,SH7217607,Some By Mi Cao cấp Peptide Serum,509000,4.5,174,333,29,3
SYSN10003653,SH2064889,CeraVe Dưỡng ẩm Tint Sunscreen,326000,4.5,165,216,4,4
SYSN10003654,SH4718703,Shiseido VN Cao cấp Exfoliating Toner,1199000,4.4,21,16,27,5
SYSN10003655,SH3275964,Ohui VN Nhẹ nhàng Water Resistant Sunscreen,1622000,4.8,44,25,21,4
SYSN10003656,SH9470736,Rovectin Kiểm soát nhờn Niacinamide Serum,314000,4.6,60,93,24,3
SYSN10003657,SH7787413,Hada Labo Hiệu quả Peptide Serum,605000,4.7,36,64,11,3
SYSN10003658,SH1821298,The Ordinary Hiệu quả SPF 30 Sunscreen,410000,4.5,74,130,33,4
SYSN10003659,SH1223625,Neutrogena Thiên nhiên Low pH Cleanser,199000,4.2,50,43,20,1
SYSN10003660,SH2714746,Cosrx Thiên nhiên Niacinamide Serum,385000,4.0,14,12,8,3
SYSN10003661,SH6912239,Cetaphil Thiên nhiên Peptide Serum,232000,4.8,12,6,5,3
SYSN10003662,SH7945279,Vaseline Dưỡng ẩm Balm Cleanser,77000,4.5,67,116,34,1
SYSN10003663,SH6844967,Hada Labo Chuyên sâu SPF 30 Sunscreen,310000,5.0,274,371,11,4
SYSN10003664,SH1269713,Pond's Chuyên sâu Retinol Serum,177000,5.0,41,38,23,3
SYSN10003665,SH4196639,Beauty of Joseon VN Tăng cường Gel Moisturizer,328000,4.6,199,300,2,2
SYSN10003666,SH6794791,Hada Labo Hiệu quả Water Resistant Sunscreen,323000,4.3,14,11,11,4
SYSN10003667,SH3071361,Beauty of Joseon VN Cấp nước Barrier Repair Moisturizer,373000,4.7,559,673,2,2
SYSN10003668,SH7499837,Hasaki Chống lão hóa Essence Toner,85000,4.1,131,90,12,5
SYSN10003669,SH7694402,Sulwhasoo Kiểm soát nhờn Daily Sunscreen,1429000,4.5,49,56,31,4
SYSN10003670,SH7930068,Sulwhasoo Thiên nhiên Balm Cleanser,584000,4.6,39,47,31,1
SYSN10003671,SH1751706,Innisfree Làm dịu Daily Sunscreen,457000,4.2,43,31,13,4
SYSN10003672,SH3482342,Murad VN Tăng cường Gel Moisturizer,2245000,4.4,10,9,19,2
SYSN10003673,SH6385974,Clean & Clear Kiểm soát nhờn Vitamin C Serum,246000,4.7,112,181,6,3
SYSN10003674,SH1949008,Simple Tăng cường Gel Cleanser,126000,4.3,31,31,28,1
SYSN10003675,SH2996942,Murad VN Phục hồi Gel Cleanser,482000,4.9,31703,40343,19,1
SYSN10003676,SH5063448,Klairs Chống lão hóa Daily Sunscreen,325000,4.2,41,29,15,4
SYSN10003677,SH5330922,Garnier Làm dịu Peptide Serum,125000,4.8,0,0,10,3
SYSN10003678,SH9144961,Simple Hiệu quả Vitamin C Serum,223000,5.0,13,16,28,3
SYSN10003679,SH9081810,Shiseido VN Thiên nhiên Night Cream Moisturizer,1270000,4.9,61,84,27,2
SYSN10003680,SH9907085,Anessa Cấp nước Gel Cleanser,300000,4.0,27,19,1,1
SYSN10003681,SH2355772,Kiehl's VN Kiểm soát nhờn Daily Sunscreen,921000,4.7,7,8,14,4
SYSN10003682,SH7851813,Clean & Clear Chống lão hóa Lotion Moisturizer,102000,4.5,27,27,6,2
SYSN10003683,SH9454622,Clean & Clear Tăng cường Hydrating Toner,121000,4.6,26,31,6,5
SYSN10003684,SH9426669,Anessa Làm dịu Barrier Repair Moisturizer,404000,4.2,107,137,1,2
SYSN10003685,SH6214633,St. Ives Tăng cường Retinol Serum,121000,4.7,550,518,30,3
SYSN10003686,SH4130061,Cosrx Kiểm soát nhờn Oil Cleanser,166000,4.2,28,37,8,1
SYSN10003687,SH4132103,Cetaphil Kiểm soát nhờn Barrier Repair Moisturizer,481000,4.4,41,51,5,2
SYSN10003688,SH7356276,Hada Labo Thiên nhiên Niacinamide Serum,393000,4.6,52,81,11,3
SYSN10003689,SH9397901,Hasaki Cao cấp Low pH Cleanser,114000,5.0,21,24,12,1
SYSN10003690,SH7543549,Bioderma Nhẹ nhàng Retinol Serum,529000,4.5,21,27,3,3
SYSN10003691,SH1578253,Garnier Chuyên sâu Vitamin C Serum,189000,4.4,24,29,10,3
SYSN10003692,SH3043149,Estee Lauder Cao cấp Barrier Repair Moisturizer,1437000,4.2,243,127,9,2
SYSN10003693,SH6132001,Anessa Cấp nước Peptide Serum,393000,4.4,138,141,1,3
SYSN10003694,SH9033348,Cosrx Cao cấp Peptide Serum,334000,4.6,9,5,8,3
SYSN10003695,SH8565242,Bioderma Thiên nhiên Pore Care Toner,245000,4.6,57,42,3,5
SYSN10003696,SH6075855,La Roche-Posay Phục hồi Low pH Cleanser,260000,4.7,534,448,17,1
SYSN10003697,SH7934958,The Face Shop Nhẹ nhàng Balm Cleanser,318000,4.6,39,56,32,1
SYSN10003698,SH3195026,St. Ives Nhẹ nhàng Gel Cleanser,72000,4.8,212,142,30,1
SYSN10003699,SH3140161,L'Oreal Kiểm soát nhờn Retinol Serum,138000,4.1,19,23,16,3
SYSN10003700,SH4124198,Murad VN Chống lão hóa Gel Moisturizer,2192000,4.7,33,27,19,2
SYSN10003701,SH2973996,Laneige Phục hồi Niacinamide Serum,3690000,4.8,7,13,18,3
SYSN10003702,SH1106999,Neutrogena Làm dịu Brightening Toner,333000,4.8,9,10,20,5
SYSN10003703,SH8537680,Kiehl's VN Dưỡng ẩm SPF 50+ Sunscreen,1241000,4.4,13,13,14,4
SYSN10003704,SH3131697,Kiehl's VN Hiệu quả Retinol Serum,3345000,5.0,4,2,14,3
SYSN10003705,SH5388737,The Face Shop Hiệu quả Pore Care Toner,153000,4.2,16,26,32,5
SYSN10003706,SH6022500,L'Oreal Thiên nhiên Vitamin C Serum,185000,4.3,57,90,16,3
SYSN10003707,SH7749412,Garnier Thiên nhiên Gel Cleanser,123000,4.9,99,109,10,1
SYSN10003708,SH5439652,Bioderma Làm dịu Gel Moisturizer,302000,5.0,46,37,3,2
SYSN10003709,SH6188973,The Face Shop Chuyên sâu Pore Care Toner,173000,4.7,34,67,32,5
SYSN10003710,SH4943299,Murad VN Nhẹ nhàng Niacinamide Serum,1041000,4.7,11,13,19,3
SYSN10003711,SH7312675,Pond's Phục hồi Daily Sunscreen,99000,4.3,4,3,23,4
SYSN10003712,SH7245694,Cetaphil Nhẹ nhàng Hyaluronic Acid Serum,422000,4.7,18,24,5,3
SYSN10003713,SH7880557,Klairs Phục hồi Vitamin C Serum,648000,4.2,31,24,15,3
SYSN10003714,SH9260612,Innisfree Kiểm soát nhờn Tint Sunscreen,410000,5.0,12,14,13,4
SYSN10003715,SH9145779,Clean & Clear Trắng sáng Hyaluronic Acid Serum,172000,4.4,27,23,6,3
SYSN10003716,SH5995921,The Face Shop Chuyên sâu Balm Cleanser,216000,4.4,32,24,32,1
SYSN10003717,SH7812259,Klairs Cao cấp Niacinamide Serum,423000,4.4,10144,6821,15,3
SYSN10003718,SH6164323,CeraVe Dưỡng ẩm Peptide Serum,371000,4.3,66,61,4,3
SYSN10003719,SH1214182,Anessa Sáng da Lotion Moisturizer,277000,4.5,18,11,1,2
SYSN10003720,SH8722037,Clean & Clear Cao cấp PA++++ Sunscreen,123000,4.5,69,107,6,4
SYSN10003721,SH9073323,Shiseido VN Tăng cường Essence Toner,1199000,4.3,0,0,27,5
SYSN10003722,SH7494535,Klairs Phục hồi AHA/BHA Serum,428000,4.6,12,14,15,3
SYSN10003723,SH8253602,The Ordinary Chống lão hóa Oil Cleanser,347000,4.3,15,14,33,1
SYSN10003724,SH5478801,Hada Labo Chống lão hóa Niacinamide Serum,434000,4.5,90,168,11,3
SYSN10003725,SH4279429,Vaseline Làm mềm AHA/BHA Serum,175000,4.7,80,58,34,3
SYSN10003726,SH8827322,SK-II Trắng sáng Peptide Serum,1799000,4.4,74,112,25,3
SYSN10003727,SH9522430,Clean & Clear Cấp nước Pore Care Toner,60000,4.7,0,0,6,5
SYSN10003728,SH9786991,Shiseido VN Dưỡng ẩm Gel Cleanser,528000,4.4,19,19,27,1
SYSN10003729,SH5921478,Hada Labo Cao cấp Niacinamide Serum,330000,4.6,293,510,11,3
SYSN10003730,SH3822199,Hasaki Dưỡng ẩm Niacinamide Serum,251000,4.8,39,41,12,3
SYSN10003731,SH7605325,Hada Labo Sáng da PA++++ Sunscreen,231000,4.3,46,78,11,4
SYSN10003732,SH5447266,Hada Labo Cao cấp PA++++ Sunscreen,225000,4.8,448,877,11,4
SYSN10003733,SH5240300,L'Oreal Thiên nhiên Tint Sunscreen,170000,5.0,57,102,16,4
SYSN10003734,SH9307322,La Roche-Posay Làm mềm Exfoliating Toner,362000,4.7,11,8,17,5
SYSN10003735,SH4808271,The Face Shop Thiên nhiên Micellar Cleanser,167000,4.9,84,122,32,1
SYSN10003736,SH9087279,Cetaphil Hiệu quả Cream Moisturizer,439000,4.6,129,166,5,2
SYSN10003737,SH4162319,The Face Shop Sáng da Oil Cleanser,150000,4.7,100,77,32,1
SYSN10003738,SH5642193,Pond's Dưỡng ẩm Peptide Serum,161000,4.6,6,10,23,3
SYSN10003739,SH7481438,Neutrogena Nhẹ nhàng Vitamin C Serum,401000,4.7,100,82,20,3
SYSN10003740,SH7055973,Some By Mi Cấp nước Exfoliating Toner,373000,4.4,193,246,29,5
SYSN10003741,SH5716623,Bioderma Làm mềm Oil Cleanser,441000,5.0,23,33,3,1
SYSN10003742,SH5154710,Clean & Clear Dưỡng ẩm Barrier Repair Moisturizer,117000,4.3,221,182,6,2
SYSN10003743,SH3460153,St. Ives Sáng da PA++++ Sunscreen,107000,4.9,21,35,30,4
SYSN10003744,SH4003780,Cosrx Dưỡng ẩm Essence Toner,191000,4.6,39,56,8,5
SYSN10003745,SH7572309,Rovectin Trắng sáng PA++++ Sunscreen,295000,4.6,178,168,24,4
SYSN10003746,SH4293573,Klairs Kiểm soát nhờn Foam Cleanser,329000,4.8,7,13,15,1
SYSN10003747,SH5522997,Cetaphil Tăng cường AHA/BHA Serum,515000,4.6,271,422,5,3
SYSN10003748,SH4077335,Cocoon Chuyên sâu Micellar Cleanser,139000,4.9,14,15,7,1
SYSN10003749,SH9067917,St. Ives Dưỡng ẩm Tint Sunscreen,56000,5.0,42,26,30,4
SYSN10003750,SH7696236,The Ordinary Thiên nhiên Foam Cleanser,376000,4.6,7,13,33,1
SYSN10003751,SH9739541,Innisfree Chuyên sâu Peptide Serum,496000,4.4,4,7,13,3
SYSN10003752,SH1150685,Murad VN Làm mềm Balm Cleanser,1425000,4.4,294,294,19,1
SYSN10003753,SH7096256,CeraVe Cao cấp Brightening Toner,242000,4.8,126,85,4,5
SYSN10003754,SH6056497,La Roche-Posay Phục hồi Water Resistant Sunscreen,289000,4.4,159,184,17,4
SYSN10003755,SH4574666,L'Oreal Làm mềm Lotion Moisturizer,128000,4.4,27,31,16,2
SYSN10003756,SH9039790,Pond's Chống lão hóa Water Resistant Sunscreen,134000,4.6,18,13,23,4
SYSN10003757,SH7542448,Laneige Phục hồi Peptide Serum,1513000,4.8,8,13,18,3
SYSN10003758,SH9431822,Laneige Nhẹ nhàng Hydrating Toner,2160000,4.6,0,0,18,5
SYSN10003759,SH4617370,Rovectin Nhẹ nhàng Lotion Moisturizer,463000,4.0,36,19,24,2
SYSN10003760,SH6742471,Cetaphil Cao cấp Low pH Cleanser,259000,4.8,135,98,5,1
SYSN10003761,SH3186550,SK-II Thiên nhiên Essence Toner,1279000,4.7,77,108,25,5
SYSN10003762,SH3770463,Bioderma Cao cấp Balm Cleanser,307000,4.8,196,365,3,1
SYSN10003763,SH2968629,Some By Mi Làm mềm Cream Moisturizer,409000,4.4,39,66,29,2
SYSN10003764,SH3740598,The Ordinary Thiên nhiên Exfoliating Toner,260000,4.8,8,4,33,5
SYSN10003765,SH1368958,L'Oreal Dưỡng ẩm Lotion Moisturizer,86000,4.9,20,18,16,2
SYSN10003766,SH7450998,Some By Mi Cao cấp Low pH Cleanser,175000,4.4,27,51,29,1
SYSN10003767,SH4984820,Cosrx Sáng da Cream Moisturizer,625000,4.9,32,59,8,2
SYSN10003768,SH9660487,Neutrogena Thiên nhiên Gel Moisturizer,413000,4.4,24,24,20,2
SYSN10003769,SH6528230,The Face Shop Làm dịu SPF 30 Sunscreen,369000,4.7,150,218,32,4
SYSN10003770,SH4150658,CeraVe Chống lão hóa Oil Cleanser,268000,4.8,109,179,4,1
SYSN10003771,SH6759537,Ohui VN Kiểm soát nhờn Cream Moisturizer,1398000,4.7,74,57,21,2
SYSN10003772,SH1688179,Simple Sáng da Micellar Cleanser,54000,4.6,6,5,28,1
SYSN10003773,SH9418940,Vaseline Nhẹ nhàng Micellar Cleanser,49000,4.2,156,184,34,1
SYSN10003774,SH2931538,Estee Lauder Sáng da Hydrating Toner,1891000,4.4,93,169,9,5
SYSN10003775,SH5873459,Rovectin Nhẹ nhàng Niacinamide Serum,549000,4.6,474,266,24,3
SYSN10003776,SH6910559,Ohui VN Hiệu quả PA++++ Sunscreen,2427000,4.3,1,1,21,4
SYSN10003777,SH3249897,Cosrx Hiệu quả Eye Cream Moisturizer,411000,4.7,29,43,8,2
SYSN10003778,SH7242867,Innisfree Làm dịu Brightening Toner,308000,5.0,290,394,13,5
SYSN10003779,SH5839523,Garnier Chống lão hóa Tint Sunscreen,83000,4.6,5,8,10,4
SYSN10003780,SH6552150,Senka Làm dịu Low pH Cleanser,102000,4.6,55,101,26,1
SYSN10003781,SH2770378,Hada Labo Thiên nhiên Micellar Cleanser,209000,4.4,23,26,11,1
SYSN10003782,SH3584329,Hada Labo Trắng sáng Oil Cleanser,180000,5.0,80,79,11,1
SYSN10003783,SH5420920,The Ordinary Làm mềm Tint Sunscreen,223000,4.6,23,33,33,4
SYSN10003784,SH7665601,Garnier Làm mềm Daily Sunscreen,58000,4.5,24,24,10,4
SYSN10003785,SH2731726,Cosrx Làm dịu SPF 30 Sunscreen,323000,5.0,61,75,8,4
SYSN10003786,SH5861870,Cetaphil Hiệu quả Retinol Serum,490000,5.0,35,36,5,3
SYSN10003787,SH4601894,Clean & Clear Cấp nước SPF 50+ Sunscreen,152000,4.2,69,55,6,4
SYSN10003788,SH6974725,Beauty of Joseon VN Kiểm soát nhờn Gel Cleanser,264000,4.7,13,21,2,1
SYSN10003789,SH4370929,Sulwhasoo Làm dịu Essence Toner,1437000,4.4,9,5,31,5
SYSN10003790,SH8663691,Vaseline Chuyên sâu Cream Moisturizer,179000,4.7,41,56,34,2
SYSN10003791,SH2150365,Kiehl's VN Phục hồi Low pH Cleanser,1448000,4.9,11,16,14,1
SYSN10003792,SH1410098,Ohui VN Tăng cường Balm Cleanser,2014000,4.8,8,15,21,1
SYSN10003793,SH7197907,L'Oreal Trắng sáng SPF 50+ Sunscreen,118000,4.8,57,100,16,4
SYSN10003794,SH4982314,Some By Mi Chuyên sâu Retinol Serum,240000,4.7,6,9,29,3
SYSN10003795,SH4962847,Anessa Chuyên sâu AHA/BHA Serum,738000,4.7,41,53,1,3
SYSN10003796,SH9861949,Cocoon Phục hồi Balm Cleanser,162000,4.6,3,2,7,1
SYSN10003797,SH5579661,St. Ives Nhẹ nhàng Retinol Serum,129000,4.6,48,87,30,3
SYSN10003798,SH4126399,The Face Shop Làm dịu Retinol Serum,347000,4.7,38,61,32,3
SYSN10003799,SH8769529,Hada Labo Làm dịu SPF 50+ Sunscreen,463000,4.6,70,103,11,4
SYSN10003800,SH5020120,Innisfree Cấp nước Oil Cleanser,226000,4.9,32,37,13,1
SYSN10003801,SH3831402,St. Ives Làm dịu Micellar Cleanser,64000,4.5,33,31,30,1
SYSN10003802,SH6619686,Neutrogena Phục hồi Balm Cleanser,137000,4.5,11,9,20,1
SYSN10003803,SH1171746,Rovectin Làm dịu Pore Care Toner,311000,4.3,9,17,24,5
SYSN10003804,SH7291982,Some By Mi Hiệu quả Pore Care Toner,310000,4.5,60,54,29,5
SYSN10003805,SH4054488,Simple Chuyên sâu SPF 50+ Sunscreen,186000,4.7,38,66,28,4
SYSN10003806,SH7437563,Rovectin Làm dịu Exfoliating Toner,275000,4.9,53,71,24,5
SYSN10003807,SH5527187,Bioderma Kiểm soát nhờn Barrier Repair Moisturizer,547000,4.7,8,4,3,2
SYSN10003808,SH9738020,Hada Labo Nhẹ nhàng Hydrating Toner,280000,4.3,20,38,11,5
SYSN10003809,SH6461852,Kiehl's VN Cấp nước Peptide Serum,2747000,4.7,15,22,14,3
SYSN10003810,SH7465486,Vaseline Kiểm soát nhờn Tint Sunscreen,147000,4.6,30909,41493,34,4
SYSN10003811,SH9035909,Anessa Nhẹ nhàng Barrier Repair Moisturizer,382000,4.5,427,630,1,2
SYSN10003812,SH8833150,L'Oreal Chống lão hóa Retinol Serum,139000,4.6,15,8,16,3
SYSN10003813,SH1709860,Bioderma Chống lão hóa Hyaluronic Acid Serum,299000,4.6,17,10,3,3
SYSN10003814,SH7185065,Innisfree Trắng sáng Barrier Repair Moisturizer,281000,5.0,43,30,13,2
SYSN10003815,SH1364100,Klairs Chuyên sâu Hyaluronic Acid Serum,529000,4.0,75,128,15,3
SYSN10003816,SH1833191,Cetaphil Tăng cường Balm Cleanser,377000,4.2,16,21,5,1
SYSN10003817,SH8982486,Kiehl's VN Kiểm soát nhờn Eye Cream Moisturizer,769000,4.4,80,147,14,2
SYSN10003818,SH1798938,Innisfree Nhẹ nhàng Barrier Repair Moisturizer,553000,4.6,10,16,13,2
SYSN10003819,SH9479318,Sulwhasoo Hiệu quả AHA/BHA Serum,2235000,4.4,82,116,31,3
SYSN10003820,SH9870866,SK-II Trắng sáng Pore Care Toner,956000,4.3,76,68,25,5
SYSN10003821,SH1351140,Pond's Tăng cường Brightening Toner,135000,4.9,15,15,23,5
SYSN10003822,SH5864248,Klairs Trắng sáng Vitamin C Serum,394000,4.7,24,19,15,3
SYSN10003823,SH7145165,Some By Mi Nhẹ nhàng Niacinamide Serum,330000,4.8,33,22,29,3
SYSN10003824,SH7735271,Anessa Trắng sáng Retinol Serum,265000,4.7,11,14,1,3
SYSN10003825,SH5013223,Kiehl's VN Làm mềm PA++++ Sunscreen,1422000,4.6,4,7,14,4
SYSN10003826,SH2459426,The Ordinary Hiệu quả SPF 30 Sunscreen,303000,4.9,8,6,33,4
SYSN10003827,SH7942783,Murad VN Trắng sáng Tint Sunscreen,1703000,4.6,13,25,19,4
SYSN10003828,SH3513078,Pond's Tăng cường Hyaluronic Acid Serum,124000,4.8,9,10,23,3
SYSN10003829,SH3415472,Rovectin Dưỡng ẩm AHA/BHA Serum,574000,4.6,1,1,24,3
SYSN10003830,SH8325324,Hasaki Thiên nhiên AHA/BHA Serum,178000,4.9,203,268,12,3
SYSN10003831,SH9766934,Cosrx Trắng sáng Foam Cleanser,287000,4.4,157,100,8,1
SYSN10003832,SH4147796,Anessa Hiệu quả Lotion Moisturizer,385000,4.5,21,28,1,2
SYSN10003833,SH5729096,Rovectin Kiểm soát nhờn Micellar Cleanser,391000,4.4,0,0,24,1
SYSN10003834,SH8421587,Beauty of Joseon VN Thiên nhiên Cream Moisturizer,212000,4.3,12,16,2,2
SYSN10003835,SH7642851,L'Oreal Chống lão hóa Lotion Moisturizer,119000,4.4,81,123,16,2
SYSN10003836,SH1411877,Rovectin Sáng da Gel Cleanser,476000,4.4,6,4,24,1
SYSN10003837,SH9462834,Simple Kiểm soát nhờn Hyaluronic Acid Serum,240000,5.0,2,1,28,3
SYSN10003838,SH5157612,Neutrogena Nhẹ nhàng Hyaluronic Acid Serum,502000,4.7,2,1,20,3
SYSN10003839,SH6077709,Laneige Nhẹ nhàng Hydrating Toner,1120000,4.7,88,69,18,5
SYSN10003840,SH5421583,The Face Shop Cấp nước Vitamin C Serum,343000,4.3,20,16,32,3
SYSN10003841,SH8396003,Laneige Làm dịu Low pH Cleanser,1171000,4.4,5050,2990,18,1
SYSN10003842,SH4559613,Murad VN Cao cấp Exfoliating Toner,1797000,4.3,1,1,19,5
SYSN10003843,SH7386788,Innisfree Tăng cường Balm Cleanser,256000,4.6,82,106,13,1
SYSN10003844,SH4972084,Cetaphil Nhẹ nhàng Oil Cleanser,270000,4.5,22,42,5,1
SYSN10003845,SH2408652,Senka Tăng cường AHA/BHA Serum,201000,5.0,35,58,26,3
SYSN10003846,SH7304758,Rovectin Phục hồi Balm Cleanser,270000,4.4,20,18,24,1
SYSN10003847,SH6878493,Pond's Cấp nước Gel Cleanser,116000,5.0,168,261,23,1
SYSN10003848,SH4399598,Kiehl's VN Tăng cường Barrier Repair Moisturizer,860000,4.2,1537,2915,14,2
SYSN10003849,SH5378177,Hada Labo Sáng da Vitamin C Serum,537000,4.4,34,36,11,3
SYSN10003850,SH8552545,Clean & Clear Chống lão hóa Low pH Cleanser,49000,4.8,28,18,6,1
SYSN10003851,SH7426092,The Ordinary Chuyên sâu AHA/BHA Serum,349000,4.1,1,1,33,3
SYSN10003852,SH4695683,Some By Mi Sáng da Gel Cleanser,262000,4.5,18,20,29,1
SYSN10003853,SH8840888,Klairs Trắng sáng Balm Cleanser,251000,4.7,1,0,15,1
SYSN10003854,SH9789295,Anessa Thiên nhiên PA++++ Sunscreen,390000,4.8,18,21,1,4
SYSN10003855,SH7470924,Estee Lauder Chống lão hóa Tint Sunscreen,2493000,4.8,491,618,9,4
SYSN10003856,SH7731559,Rovectin Thiên nhiên Balm Cleanser,286000,4.6,11,10,24,1
SYSN10003857,SH2880198,Cetaphil Cấp nước PA++++ Sunscreen,325000,4.7,6,11,5,4
SYSN10003858,SH7732163,Kiehl's VN Tăng cường Retinol Serum,1143000,4.2,30,25,14,3
SYSN10003859,SH6900644,Neutrogena Chống lão hóa Pore Care Toner,198000,4.4,192,108,20,5
SYSN10003860,SH7980418,Neutrogena Kiểm soát nhờn AHA/BHA Serum,819000,4.5,48,70,20,3
SYSN10003861,SH9549535,Cosrx Làm dịu Oil Cleanser,212000,4.6,49,57,8,1
SYSN10003862,SH6588362,Klairs Chuyên sâu Daily Sunscreen,274000,4.7,151,223,15,4
SYSN10003863,SH3083658,Klairs Hiệu quả Oil Cleanser,288000,4.7,0,0,15,1
SYSN10003864,SH5264310,Paula's Choice Thiên nhiên Niacinamide Serum,330000,4.8,295,335,22,3
SYSN10003865,SH4173395,Simple Cấp nước Peptide Serum,118000,4.7,340,277,28,3
SYSN10003866,SH4636454,L'Oreal Kiểm soát nhờn Niacinamide Serum,164000,4.9,3,1,16,3
SYSN10003867,SH6561358,Innisfree Tăng cường Foam Cleanser,245000,4.6,48,36,13,1
SYSN10003868,SH9053977,Neutrogena Làm dịu Niacinamide Serum,375000,4.7,108,135,20,3
SYSN10003869,SH7180555,Rovectin Nhẹ nhàng Micellar Cleanser,240000,4.3,59,40,24,1
SYSN10003870,SH8719030,Garnier Làm mềm Cream Moisturizer,113000,4.7,8,10,10,2
SYSN10003871,SH1930815,Pond's Tăng cường Night Cream Moisturizer,98000,4.3,46,44,23,2
SYSN10003872,SH3106197,Simple Trắng sáng Foam Cleanser,52000,4.6,93,139,28,1
SYSN10003873,SH2152756,Bioderma Trắng sáng Low pH Cleanser,174000,5.0,506,776,3,1
SYSN10003874,SH9649816,Innisfree Làm dịu Peptide Serum,257000,4.8,16,8,13,3
SYSN10003875,SH5304732,Beauty of Joseon VN Chống lão hóa Oil Cleanser,331000,4.4,8,6,2,1
SYSN10003876,SH6291925,Innisfree Kiểm soát nhờn Water Resistant Sunscreen,356000,4.9,854,842,13,4
SYSN10003877,SH2780987,Klairs Làm dịu Hydrating Toner,190000,4.6,5,2,15,5
SYSN10003878,SH5369500,Laneige Làm mềm Peptide Serum,2083000,4.9,38,54,18,3
SYSN10003879,SH2191242,Some By Mi Hiệu quả Pore Care Toner,243000,4.5,42,52,29,5
SYSN10003880,SH5117463,Ohui VN Chống lão hóa SPF 30 Sunscreen,839000,4.9,13,13,21,4
SYSN10003881,SH9379959,Simple Nhẹ nhàng Micellar Cleanser,58000,4.2,67,37,28,1
SYSN10003882,SH3707365,Rovectin Làm dịu Tint Sunscreen,440000,4.9,437,470,24,4
SYSN10003883,SH3984141,Hasaki Dưỡng ẩm Gel Moisturizer,218000,5.0,25,48,12,2
SYSN10003884,SH5772963,Garnier Sáng da Exfoliating Toner,90000,4.4,42,21,10,5
SYSN10003885,SH2041175,L'Oreal Thiên nhiên Tint Sunscreen,132000,4.3,95,178,16,4
SYSN10003886,SH1849537,Beauty of Joseon VN Chuyên sâu Daily Sunscreen,327000,4.7,30,33,2,4
SYSN10003887,SH6997357,Cocoon Hiệu quả Balm Cleanser,157000,4.8,14,9,7,1
SYSN10003888,SH3859793,Cosrx Thiên nhiên Vitamin C Serum,474000,4.2,36,26,8,3
SYSN10003889,SH8316922,Hada Labo Tăng cường Water Resistant Sunscreen,282000,4.3,32,28,11,4
SYSN10003890,SH4306098,Hasaki Chuyên sâu Exfoliating Toner,110000,4.8,32,36,12,5
SYSN10003891,SH2129728,SK-II Hiệu quả Pore Care Toner,814000,4.4,40,39,25,5
SYSN10003892,SH7261430,Cosrx Trắng sáng Pore Care Toner,369000,4.8,14,22,8,5
SYSN10003893,SH3991066,Garnier Sáng da Micellar Cleanser,88000,4.7,29,21,10,1
SYSN10003894,SH5535463,Pond's Thiên nhiên Peptide Serum,189000,4.8,19,23,23,3
SYSN10003895,SH7656720,L'Oreal Nhẹ nhàng PA++++ Sunscreen,120000,4.7,55,101,16,4
SYSN10003896,SH3025115,Anessa Dưỡng ẩm Foam Cleanser,355000,4.6,6,10,1,1
SYSN10003897,SH9490760,Some By Mi Thiên nhiên Peptide Serum,579000,4.3,159,233,29,3
SYSN10003898,SH7106690,Ohui VN Cấp nước Tint Sunscreen,2110000,4.5,3,4,21,4
SYSN10003899,SH5148887,The Ordinary Trắng sáng Balm Cleanser,355000,4.3,20,29,33,1
SYSN10003900,SH3076249,Cocoon Làm dịu Micellar Cleanser,87000,4.5,73,145,7,1
SYSN10003901,SH2034085,Senka Phục hồi Essence Toner,118000,4.4,7968,10167,26,5
SYSN10003902,SH4070746,The Face Shop Làm dịu Retinol Serum,476000,4.6,24,31,32,3
SYSN10003903,SH2370247,Estee Lauder Làm mềm Niacinamide Serum,2888000,4.6,4,5,9,3
SYSN10003904,SH8398943,Neutrogena Cấp nước Eye Cream Moisturizer,249000,4.5,0,0,20,2
SYSN10003905,SH9980222,Anessa Phục hồi Daily Sunscreen,289000,4.6,28,34,1,4
SYSN10003906,SH9375299,St. Ives Nhẹ nhàng Eye Cream Moisturizer,191000,4.4,7,8,30,2
SYSN10003907,SH1343331,Garnier Dưỡng ẩm AHA/BHA Serum,68000,4.6,8,6,10,3
SYSN10003908,SH9271947,Simple Cao cấp AHA/BHA Serum,177000,4.7,12,23,28,3
SYSN10003909,SH6810876,Garnier Cấp nước Exfoliating Toner,164000,4.4,4,3,10,5
SYSN10003910,SH8288055,L'Oreal Cao cấp Brightening Toner,97000,4.2,226,368,16,5
SYSN10003911,SH3839702,Anessa Trắng sáng AHA/BHA Serum,441000,4.7,3,5,1,3
SYSN10003912,SH8707788,Bioderma Chống lão hóa AHA/BHA Serum,220000,4.8,37,48,3,3
SYSN10003913,SH4896493,Shiseido VN Chống lão hóa Hyaluronic Acid Serum,2953000,4.4,3,3,27,3
SYSN10003914,SH2352974,SK-II Cao cấp Gel Cleanser,1514000,4.8,91,144,25,1
SYSN10003915,SH8844678,L'Oreal Nhẹ nhàng Micellar Cleanser,61000,5.0,2,3,16,1
SYSN10003916,SH1102843,Shiseido VN Tăng cường Brightening Toner,2000000,4.8,12,19,27,5
SYSN10003917,SH7702476,Neutrogena Sáng da Pore Care Toner,288000,4.3,6,4,20,5
SYSN10003918,SH1192682,Hada Labo Phục hồi SPF 50+ Sunscreen,419000,4.9,19,32,11,4
SYSN10003919,SH5662455,Pond's Tăng cường AHA/BHA Serum,194000,5.0,48,77,23,3
SYSN10003920,SH1579971,Cosrx Nhẹ nhàng SPF 30 Sunscreen,539000,4.6,854,1378,8,4
SYSN10003921,SH2841028,Sulwhasoo Tăng cường Daily Sunscreen,1869000,4.3,145,272,31,4
SYSN10003922,SH4865344,Sulwhasoo Trắng sáng Lotion Moisturizer,1784000,4.4,30,58,31,2
SYSN10003923,SH1510673,Klairs Nhẹ nhàng PA++++ Sunscreen,359000,4.4,288,252,15,4
SYSN10003924,SH8043228,Murad VN Chống lão hóa PA++++ Sunscreen,1033000,4.9,710,1277,19,4
SYSN10003925,SH3893887,Senka Thiên nhiên Foam Cleanser,105000,4.8,21,17,26,1
SYSN10003926,SH4859756,CeraVe Cao cấp Peptide Serum,256000,4.2,222,228,4,3
SYSN10003927,SH3705014,Vaseline Trắng sáng SPF 50+ Sunscreen,77000,4.7,8,9,34,4
SYSN10003928,SH2471018,Innisfree Trắng sáng Foam Cleanser,268000,4.7,31,29,13,1
SYSN10003929,SH3717471,La Roche-Posay Cấp nước Eye Cream Moisturizer,362000,4.7,131,256,17,2
SYSN10003930,SH4940571,Pond's Dưỡng ẩm SPF 50+ Sunscreen,92000,4.6,14,24,23,4
SYSN10003931,SH2554904,Sulwhasoo Nhẹ nhàng Micellar Cleanser,783000,4.5,28,42,31,1
SYSN10003932,SH2463709,Cosrx Kiểm soát nhờn Vitamin C Serum,386000,4.5,269,315,8,3
SYSN10003933,SH8476180,Hada Labo Kiểm soát nhờn Niacinamide Serum,530000,4.6,81,118,11,3
SYSN10003934,SH3153509,Laneige Phục hồi Vitamin C Serum,1103000,4.6,15,29,18,3
SYSN10003935,SH6124355,Pond's Làm dịu Foam Cleanser,80000,4.5,33,22,23,1
SYSN10003936,SH2101185,Kiehl's VN Dưỡng ẩm Tint Sunscreen,1392000,4.6,10,5,14,4
SYSN10003937,SH6091238,Cetaphil Làm mềm AHA/BHA Serum,533000,4.8,447,312,5,3
SYSN10003938,SH8101178,The Ordinary Tăng cường Eye Cream Moisturizer,434000,4.7,45,73,33,2
SYSN10003939,SH9770031,Sulwhasoo Nhẹ nhàng Vitamin C Serum,2075000,4.8,25,42,31,3
SYSN10003940,SH8616105,Ohui VN Thiên nhiên Pore Care Toner,1765000,3.9,513,634,21,5
SYSN10003941,SH2282728,Cosrx Làm mềm Tint Sunscreen,448000,4.3,0,0,8,4
SYSN10003942,SH3696717,Klairs Chuyên sâu Oil Cleanser,181000,4.7,3,1,15,1
SYSN10003943,SH9410273,Cosrx Tăng cường Hyaluronic Acid Serum,277000,4.8,31,34,8,3
SYSN10003944,SH2903697,St. Ives Làm dịu Exfoliating Toner,52000,4.7,13,17,30,5
SYSN10003945,SH1671929,Shiseido VN Nhẹ nhàng PA++++ Sunscreen,969000,4.9,648,565,27,4
SYSN10003946,SH4233066,Kiehl's VN Sáng da Hyaluronic Acid Serum,3209000,4.3,8,14,14,3
SYSN10003947,SH1553114,L'Oreal Chống lão hóa Barrier Repair Moisturizer,100000,4.4,12,12,16,2
SYSN10003948,SH6304957,Bioderma Trắng sáng Tint Sunscreen,417000,4.1,31,27,3,4
SYSN10003949,SH8856113,St. Ives Nhẹ nhàng Gel Cleanser,107000,4.6,12,23,30,1
SYSN10003950,SH6811045,Rovectin Chuyên sâu SPF 50+ Sunscreen,373000,4.9,48,49,24,4
SYSN10003951,SH9659536,Vaseline Làm mềm Essence Toner,48000,4.4,355,554,34,5
SYSN10003952,SH2775920,Garnier Chống lão hóa Daily Sunscreen,119000,4.6,11,18,10,4
SYSN10003953,SH6206904,Senka Hiệu quả Vitamin C Serum,214000,4.7,49,60,26,3
SYSN10003954,SH9250720,Cosrx Chuyên sâu Hydrating Toner,237000,4.8,9,11,8,5
SYSN10003955,SH8172651,La Roche-Posay Kiểm soát nhờn Lotion Moisturizer,425000,4.6,4,4,17,2
SYSN10003956,SH5904727,Murad VN Hiệu quả SPF 30 Sunscreen,2438000,4.8,736,699,19,4
SYSN10003957,SH1262926,Hada Labo Hiệu quả Gel Cleanser,243000,4.1,63,124,11,1
SYSN10003958,SH1788633,Paula's Choice Hiệu quả Tint Sunscreen,387000,4.6,27,41,22,4
SYSN10003959,SH7311721,St. Ives Cao cấp Hyaluronic Acid Serum,96000,4.0,364,542,30,3
SYSN10003960,SH2003980,Shiseido VN Hiệu quả Eye Cream Moisturizer,1418000,4.4,107,174,27,2
SYSN10003961,SH8785256,L'Oreal Hiệu quả Vitamin C Serum,195000,5.0,26,30,16,3
SYSN10003962,SH3698512,Ohui VN Cao cấp Brightening Toner,985000,4.6,30,27,21,5
SYSN10003963,SH5838756,Paula's Choice Cấp nước Pore Care Toner,370000,5.0,33,28,22,5
SYSN10003964,SH9558134,Shiseido VN Trắng sáng Hydrating Toner,1571000,4.9,1,1,27,5
SYSN10003965,SH5060638,Laneige Làm dịu SPF 30 Sunscreen,1634000,4.0,79,146,18,4
SYSN10003966,SH5966358,Vaseline Làm mềm AHA/BHA Serum,86000,4.6,207,112,34,3
SYSN10003967,SH4447799,CeraVe Chống lão hóa AHA/BHA Serum,524000,4.5,2,1,4,3
SYSN10003968,SH1194285,La Roche-Posay Cấp nước Vitamin C Serum,368000,4.6,83,102,17,3
SYSN10003969,SH3157462,Some By Mi Cao cấp PA++++ Sunscreen,216000,4.3,76,58,29,4
SYSN10003970,SH5099412,Clean & Clear Chuyên sâu Niacinamide Serum,108000,4.3,121,196,6,3
SYSN10003971,SH3075233,Anessa Trắng sáng Niacinamide Serum,387000,4.7,55,96,1,3
SYSN10003972,SH2430612,Pond's Cấp nước Foam Cleanser,100000,4.5,35,45,23,1
SYSN10003973,SH9891383,Vaseline Cấp nước Retinol Serum,144000,4.7,83,57,34,3
SYSN10003974,SH6216787,Neutrogena Cao cấp Water Resistant Sunscreen,220000,4.7,8,15,20,4
SYSN10003975,SH6835332,The Face Shop Cao cấp Retinol Serum,332000,4.0,28,35,32,3
SYSN10003976,SH9688443,Vaseline Kiểm soát nhờn Gel Moisturizer,104000,4.0,22,11,34,2
SYSN10003977,SH8567612,Innisfree Trắng sáng Pore Care Toner,241000,4.5,90,154,13,5
SYSN10003978,SH8941680,Garnier Nhẹ nhàng Hydrating Toner,179000,4.5,54,66,10,5
SYSN10003979,SH1569148,Ohui VN Phục hồi Water Resistant Sunscreen,1241000,4.3,77,73,21,4
SYSN10003980,SH3276949,Hada Labo Thiên nhiên Peptide Serum,619000,4.5,4,4,11,3
SYSN10003981,SH4487860,St. Ives Hiệu quả Hyaluronic Acid Serum,129000,4.8,31,38,30,3
SYSN10003982,SH7372642,Vaseline Chuyên sâu Hydrating Toner,77000,4.8,29,15,34,5
SYSN10003983,SH7047539,Hasaki Cao cấp Retinol Serum,167000,4.9,67,58,12,3
SYSN10003984,SH4733815,Cosrx Sáng da Vitamin C Serum,531000,4.5,102,72,8,3
SYSN10003985,SH2747394,The Ordinary Tăng cường Retinol Serum,685000,5.0,2,3,33,3
SYSN10003986,SH4877872,Some By Mi Dưỡng ẩm Hyaluronic Acid Serum,666000,4.8,4160,6757,29,3
SYSN10003987,SH5486857,Rovectin Làm dịu Balm Cleanser,333000,4.7,112,213,24,1
SYSN10003988,SH5439172,Bioderma Sáng da Oil Cleanser,190000,4.5,257,348,3,1
SYSN10003989,SH8657436,Cetaphil Cao cấp Lotion Moisturizer,397000,4.3,135,215,5,2
SYSN10003990,SH3411346,Cosrx Chuyên sâu PA++++ Sunscreen,185000,4.6,18,20,8,4
SYSN10003991,SH4578198,Shiseido VN Chống lão hóa Vitamin C Serum,1789000,4.3,33,46,27,3
SYSN10003992,SH5540312,Beauty of Joseon VN Cấp nước Night Cream Moisturizer,207000,4.8,68,106,2,2
SYSN10003993,SH2355077,Hada Labo Trắng sáng Lotion Moisturizer,330000,4.6,80,59,11,2
SYSN10003994,SH3202126,Cocoon Nhẹ nhàng Foam Cleanser,213000,4.4,105,136,7,1
SYSN10003995,SH6981197,Pond's Sáng da Hyaluronic Acid Serum,269000,4.9,26,19,23,3
SYSN10003996,SH4460770,Sulwhasoo Chống lão hóa Hydrating Toner,943000,4.1,128,183,31,5
SYSN10003997,SH3234621,Murad VN Phục hồi Niacinamide Serum,2705000,5.0,120,188,19,3
SYSN10003998,SH1688945,Klairs Trắng sáng Hyaluronic Acid Serum,491000,4.5,52,26,15,3
SYSN10003999,SH5217473,Simple Chuyên sâu Daily Sunscreen,140000,4.5,75,144,28,4
SYSN10004000,SH9333551,Shiseido VN Phục hồi PA++++ Sunscreen,1186000,4.6,26,15,27,4
SYSN10004001,SH4263930,Hasaki Sáng da Peptide Serum,167000,4.9,59,35,12,3
SYSN10004002,SH4908064,Vaseline Phục hồi Peptide Serum,112000,4.9,26,31,34,3
SYSN10004003,SH6223433,L'Oreal Trắng sáng Lotion Moisturizer,116000,4.6,127,162,16,2
SYSN10004004,SH1449635,Innisfree Sáng da Lotion Moisturizer,493000,4.7,9,11,13,2
SYSN10004005,SH9012615,La Roche-Posay Dưỡng ẩm Exfoliating Toner,171000,4.7,4,2,17,5
SYSN10004006,SH6424896,Neutrogena Sáng da Exfoliating Toner,383000,4.2,27,36,20,5
SYSN10004007,SH8794001,SK-II Kiểm soát nhờn Peptide Serum,2677000,4.0,66,126,25,3
SYSN10004008,SH9821037,Senka Dưỡng ẩm SPF 30 Sunscreen,120000,4.9,9,11,26,4
SYSN10004009,SH5692181,Simple Chống lão hóa Vitamin C Serum,144000,4.5,22,15,28,3
SYSN10004010,SH6864452,Rovectin Chuyên sâu Niacinamide Serum,392000,4.4,1,1,24,3
SYSN10004011,SH2626819,Some By Mi Hiệu quả Water Resistant Sunscreen,266000,4.8,17,16,29,4
SYSN10004012,SH5886661,Murad VN Cấp nước Oil Cleanser,1304000,4.5,17,25,19,1
SYSN10004013,SH3253741,Cetaphil Làm dịu Vitamin C Serum,362000,4.3,182,101,5,3
SYSN10004014,SH5349498,Vaseline Nhẹ nhàng Low pH Cleanser,54000,4.3,36,66,34,1
SYSN10004015,SH4375409,Rovectin Sáng da PA++++ Sunscreen,240000,5.0,68,121,24,4
SYSN10004016,SH5301840,Shiseido VN Làm mềm Tint Sunscreen,2202000,4.3,5,9,27,4
SYSN10004017,SH7038155,Hada Labo Cao cấp Barrier Repair Moisturizer,233000,4.6,0,0,11,2
SYSN10004018,SH8327521,Cocoon Hiệu quả Low pH Cleanser,207000,4.7,49,58,7,1
SYSN10004019,SH8550026,Ohui VN Chuyên sâu SPF 30 Sunscreen,761000,4.5,11,14,21,4
SYSN10004020,SH2837351,The Ordinary Thiên nhiên SPF 30 Sunscreen,444000,4.7,25,28,33,4
SYSN10004021,SH8357476,Anessa Phục hồi Micellar Cleanser,266000,4.7,34,44,1,1
SYSN10004022,SH9538946,Paula's Choice Hiệu quả Vitamin C Serum,284000,4.2,1,1,22,3
SYSN10004023,SH1841783,Hada Labo Chống lão hóa Pore Care Toner,413000,4.6,11,19,11,5
SYSN10004024,SH9326807,St. Ives Hiệu quả Lotion Moisturizer,160000,4.4,62,41,30,2
SYSN10004025,SH1450701,Cocoon Dưỡng ẩm Gel Moisturizer,178000,4.5,32,42,7,2
SYSN10004026,SH4928024,Hasaki Tăng cường Gel Cleanser,120000,4.5,33,23,12,1
SYSN10004027,SH1014095,Some By Mi Hiệu quả Water Resistant Sunscreen,306000,4.4,12,21,29,4
SYSN10004028,SH4448378,Hada Labo Nhẹ nhàng SPF 50+ Sunscreen,291000,4.6,7,3,11,4
SYSN10004029,SH4171701,Kiehl's VN Chuyên sâu Hydrating Toner,1152000,4.5,1411,970,14,5
SYSN10004030,SH8445869,Hasaki Sáng da Daily Sunscreen,176000,5.0,62,111,12,4
SYSN10004031,SH5569371,Senka Làm mềm Cream Moisturizer,50000,4.6,1365,2604,26,2
SYSN10004032,SH5660351,Innisfree Hiệu quả Vitamin C Serum,288000,4.7,79,126,13,3
SYSN10004033,SH7501494,Neutrogena Phục hồi Lotion Moisturizer,360000,4.6,115,154,20,2
SYSN10004034,SH4128255,Clean & Clear Cấp nước Brightening Toner,171000,5.0,0,0,6,5
SYSN10004035,SH5277631,Neutrogena Tăng cường Daily Sunscreen,259000,4.5,19,37,20,4
SYSN10004036,SH6160775,Neutrogena Làm mềm Daily Sunscreen,387000,4.9,145,87,20,4
SYSN10004037,SH9440838,Shiseido VN Nhẹ nhàng Gel Cleanser,1141000,4.9,26,32,27,1
SYSN10004038,SH3287623,Klairs Chống lão hóa AHA/BHA Serum,591000,4.5,12,9,15,3
SYSN10004039,SH1399472,Garnier Hiệu quả Eye Cream Moisturizer,82000,5.0,32,16,10,2
SYSN10004040,SH5581930,Murad VN Làm dịu Vitamin C Serum,2151000,4.9,65,124,19,3
SYSN10004041,SH8795690,Innisfree Trắng sáng Hydrating Toner,131000,4.7,1,1,13,5
SYSN10004042,SH2417992,The Face Shop Sáng da Retinol Serum,471000,4.4,521,957,32,3
SYSN10004043,SH8551752,Innisfree Thiên nhiên Brightening Toner,283000,4.7,16,26,13,5
SYSN10004044,SH7611043,Hada Labo Làm mềm PA++++ Sunscreen,222000,5.0,61,34,11,4
SYSN10004045,SH8311348,Vaseline Sáng da Retinol Serum,172000,4.9,32,30,34,3
SYSN10004046,SH9714211,Some By Mi Kiểm soát nhờn Peptide Serum,527000,4.2,72,89,29,3
SYSN10004047,SH5628396,Anessa Nhẹ nhàng Micellar Cleanser,263000,4.5,337,240,1,1
SYSN10004048,SH3854940,Vaseline Thiên nhiên Niacinamide Serum,99000,4.7,210,292,34,3
SYSN10004049,SH2035212,The Face Shop Dưỡng ẩm Hydrating Toner,319000,4.6,27,28,32,5
SYSN10004050,SH3721719,Beauty of Joseon VN Phục hồi SPF 50+ Sunscreen,161000,4.7,5,8,2,4
SYSN10004051,SH5010851,The Face Shop Cao cấp Peptide Serum,459000,4.5,13,11,32,3
SYSN10004052,SH1359908,Kiehl's VN Chuyên sâu Hyaluronic Acid Serum,1332000,4.6,1,1,14,3
SYSN10004053,SH5857837,Innisfree Nhẹ nhàng Foam Cleanser,175000,4.1,151,156,13,1
SYSN10004054,SH5243823,Paula's Choice Thiên nhiên Niacinamide Serum,244000,4.7,39,39,22,3
SYSN10004055,SH9416644,Innisfree Phục hồi Balm Cleanser,290000,4.3,2,2,13,1
SYSN10004056,SH5151401,Hada Labo Cấp nước Peptide Serum,571000,4.5,32,47,11,3
SYSN10004057,SH5199941,Vaseline Cấp nước Pore Care Toner,157000,4.9,37,22,34,5
SYSN10004058,SH3058008,Rovectin Nhẹ nhàng Cream Moisturizer,364000,4.7,13,18,24,2
SYSN10004059,SH6142532,Beauty of Joseon VN Thiên nhiên Brightening Toner,279000,4.6,388,562,2,5
SYSN10004060,SH5764012,Hada Labo Thiên nhiên Barrier Repair Moisturizer,343000,4.7,168,118,11,2
SYSN10004061,SH1815567,Laneige Sáng da Tint Sunscreen,1063000,4.5,25,15,18,4
SYSN10004062,SH1975229,Kiehl's VN Sáng da Gel Cleanser,1945000,4.9,131,199,14,1
SYSN10004063,SH8620153,Garnier Kiểm soát nhờn Exfoliating Toner,108000,4.4,26,19,10,5
SYSN10004064,SH6902944,Simple Thiên nhiên Hydrating Toner,96000,4.7,21,33,28,5
SYSN10004065,SH1598129,Pond's Chống lão hóa Exfoliating Toner,123000,4.9,157,100,23,5
SYSN10004066,SH1611857,L'Oreal Tăng cường Daily Sunscreen,152000,4.6,96,123,16,4
SYSN10004067,SH5639156,Cetaphil Trắng sáng Pore Care Toner,315000,4.7,23,12,5,5
SYSN10004068,SH5591159,Klairs Trắng sáng PA++++ Sunscreen,501000,4.5,820,1509,15,4
SYSN10004069,SH9184918,Bioderma Dưỡng ẩm Lotion Moisturizer,285000,4.7,26,23,3,2
SYSN10004070,SH8811985,L'Oreal Dưỡng ẩm Eye Cream Moisturizer,111000,4.8,13,6,16,2
SYSN10004071,SH8852698,Murad VN Dưỡng ẩm Peptide Serum,1522000,4.8,0,0,19,3
SYSN10004072,SH9203440,L'Oreal Hiệu quả Retinol Serum,85000,4.8,190,230,16,3
SYSN10004073,SH3135299,Neutrogena Làm mềm SPF 50+ Sunscreen,358000,4.0,81,94,20,4
SYSN10004074,SH2632827,The Face Shop Làm mềm Hyaluronic Acid Serum,444000,4.8,363,279,32,3
SYSN10004075,SH3139713,Rovectin Hiệu quả SPF 30 Sunscreen,293000,4.9,7,9,24,4
SYSN10004076,SH5272877,Simple Phục hồi Essence Toner,92000,4.8,8,13,28,5
SYSN10004077,SH6545917,The Ordinary Kiểm soát nhờn AHA/BHA Serum,533000,4.8,40,50,33,3
SYSN10004078,SH1728150,Klairs Sáng da SPF 30 Sunscreen,197000,4.4,47,39,15,4
SYSN10004079,SH7083948,Laneige Sáng da Foam Cleanser,2184000,4.8,199,193,18,1
SYSN10004080,SH8070294,Anessa Trắng sáng AHA/BHA Serum,358000,4.8,3062,5850,1,3
SYSN10004081,SH6455993,Beauty of Joseon VN Chuyên sâu AHA/BHA Serum,253000,4.5,0,0,2,3
SYSN10004082,SH5480282,L'Oreal Cấp nước Exfoliating Toner,111000,4.7,187,174,16,5
SYSN10004083,SH3622448,Clean & Clear Chống lão hóa Hyaluronic Acid Serum,133000,4.5,1,1,6,3
SYSN10004084,SH9392397,Anessa Cấp nước Oil Cleanser,381000,5.0,231,198,1,1
SYSN10004085,SH9093392,St. Ives Chuyên sâu Micellar Cleanser,78000,4.9,75,49,30,1
SYSN10004086,SH1727920,Cetaphil Dưỡng ẩm Vitamin C Serum,368000,4.5,274,506,5,3
SYSN10004087,SH8983343,Hasaki Chuyên sâu Niacinamide Serum,171000,4.4,21,39,12,3
SYSN10004088,SH6185270,Cosrx Chuyên sâu Water Resistant Sunscreen,533000,4.8,7,13,8,4
SYSN10004089,SH5815766,Hada Labo Chống lão hóa Retinol Serum,351000,4.6,9,15,11,3
SYSN10004090,SH2091491,Clean & Clear Làm dịu Pore Care Toner,114000,4.3,181,181,6,5
SYSN10004091,SH2140599,SK-II Hiệu quả Hyaluronic Acid Serum,2460000,4.4,63,108,25,3
SYSN10004092,SH7022607,St. Ives Cấp nước AHA/BHA Serum,91000,4.3,3,4,30,3
SYSN10004093,SH4836380,Hada Labo Thiên nhiên Barrier Repair Moisturizer,280000,4.7,29,45,11,2
SYSN10004094,SH3343303,Hada Labo Làm dịu Water Resistant Sunscreen,239000,4.3,20,12,11,4
SYSN10004095,SH6924480,Hasaki Tăng cường Hyaluronic Acid Serum,276000,5.0,3,3,12,3
SYSN10004096,SH7652146,St. Ives Làm mềm SPF 30 Sunscreen,117000,4.6,85,95,30,4
SYSN10004097,SH8916565,Hasaki Sáng da SPF 30 Sunscreen,238000,4.6,3,1,12,4
SYSN10004098,SH4360746,Klairs Dưỡng ẩm Essence Toner,275000,4.8,4,4,15,5
SYSN10004099,SH1552596,Garnier Tăng cường Barrier Repair Moisturizer,112000,4.6,37,23,10,2
SYSN10004100,SH1429114,Hada Labo Làm dịu Eye Cream Moisturizer,228000,4.6,27,32,11,2
SYSN10004101,SH8849014,Cetaphil Thiên nhiên Gel Cleanser,353000,5.0,28,36,5,1
SYSN10004102,SH1403445,Innisfree Sáng da Barrier Repair Moisturizer,196000,4.3,208,119,13,2
SYSN10004103,SH6177577,Hada Labo Sáng da Niacinamide Serum,486000,4.5,785,1202,11,3
SYSN10004104,SH3663703,Pond's Kiểm soát nhờn Night Cream Moisturizer,102000,4.6,0,0,23,2
SYSN10004105,SH8166784,Cetaphil Hiệu quả Hydrating Toner,244000,4.5,37,27,5,5
SYSN10004106,SH8514949,Anessa Tăng cường Retinol Serum,450000,5.0,422,675,1,3
SYSN10004107,SH3779093,Shiseido VN Thiên nhiên Niacinamide Serum,1866000,4.7,304,367,27,3
SYSN10004108,SH5249925,Bioderma Phục hồi Low pH Cleanser,362000,4.5,70,101,3,1
SYSN10004109,SH7481628,CeraVe Sáng da PA++++ Sunscreen,459000,4.7,65,40,4,4
SYSN10004110,SH9723371,The Face Shop Hiệu quả Night Cream Moisturizer,461000,4.4,16,24,32,2
SYSN10004111,SH5275197,Hasaki Thiên nhiên Eye Cream Moisturizer,266000,4.9,220,403,12,2
SYSN10004112,SH6435975,Vaseline Sáng da Night Cream Moisturizer,201000,4.8,484,544,34,2
SYSN10004113,SH4948271,The Face Shop Nhẹ nhàng Foam Cleanser,173000,4.7,24,43,32,1
SYSN10004114,SH2142813,Paula's Choice Sáng da Oil Cleanser,373000,4.7,97,165,22,1
SYSN10004115,SH1039569,Innisfree Chuyên sâu Exfoliating Toner,287000,4.6,246,156,13,5
SYSN10004116,SH9408308,Cocoon Trắng sáng Retinol Serum,161000,4.7,0,0,7,3
SYSN10004117,SH2228027,Klairs Phục hồi Retinol Serum,705000,4.5,154,291,15,3
SYSN10004118,SH1081716,L'Oreal Hiệu quả Hydrating Toner,97000,4.5,2,2,16,5
SYSN10004119,SH8154596,Paula's Choice Thiên nhiên Peptide Serum,604000,4.8,8,9,22,3
SYSN10004120,SH8658790,Senka Trắng sáng Retinol Serum,151000,5.0,6,7,26,3
SYSN10004121,SH2764943,Senka Nhẹ nhàng Cream Moisturizer,181000,4.9,71,105,26,2
SYSN10004122,SH3921984,Beauty of Joseon VN Cao cấp Exfoliating Toner,337000,4.5,16,30,2,5
SYSN10004123,SH7253171,Kiehl's VN Trắng sáng Niacinamide Serum,2945000,4.6,14,26,14,3
SYSN10004124,SH1982849,Klairs Chuyên sâu Brightening Toner,250000,4.6,27,49,15,5
SYSN10004125,SH1556646,The Ordinary Thiên nhiên SPF 30 Sunscreen,285000,4.4,54,95,33,4
SYSN10004126,SH4390767,Senka Thiên nhiên Balm Cleanser,75000,4.5,6,5,26,1
SYSN10004127,SH1211709,Bioderma Chuyên sâu Oil Cleanser,214000,4.9,130,69,3,1
SYSN10004128,SH6877112,Cosrx Chuyên sâu Exfoliating Toner,322000,4.0,83,64,8,5
SYSN10004129,SH2874068,La Roche-Posay Phục hồi Vitamin C Serum,379000,4.6,3,1,17,3
SYSN10004130,SH3809601,The Face Shop Phục hồi Daily Sunscreen,238000,4.6,17,31,32,4
SYSN10004131,SH2894814,Simple Trắng sáng Peptide Serum,113000,5.0,2,3,28,3
SYSN10004132,SH6366337,Anessa Chống lão hóa Essence Toner,450000,4.2,745,479,1,5
SYSN10004133,SH1264081,Anessa Hiệu quả SPF 30 Sunscreen,209000,4.7,35,26,1,4
SYSN10004134,SH1200078,SK-II Làm dịu Gel Cleanser,1492000,4.6,4,4,25,1
SYSN10004135,SH8505433,Cosrx Dưỡng ẩm Micellar Cleanser,256000,4.5,350,344,8,1
SYSN10004136,SH9210573,Anessa Thiên nhiên Oil Cleanser,358000,4.7,220,257,1,1
SYSN10004137,SH1116389,Innisfree Nhẹ nhàng SPF 50+ Sunscreen,301000,4.9,83,111,13,4
SYSN10004138,SH9555321,Rovectin Tăng cường Gel Cleanser,419000,4.9,678,575,24,1
SYSN10004139,SH8427120,The Ordinary Chuyên sâu Night Cream Moisturizer,414000,4.7,79,68,33,2
SYSN10004140,SH2509796,Paula's Choice Trắng sáng Hyaluronic Acid Serum,367000,4.3,13,21,22,3
SYSN10004141,SH2224669,Paula's Choice Dưỡng ẩm Peptide Serum,378000,4.5,27,49,22,3
SYSN10004142,SH8869583,Some By Mi Trắng sáng SPF 50+ Sunscreen,475000,4.3,45,65,29,4
SYSN10004143,SH5555291,Simple Cấp nước Barrier Repair Moisturizer,77000,4.5,2308,3026,28,2
SYSN10004144,SH2502649,Hada Labo Chuyên sâu Daily Sunscreen,306000,5.0,48,35,11,4
SYSN10004145,SH2346370,Senka Kiểm soát nhờn Hyaluronic Acid Serum,217000,4.8,428,817,26,3
SYSN10004146,SH6624867,Cosrx Cao cấp Micellar Cleanser,240000,4.0,19,29,8,1
SYSN10004147,SH6676201,Hada Labo Cao cấp Balm Cleanser,153000,4.2,19,13,11,1
SYSN10004148,SH8082763,La Roche-Posay Làm mềm Essence Toner,410000,5.0,8,7,17,5
SYSN10004149,SH3559706,Beauty of Joseon VN Chống lão hóa Cream Moisturizer,286000,4.6,60,89,2,2
SYSN10004150,SH3720640,Murad VN Cao cấp Peptide Serum,2033000,4.9,2,2,19,3
SYSN10004151,SH4063287,Anessa Chuyên sâu PA++++ Sunscreen,285000,4.7,4,5,1,4
SYSN10004152,SH8693689,Vaseline Chống lão hóa Oil Cleanser,81000,4.8,11,21,34,1
SYSN10004153,SH1266695,Rovectin Làm mềm Barrier Repair Moisturizer,287000,4.2,15,11,24,2
SYSN10004154,SH9866902,Clean & Clear Nhẹ nhàng Gel Moisturizer,199000,4.8,7,6,6,2
SYSN10004155,SH4901015,Rovectin Kiểm soát nhờn Balm Cleanser,302000,4.5,129,126,24,1
SYSN10004156,SH7984488,Paula's Choice Nhẹ nhàng Balm Cleanser,329000,4.4,6,8,22,1
SYSN10004157,SH4937181,Bioderma Cao cấp Exfoliating Toner,387000,4.4,299,533,3,5
SYSN10004158,SH5532695,Cosrx Phục hồi SPF 30 Sunscreen,246000,4.4,89,148,8,4
SYSN10004159,SH6760768,SK-II Làm dịu Foam Cleanser,1155000,5.0,40,30,25,1
SYSN10004160,SH7114240,Clean & Clear Phục hồi SPF 30 Sunscreen,82000,5.0,23,27,6,4
SYSN10004161,SH4412247,Cosrx Làm dịu AHA/BHA Serum,526000,4.5,166,150,8,3
SYSN10004162,SH5916190,Laneige Làm dịu Peptide Serum,1296000,4.6,22,43,18,3
SYSN10004163,SH6021129,Cosrx Nhẹ nhàng Balm Cleanser,196000,4.8,16,12,8,1
SYSN10004164,SH2866355,Cosrx Chống lão hóa SPF 50+ Sunscreen,401000,4.5,34,23,8,4
SYSN10004165,SH3986905,Garnier Làm dịu Brightening Toner,108000,4.6,55,75,10,5
SYSN10004166,SH9863607,Bioderma Thiên nhiên AHA/BHA Serum,262000,4.7,83,151,3,3
SYSN10004167,SH8796669,Vaseline Dưỡng ẩm Gel Cleanser,59000,4.9,27,26,34,1
SYSN10004168,SH5663380,Cocoon Cao cấp SPF 30 Sunscreen,209000,4.7,1,1,7,4
SYSN10004169,SH3877565,Cocoon Cao cấp Night Cream Moisturizer,105000,4.5,55,48,7,2
SYSN10004170,SH5003244,Anessa Thiên nhiên Hyaluronic Acid Serum,352000,4.8,104,167,1,3
SYSN10004171,SH2191374,Murad VN Dưỡng ẩm Low pH Cleanser,1517000,4.7,90,169,19,1
SYSN10004172,SH7335410,Klairs Dưỡng ẩm AHA/BHA Serum,376000,4.7,14,23,15,3
SYSN10004173,SH2071418,Pond's Hiệu quả SPF 30 Sunscreen,134000,4.8,190,242,23,4
SYSN10004174,SH5467103,Clean & Clear Trắng sáng Night Cream Moisturizer,117000,4.4,68,78,6,2
SYSN10004175,SH4204629,The Ordinary Nhẹ nhàng Retinol Serum,412000,4.6,75,46,33,3
SYSN10004176,SH7973012,Garnier Chống lão hóa Night Cream Moisturizer,153000,5.0,73,122,10,2
SYSN10004177,SH2341310,The Ordinary Thiên nhiên Niacinamide Serum,345000,4.6,37,33,33,3
SYSN10004178,SH7387534,La Roche-Posay Cấp nước Balm Cleanser,285000,4.8,43,61,17,1
SYSN10004179,SH2131603,Neutrogena Chuyên sâu Cream Moisturizer,258000,4.6,241,223,20,2
SYSN10004180,SH9192945,Some By Mi Cao cấp Retinol Serum,507000,4.9,76,57,29,3
SYSN10004181,SH6403226,Cetaphil Kiểm soát nhờn Foam Cleanser,260000,4.6,16,25,5,1
SYSN10004182,SH4579252,Cetaphil Cấp nước Low pH Cleanser,197000,4.7,64,117,5,1
SYSN10004183,SH9370362,Klairs Tăng cường Hydrating Toner,198000,4.5,16,19,15,5
SYSN10004184,SH8869293,L'Oreal Dưỡng ẩm Brightening Toner,85000,5.0,120,116,16,5
SYSN10004185,SH2734376,Klairs Kiểm soát nhờn AHA/BHA Serum,436000,5.0,75,73,15,3
SYSN10004186,SH1426420,Bioderma Nhẹ nhàng Brightening Toner,185000,4.4,14,25,3,5
SYSN10004187,SH8032065,Clean & Clear Cao cấp Essence Toner,97000,5.0,68,55,6,5
SYSN10004188,SH2373845,Cocoon Cao cấp PA++++ Sunscreen,187000,4.7,22,37,7,4
SYSN10004189,SH6214383,Hada Labo Cấp nước Retinol Serum,294000,4.9,34,59,11,3
SYSN10004190,SH5922343,The Ordinary Sáng da Hyaluronic Acid Serum,628000,4.1,1,0,33,3
SYSN10004191,SH5637554,Hada Labo Chống lão hóa Micellar Cleanser,288000,4.8,0,0,11,1
SYSN10004192,SH8002077,Vaseline Nhẹ nhàng Tint Sunscreen,79000,4.3,48,90,34,4
SYSN10004193,SH6915978,Bioderma Kiểm soát nhờn Hydrating Toner,271000,4.6,12,19,3,5
SYSN10004194,SH5872771,Cetaphil Kiểm soát nhờn AHA/BHA Serum,522000,4.9,5,5,5,3
SYSN10004195,SH3647418,Laneige Cao cấp Foam Cleanser,1340000,4.5,39,69,18,1
SYSN10004196,SH3719729,Neutrogena Tăng cường Oil Cleanser,223000,4.9,77,62,20,1
SYSN10004197,SH9673937,Senka Chuyên sâu SPF 30 Sunscreen,154000,4.8,665,671,26,4
SYSN10004198,SH3162630,Cosrx Trắng sáng AHA/BHA Serum,313000,4.8,3,2,8,3
SYSN10004199,SH2160826,Cetaphil Tăng cường Pore Care Toner,187000,4.5,222,346,5,5
SYSN10004200,SH5770101,Beauty of Joseon VN Chống lão hóa Lotion Moisturizer,275000,5.0,1,1,2,2
SYSN10004201,SH3361180,Senka Tăng cường Pore Care Toner,123000,4.2,11,5,26,5
SYSN10004202,SH9321939,Cosrx Kiểm soát nhờn Niacinamide Serum,258000,4.6,1,0,8,3
SYSN10004203,SH4666023,Cetaphil Chuyên sâu Retinol Serum,406000,4.5,40,61,5,3
SYSN10004204,SH5113922,Cocoon Dưỡng ẩm Niacinamide Serum,156000,4.6,589,473,7,3
SYSN10004205,SH6056012,Pond's Chuyên sâu Peptide Serum,175000,4.5,211,184,23,3
SYSN10004206,SH4342298,The Ordinary Sáng da Barrier Repair Moisturizer,292000,4.7,0,0,33,2
SYSN10004207,SH5031487,The Ordinary Dưỡng ẩm Gel Cleanser,330000,4.5,11,20,33,1
SYSN10004208,SH5029352,Beauty of Joseon VN Làm mềm Night Cream Moisturizer,514000,4.7,142,252,2,2
SYSN10004209,SH1975973,Cetaphil Sáng da Lotion Moisturizer,268000,5.0,214,173,5,2
SYSN10004210,SH2862929,Pond's Nhẹ nhàng Low pH Cleanser,100000,4.6,19,12,23,1
SYSN10004211,SH1827389,Cetaphil Cao cấp SPF 30 Sunscreen,242000,4.4,423,552,5,4
SYSN10004212,SH2171603,Cosrx Nhẹ nhàng Low pH Cleanser,349000,4.5,100,96,8,1
SYSN10004213,SH5200999,Senka Cấp nước SPF 30 Sunscreen,135000,4.7,71,37,26,4
SYSN10004214,SH3068564,Laneige Tăng cường Essence Toner,1226000,4.8,14,22,18,5
SYSN10004215,SH5105106,Anessa Làm dịu Brightening Toner,202000,4.4,81,129,1,5
SYSN10004216,SH5729054,St. Ives Sáng da Retinol Serum,159000,4.4,16,9,30,3
SYSN10004217,SH4840133,Hasaki Chống lão hóa Essence Toner,103000,4.7,488,786,12,5
SYSN10004218,SH5437029,Cosrx Chống lão hóa Balm Cleanser,336000,5.0,32,41,8,1
SYSN10004219,SH7010211,Klairs Cao cấp Lotion Moisturizer,371000,4.7,0,0,15,2
SYSN10004220,SH6260786,Simple Làm dịu Pore Care Toner,147000,5.0,142,249,28,5
SYSN10004221,SH4997281,Beauty of Joseon VN Chống lão hóa Lotion Moisturizer,472000,4.4,46,79,2,2
SYSN10004222,SH9830165,Murad VN Thiên nhiên Retinol Serum,2321000,4.2,53,56,19,3
SYSN10004223,SH8884051,Some By Mi Sáng da Water Resistant Sunscreen,320000,4.8,0,0,29,4
SYSN10004224,SH4833760,Estee Lauder Nhẹ nhàng SPF 50+ Sunscreen,1392000,4.7,10,11,9,4
SYSN10004225,SH1467394,Some By Mi Nhẹ nhàng Balm Cleanser,125000,4.7,69,40,29,1
SYSN10004226,SH5527326,Some By Mi Phục hồi Oil Cleanser,232000,4.5,10,15,29,1
SYSN10004227,SH9175995,CeraVe Dưỡng ẩm Micellar Cleanser,391000,4.5,84,116,4,1
SYSN10004228,SH3977736,Estee Lauder Cao cấp Micellar Cleanser,783000,4.7,33,40,9,1
SYSN10004229,SH7704386,Rovectin Hiệu quả Retinol Serum,436000,4.2,97,119,24,3
SYSN10004230,SH9524340,Shiseido VN Kiểm soát nhờn Night Cream Moisturizer,923000,4.6,7,4,27,2
SYSN10004231,SH2358129,Vaseline Cấp nước Daily Sunscreen,113000,4.8,39,69,34,4
SYSN10004232,SH5009474,Cocoon Thiên nhiên Night Cream Moisturizer,207000,4.8,13,14,7,2
SYSN10004233,SH2955671,Cetaphil Cấp nước AHA/BHA Serum,420000,4.6,232,416,5,3
SYSN10004234,SH7231899,Bioderma Thiên nhiên Hyaluronic Acid Serum,367000,4.4,17,32,3,3
SYSN10004235,SH8208441,Simple Chống lão hóa SPF 50+ Sunscreen,107000,4.1,3,5,28,4
SYSN10004236,SH9818011,Hada Labo Làm dịu Pore Care Toner,333000,4.6,320,391,11,5
SYSN10004237,SH4765929,Bioderma Thiên nhiên Oil Cleanser,395000,4.6,31,18,3,1
SYSN10004238,SH6830831,Bioderma Chống lão hóa Foam Cleanser,129000,4.6,252,433,3,1
SYSN10004239,SH1167461,Cosrx Cấp nước Hyaluronic Acid Serum,602000,4.4,30,19,8,3
SYSN10004240,SH8134465,Simple Cao cấp Eye Cream Moisturizer,175000,4.7,6,5,28,2
SYSN10004241,SH8047457,Rovectin Dưỡng ẩm Niacinamide Serum,545000,4.3,0,0,24,3
SYSN10004242,SH6918759,Hada Labo Nhẹ nhàng AHA/BHA Serum,576000,4.5,41,50,11,3
SYSN10004243,SH5999083,Klairs Dưỡng ẩm Gel Cleanser,401000,4.5,2,3,15,1
SYSN10004244,SH3138440,St. Ives Hiệu quả Retinol Serum,225000,4.4,82,78,30,3
SYSN10004245,SH4846483,Hada Labo Chống lão hóa Hydrating Toner,309000,4.9,36,60,11,5
SYSN10004246,SH1055463,Anessa Cao cấp Retinol Serum,556000,4.8,75,114,1,3
SYSN10004247,SH2125874,Vaseline Chống lão hóa Brightening Toner,146000,4.8,1,1,34,5
SYSN10004248,SH3744403,Simple Chuyên sâu Gel Cleanser,97000,4.9,10,12,28,1
SYSN10004249,SH7597538,L'Oreal Cấp nước Tint Sunscreen,169000,4.5,0,0,16,4
SYSN10004250,SH3656930,Anessa Phục hồi Barrier Repair Moisturizer,258000,4.2,26,29,1,2
SYSN10004251,SH1826250,Bioderma Làm mềm Low pH Cleanser,268000,4.5,27,42,3,1
SYSN10004252,SH4669305,Cocoon Tăng cường Oil Cleanser,93000,4.9,1526,1552,7,1
SYSN10004253,SH6753744,Paula's Choice Nhẹ nhàng Micellar Cleanser,150000,4.6,76,52,22,1
SYSN10004254,SH6742901,Innisfree Chuyên sâu Eye Cream Moisturizer,385000,4.5,86,49,13,2
SYSN10004255,SH7677616,The Face Shop Chống lão hóa SPF 50+ Sunscreen,439000,4.4,9,8,32,4
SYSN10004256,SH3683911,The Face Shop Tăng cường Pore Care Toner,269000,4.4,12,20,32,5
SYSN10004257,SH6503029,Anessa Trắng sáng Low pH Cleanser,252000,5.0,123,83,1,1
SYSN10004258,SH2424356,Klairs Nhẹ nhàng Tint Sunscreen,436000,4.6,26,28,15,4
SYSN10004259,SH7488236,The Face Shop Chống lão hóa SPF 30 Sunscreen,476000,4.5,171,113,32,4
SYSN10004260,SH3198490,Klairs Thiên nhiên SPF 50+ Sunscreen,296000,5.0,23,30,15,4
SYSN10004261,SH5295390,L'Oreal Cao cấp AHA/BHA Serum,154000,4.9,106,170,16,3
SYSN10004262,SH4988165,Clean & Clear Nhẹ nhàng SPF 50+ Sunscreen,93000,5.0,209,392,6,4
SYSN10004263,SH2516726,Senka Nhẹ nhàng SPF 50+ Sunscreen,132000,5.0,66,102,26,4
SYSN10004264,SH7116865,L'Oreal Sáng da Exfoliating Toner,62000,4.7,55,106,16,5
SYSN10004265,SH3587621,Simple Trắng sáng Hyaluronic Acid Serum,140000,4.9,13,18,28,3
SYSN10004266,SH9909589,Cetaphil Dưỡng ẩm Tint Sunscreen,421000,4.0,32,39,5,4
SYSN10004267,SH4601466,The Ordinary Thiên nhiên SPF 30 Sunscreen,471000,4.7,420,556,33,4
SYSN10004268,SH8998298,Klairs Cao cấp Night Cream Moisturizer,235000,4.5,32,36,15,2
SYSN10004269,SH4754552,Laneige Kiểm soát nhờn Hyaluronic Acid Serum,1494000,4.2,10,19,18,3
SYSN10004270,SH6830197,CeraVe Dưỡng ẩm Daily Sunscreen,267000,4.5,19,21,4,4
SYSN10004271,SH1569876,L'Oreal Làm mềm Brightening Toner,56000,4.6,522,509,16,5
SYSN10004272,SH1094583,Simple Sáng da Daily Sunscreen,123000,4.7,38,52,28,4
SYSN10004273,SH1840173,Shiseido VN Phục hồi Barrier Repair Moisturizer,1015000,4.1,5,8,27,2
SYSN10004274,SH2585775,Some By Mi Phục hồi Micellar Cleanser,372000,5.0,336,236,29,1
SYSN10004275,SH9529387,Clean & Clear Làm mềm Hyaluronic Acid Serum,172000,4.4,184,338,6,3
SYSN10004276,SH5930508,Neutrogena Hiệu quả Gel Cleanser,222000,4.4,170,183,20,1
SYSN10004277,SH1932739,Senka Thiên nhiên Essence Toner,157000,4.5,172,335,26,5
SYSN10004278,SH4888833,Cetaphil Thiên nhiên Niacinamide Serum,417000,4.6,32,46,5,3
SYSN10004279,SH1544132,Klairs Chuyên sâu Peptide Serum,657000,4.4,69,91,15,3
SYSN10004280,SH2135541,Cetaphil Làm mềm Niacinamide Serum,610000,4.5,2,2,5,3
SYSN10004281,SH5246633,Estee Lauder Kiểm soát nhờn AHA/BHA Serum,1271000,4.1,39,57,9,3
SYSN10004282,SH1702119,CeraVe Chuyên sâu Water Resistant Sunscreen,246000,4.9,21,16,4,4
SYSN10004283,SH2057860,Pond's Làm dịu Water Resistant Sunscreen,77000,4.3,29,50,23,4
SYSN10004284,SH3340792,Senka Hiệu quả SPF 30 Sunscreen,104000,4.4,643,559,26,4
SYSN10004285,SH7496851,Innisfree Dưỡng ẩm Tint Sunscreen,313000,4.9,6,10,13,4
SYSN10004286,SH6196614,Kiehl's VN Hiệu quả Gel Moisturizer,2378000,4.2,116,60,14,2
SYSN10004287,SH5868690,Ohui VN Làm dịu Oil Cleanser,917000,4.6,586,881,21,1
SYSN10004288,SH4431419,Paula's Choice Nhẹ nhàng Retinol Serum,332000,4.5,21,30,22,3
SYSN10004289,SH3799179,Sulwhasoo Kiểm soát nhờn SPF 30 Sunscreen,1594000,4.7,0,0,31,4
SYSN10004290,SH4745730,Cosrx Phục hồi SPF 50+ Sunscreen,321000,4.9,68,118,8,4
SYSN10004291,SH8588663,Some By Mi Cấp nước Brightening Toner,269000,4.7,108,133,29,5
SYSN10004292,SH3618679,Garnier Dưỡng ẩm Gel Moisturizer,73000,4.9,2,2,10,2
SYSN10004293,SH1217084,Cetaphil Phục hồi Exfoliating Toner,364000,4.5,445,362,5,5
SYSN10004294,SH5467578,Cosrx Chống lão hóa Daily Sunscreen,455000,4.4,1952,3200,8,4
SYSN10004295,SH4176646,Cetaphil Trắng sáng Night Cream Moisturizer,353000,4.6,7,13,5,2
SYSN10004296,SH6187094,Neutrogena Nhẹ nhàng Essence Toner,179000,4.4,28,27,20,5
SYSN10004297,SH9694087,Neutrogena Chuyên sâu Hydrating Toner,331000,4.6,196,254,20,5
SYSN10004298,SH2748663,Senka Tăng cường Pore Care Toner,52000,4.3,148,243,26,5
SYSN10004299,SH6776712,St. Ives Kiểm soát nhờn Retinol Serum,70000,4.5,16,9,30,3
SYSN10004300,SH7940865,Some By Mi Chuyên sâu SPF 50+ Sunscreen,226000,4.8,34,55,29,4
SYSN10004301,SH4747013,The Face Shop Cao cấp Cream Moisturizer,463000,4.4,44,39,32,2
SYSN10004302,SH5171220,Vaseline Dưỡng ẩm Niacinamide Serum,99000,4.7,24,45,34,3
SYSN10004303,SH3528827,Bioderma Hiệu quả Exfoliating Toner,260000,4.7,21,18,3,5
SYSN10004304,SH6314894,SK-II Trắng sáng Lotion Moisturizer,1960000,4.4,2,3,25,2
SYSN10004305,SH1126772,Rovectin Kiểm soát nhờn SPF 30 Sunscreen,305000,4.9,243,421,24,4
SYSN10004306,SH2487689,Rovectin Làm mềm Retinol Serum,505000,4.6,107,114,24,3
SYSN10004307,SH7338996,Anessa Thiên nhiên Pore Care Toner,252000,4.6,12,16,1,5
SYSN10004308,SH8875106,Anessa Chuyên sâu Exfoliating Toner,302000,4.5,34,18,1,5
SYSN10004309,SH4110845,Beauty of Joseon VN Hiệu quả Tint Sunscreen,214000,4.5,22,24,2,4
SYSN10004310,SH5706307,Cosrx Chống lão hóa Gel Moisturizer,194000,4.8,11,6,8,2
SYSN10004311,SH7572601,Murad VN Dưỡng ẩm AHA/BHA Serum,1227000,4.8,325,252,19,3
SYSN10004312,SH6733210,Cocoon Làm dịu Micellar Cleanser,86000,4.1,4,4,7,1
SYSN10004313,SH5383532,The Face Shop Trắng sáng Foam Cleanser,448000,4.4,5,8,32,1
SYSN10004314,SH3527698,Some By Mi Kiểm soát nhờn Retinol Serum,501000,4.9,8,9,29,3
SYSN10004315,SH7380431,Cocoon Sáng da Oil Cleanser,203000,4.4,12,12,7,1
SYSN10004316,SH3478986,Hada Labo Phục hồi Essence Toner,229000,4.8,20059,33482,11,5
SYSN10004317,SH7474909,The Face Shop Tăng cường Balm Cleanser,160000,4.4,49,45,32,1
SYSN10004318,SH4538323,Rovectin Chống lão hóa Water Resistant Sunscreen,371000,4.3,372,197,24,4
SYSN10004319,SH5856664,The Face Shop Chuyên sâu Daily Sunscreen,551000,4.1,70,76,32,4
SYSN10004320,SH7500246,Paula's Choice Làm dịu Water Resistant Sunscreen,194000,4.7,52,29,22,4
SYSN10004321,SH4481016,Murad VN Phục hồi Essence Toner,1808000,4.6,57,88,19,5
SYSN10004322,SH5719224,Neutrogena Làm mềm Low pH Cleanser,137000,4.0,73,99,20,1
SYSN10004323,SH1579978,Hasaki Phục hồi Daily Sunscreen,99000,4.3,61,51,12,4
SYSN10004324,SH4001841,Clean & Clear Cấp nước Brightening Toner,137000,4.6,120,237,6,5
SYSN10004325,SH6558135,Pond's Kiểm soát nhờn Vitamin C Serum,109000,4.4,56,66,23,3
SYSN10004326,SH1030749,Cosrx Chuyên sâu Vitamin C Serum,339000,4.5,27,34,8,3
SYSN10004327,SH2008884,Hada Labo Chuyên sâu AHA/BHA Serum,434000,4.3,34,26,11,3
SYSN10004328,SH6628763,Some By Mi Làm dịu Niacinamide Serum,602000,5.0,8,6,29,3
SYSN10004329,SH6238913,Clean & Clear Thiên nhiên Retinol Serum,222000,4.9,48,43,6,3
SYSN10004330,SH4705229,The Face Shop Cao cấp Tint Sunscreen,399000,4.6,41,72,32,4
SYSN10004331,SH4547699,Anessa Chống lão hóa Hyaluronic Acid Serum,408000,4.5,88,146,1,3
SYSN10004332,SH1256887,Senka Chuyên sâu SPF 50+ Sunscreen,105000,4.8,25,38,26,4
SYSN10004333,SH1510553,Paula's Choice Tăng cường Gel Cleanser,219000,4.8,18,31,22,1
SYSN10004334,SH3047807,Bioderma Phục hồi AHA/BHA Serum,487000,4.7,788,984,3,3
SYSN10004335,SH3782239,Vaseline Chống lão hóa SPF 50+ Sunscreen,104000,4.5,84,78,34,4
SYSN10004336,SH2211733,Garnier Thiên nhiên AHA/BHA Serum,180000,4.6,38,39,10,3
SYSN10004337,SH8390152,Rovectin Cao cấp Vitamin C Serum,724000,4.9,44,79,24,3
SYSN10004338,SH1763145,Clean & Clear Tăng cường Retinol Serum,89000,4.5,25,44,6,3
SYSN10004339,SH4887009,Murad VN Trắng sáng Pore Care Toner,1100000,4.8,51,93,19,5
SYSN10004340,SH3825056,Garnier Hiệu quả AHA/BHA Serum,109000,4.9,50,61,10,3
SYSN10004341,SH5960818,L'Oreal Làm dịu Pore Care Toner,125000,4.7,0,0,16,5
SYSN10004342,SH5463027,Vaseline Sáng da Peptide Serum,110000,4.6,21,15,34,3
SYSN10004343,SH7893538,Bioderma Kiểm soát nhờn SPF 50+ Sunscreen,246000,4.6,126,184,3,4
SYSN10004344,SH6357357,Garnier Kiểm soát nhờn Gel Cleanser,59000,4.5,62,106,10,1
SYSN10004345,SH1465261,St. Ives Sáng da Hyaluronic Acid Serum,132000,4.5,191,335,30,3
SYSN10004346,SH1872176,Innisfree Sáng da Vitamin C Serum,343000,4.8,12,14,13,3
SYSN10004347,SH9127304,Simple Trắng sáng Tint Sunscreen,149000,4.6,28,53,28,4
SYSN10004348,SH9457812,Vaseline Thiên nhiên AHA/BHA Serum,182000,5.0,12,18,34,3
SYSN10004349,SH5666356,Kiehl's VN Hiệu quả PA++++ Sunscreen,1028000,4.5,48,67,14,4
SYSN10004350,SH5902041,Bioderma Dưỡng ẩm Barrier Repair Moisturizer,395000,4.6,0,0,3,2
SYSN10004351,SH9669760,CeraVe Cấp nước Retinol Serum,232000,5.0,77,107,4,3
SYSN10004352,SH5731833,Garnier Sáng da AHA/BHA Serum,99000,4.6,94,47,10,3
SYSN10004353,SH6513147,Hada Labo Sáng da Niacinamide Serum,466000,4.8,474,580,11,3
SYSN10004354,SH1861002,Beauty of Joseon VN Thiên nhiên Peptide Serum,598000,4.3,127,104,2,3
SYSN10004355,SH2125011,Cosrx Làm dịu Retinol Serum,309000,4.7,162,141,8,3
SYSN10004356,SH4694570,Klairs Phục hồi Water Resistant Sunscreen,352000,4.6,12,6,15,4
SYSN10004357,SH7662761,Cetaphil Thiên nhiên Barrier Repair Moisturizer,520000,4.7,36,20,5,2
SYSN10004358,SH4971834,Klairs Thiên nhiên Night Cream Moisturizer,337000,4.6,251,234,15,2
SYSN10004359,SH6520427,St. Ives Làm mềm Hyaluronic Acid Serum,144000,4.9,14,12,30,3
SYSN10004360,SH1668591,St. Ives Sáng da Balm Cleanser,117000,4.3,88,120,30,1
SYSN10004361,SH6643721,Vaseline Cao cấp Oil Cleanser,123000,4.5,2,2,34,1
SYSN10004362,SH1356297,La Roche-Posay Làm dịu Low pH Cleanser,186000,5.0,0,0,17,1
SYSN10004363,SH1338539,Klairs Kiểm soát nhờn Cream Moisturizer,384000,4.7,6,5,15,2
SYSN10004364,SH4600004,Hasaki Làm dịu Low pH Cleanser,94000,5.0,234,128,12,1
SYSN10004365,SH8119299,Laneige Chuyên sâu Vitamin C Serum,2584000,4.3,26,50,18,3
SYSN10004366,SH6170784,Innisfree Phục hồi Niacinamide Serum,299000,4.8,43,70,13,3
SYSN10004367,SH8537227,Beauty of Joseon VN Cấp nước AHA/BHA Serum,744000,4.7,73,138,2,3
SYSN10004368,SH2118635,Innisfree Cao cấp Peptide Serum,415000,4.5,10,13,13,3
SYSN10004369,SH9959503,Garnier Sáng da Pore Care Toner,69000,4.5,130,164,10,5
SYSN10004370,SH9889042,Ohui VN Dưỡng ẩm Niacinamide Serum,1368000,4.9,122,114,21,3
SYSN10004371,SH4806913,Cetaphil Làm mềm Foam Cleanser,295000,4.9,15,8,5,1
SYSN10004372,SH7770605,Cosrx Sáng da PA++++ Sunscreen,364000,4.7,518,1013,8,4
SYSN10004373,SH2601856,Klairs Kiểm soát nhờn Hydrating Toner,239000,4.8,0,0,15,5
SYSN10004374,SH7883649,Pond's Tăng cường Niacinamide Serum,123000,4.1,15,8,23,3
SYSN10004375,SH9158212,Sulwhasoo Làm mềm Cream Moisturizer,1135000,4.8,24,17,31,2
SYSN10004376,SH6125508,The Face Shop Nhẹ nhàng Hydrating Toner,475000,4.8,9,6,32,5
SYSN10004377,SH3503192,Shiseido VN Sáng da AHA/BHA Serum,3471000,4.2,1,1,27,3
SYSN10004378,SH6397278,St. Ives Cấp nước Brightening Toner,89000,4.8,112,222,30,5
SYSN10004379,SH5083365,Innisfree Chuyên sâu Barrier Repair Moisturizer,375000,4.2,1,1,13,2
SYSN10004380,SH3397048,SK-II Nhẹ nhàng Peptide Serum,2025000,5.0,252,260,25,3
SYSN10004381,SH4272220,Innisfree Tăng cường Peptide Serum,278000,4.4,5,7,13,3
SYSN10004382,SH3647534,Bioderma Dưỡng ẩm Micellar Cleanser,177000,4.1,16,16,3,1
SYSN10004383,SH9291346,Cosrx Cao cấp Tint Sunscreen,325000,4.8,416,498,8,4
SYSN10004384,SH8863701,CeraVe Sáng da Brightening Toner,211000,4.8,135,88,4,5
SYSN10004385,SH8692675,Hada Labo Chống lão hóa Hydrating Toner,234000,4.9,78,57,11,5
SYSN10004386,SH7831720,The Face Shop Làm mềm Vitamin C Serum,471000,4.6,56,66,32,3
SYSN10004387,SH6234672,St. Ives Tăng cường Barrier Repair Moisturizer,134000,4.7,12,10,30,2
SYSN10004388,SH8063338,Ohui VN Làm dịu Balm Cleanser,1320000,4.5,78,70,21,1
SYSN10004389,SH9596189,Estee Lauder Thiên nhiên Tint Sunscreen,2210000,4.5,39,28,9,4
SYSN10004390,SH6887479,Some By Mi Tăng cường Gel Cleanser,133000,5.0,54,29,29,1
SYSN10004391,SH2570291,Some By Mi Phục hồi Night Cream Moisturizer,507000,5.0,49,88,29,2
SYSN10004392,SH6418564,Sulwhasoo Cấp nước Brightening Toner,1264000,4.9,3,2,31,5
SYSN10004393,SH7910092,Pond's Trắng sáng AHA/BHA Serum,140000,5.0,33,64,23,3
SYSN10004394,SH1201772,Clean & Clear Kiểm soát nhờn Tint Sunscreen,96000,4.6,13,13,6,4
SYSN10004395,SH4751016,Cetaphil Trắng sáng Gel Moisturizer,262000,4.7,33,35,5,2
SYSN10004396,SH6574204,Shiseido VN Tăng cường Micellar Cleanser,626000,4.4,0,0,27,1
SYSN10004397,SH7130336,Laneige Tăng cường AHA/BHA Serum,1936000,4.9,7,13,18,3
SYSN10004398,SH9266335,Cetaphil Kiểm soát nhờn Night Cream Moisturizer,348000,4.5,95,174,5,2
SYSN10004399,SH8281628,Vaseline Sáng da Peptide Serum,160000,4.7,11,16,34,3
SYSN10004400,SH1587065,Hada Labo Dưỡng ẩm Tint Sunscreen,440000,4.4,86,92,11,4
SYSN10004401,SH8494985,CeraVe Cao cấp Balm Cleanser,271000,4.3,12,18,4,1
SYSN10004402,SH2122681,The Face Shop Phục hồi Lotion Moisturizer,322000,5.0,123,215,32,2
SYSN10004403,SH1333764,Neutrogena Kiểm soát nhờn Hydrating Toner,237000,4.8,861,1294,20,5
SYSN10004404,SH2496186,Bioderma Hiệu quả Tint Sunscreen,252000,4.8,104,113,3,4
SYSN10004405,SH3367892,Sulwhasoo Chống lão hóa Retinol Serum,1181000,5.0,28,19,31,3
SYSN10004406,SH2590151,Beauty of Joseon VN Kiểm soát nhờn AHA/BHA Serum,394000,4.5,645,1270,2,3
SYSN10004407,SH9979905,Garnier Trắng sáng Niacinamide Serum,177000,4.6,3,2,10,3
SYSN10004408,SH3002962,L'Oreal Kiểm soát nhờn Lotion Moisturizer,171000,4.9,190,325,16,2
SYSN10004409,SH1303958,L'Oreal Kiểm soát nhờn Vitamin C Serum,150000,4.6,288,283,16,3
SYSN10004410,SH3025651,Hasaki Dưỡng ẩm Balm Cleanser,80000,5.0,34,30,12,1
SYSN10004411,SH2884180,Vaseline Cao cấp Water Resistant Sunscreen,88000,4.4,9,13,34,4
SYSN10004412,SH8249719,Murad VN Kiểm soát nhờn Daily Sunscreen,1097000,4.5,150,257,19,4
SYSN10004413,SH7894297,Cosrx Trắng sáng Vitamin C Serum,661000,4.9,6,9,8,3
SYSN10004414,SH8216962,Shiseido VN Thiên nhiên PA++++ Sunscreen,2338000,4.5,7,13,27,4
SYSN10004415,SH6816935,Anessa Nhẹ nhàng AHA/BHA Serum,336000,4.3,73,98,1,3
SYSN10004416,SH5420122,Estee Lauder Hiệu quả Pore Care Toner,1317000,4.5,746,1027,9,5
SYSN10004417,SH1008181,The Ordinary Chống lão hóa Water Resistant Sunscreen,511000,4.6,474,410,33,4
SYSN10004418,SH3012984,Vaseline Làm mềm Hydrating Toner,101000,4.6,45,73,34,5
SYSN10004419,SH5788377,Ohui VN Dưỡng ẩm SPF 30 Sunscreen,2156000,4.6,13,25,21,4
SYSN10004420,SH2684884,The Face Shop Làm dịu Brightening Toner,224000,4.7,31,34,32,5
SYSN10004421,SH3132017,SK-II Hiệu quả Foam Cleanser,2364000,4.5,157,277,25,1
SYSN10004422,SH9207371,Shiseido VN Thiên nhiên Eye Cream Moisturizer,2088000,4.7,20,21,27,2
SYSN10004423,SH7090779,Paula's Choice Tăng cường Peptide Serum,364000,4.3,0,0,22,3
SYSN10004424,SH5117131,Some By Mi Phục hồi Water Resistant Sunscreen,330000,4.2,21,20,29,4
SYSN10004425,SH8949482,Neutrogena Chuyên sâu AHA/BHA Serum,413000,4.5,98,124,20,3
SYSN10004426,SH7426911,Klairs Sáng da Oil Cleanser,305000,4.6,3,3,15,1
SYSN10004427,SH3738588,Clean & Clear Cấp nước Niacinamide Serum,92000,4.5,21,14,6,3
SYSN10004428,SH9932581,St. Ives Trắng sáng Hyaluronic Acid Serum,184000,4.9,226,182,30,3
SYSN10004429,SH1548885,Cetaphil Cao cấp Brightening Toner,432000,5.0,17,12,5,5
SYSN10004430,SH8054731,Laneige Dưỡng ẩm Low pH Cleanser,641000,4.6,181,125,18,1
SYSN10004431,SH5487172,Sulwhasoo Làm dịu Eye Cream Moisturizer,1924000,4.4,254,300,31,2
SYSN10004432,SH1514234,Estee Lauder Trắng sáng Peptide Serum,1844000,5.0,19,30,9,3
SYSN10004433,SH8862814,Clean & Clear Cấp nước AHA/BHA Serum,183000,4.8,24,42,6,3
SYSN10004434,SH9087798,Innisfree Làm mềm Lotion Moisturizer,587000,4.3,18,26,13,2
SYSN10004435,SH1025783,Cocoon Làm dịu Vitamin C Serum,312000,4.2,95,126,7,3
SYSN10004436,SH2424936,The Face Shop Hiệu quả Vitamin C Serum,452000,4.0,29,42,32,3
SYSN10004437,SH5739585,Vaseline Cao cấp Exfoliating Toner,93000,5.0,222,158,34,5
SYSN10004438,SH9263440,Murad VN Tăng cường Foam Cleanser,734000,4.8,4,4,19,1
SYSN10004439,SH9743710,Rovectin Trắng sáng SPF 30 Sunscreen,282000,4.4,32,41,24,4
SYSN10004440,SH4813029,Hasaki Dưỡng ẩm Niacinamide Serum,351000,4.1,21,32,12,3
SYSN10004441,SH5995122,St. Ives Cao cấp Peptide Serum,107000,4.7,29,22,30,3
SYSN10004442,SH5136994,St. Ives Hiệu quả Pore Care Toner,104000,4.8,14,14,30,5
SYSN10004443,SH5101044,Innisfree Sáng da Oil Cleanser,242000,4.3,0,0,13,1
SYSN10004444,SH7833399,La Roche-Posay Làm dịu PA++++ Sunscreen,240000,4.9,59,36,17,4
SYSN10004445,SH8587594,Pond's Chuyên sâu Oil Cleanser,73000,4.7,129,166,23,1
SYSN10004446,SH2315815,Hada Labo Nhẹ nhàng Night Cream Moisturizer,556000,4.3,190,343,11,2
SYSN10004447,SH2084532,Rovectin Chống lão hóa Balm Cleanser,192000,4.6,8,5,24,1
SYSN10004448,SH5710783,Rovectin Trắng sáng Essence Toner,273000,4.8,38,45,24,5
SYSN10004449,SH6923686,Paula's Choice Cấp nước Balm Cleanser,284000,4.3,47,44,22,1
SYSN10004450,SH3578673,Innisfree Làm mềm Low pH Cleanser,259000,4.7,7203,12354,13,1
SYSN10004451,SH5286957,Simple Trắng sáng Vitamin C Serum,259000,4.8,0,0,28,3
SYSN10004452,SH6425131,The Ordinary Làm mềm PA++++ Sunscreen,304000,4.0,28,38,33,4
SYSN10004453,SH2646766,Senka Làm mềm Night Cream Moisturizer,65000,4.8,274,396,26,2
SYSN10004454,SH9637655,Some By Mi Tăng cường AHA/BHA Serum,292000,5.0,37,57,29,3
SYSN10004455,SH7611522,Rovectin Thiên nhiên Hyaluronic Acid Serum,518000,4.4,3,3,24,3
SYSN10004456,SH2928826,The Face Shop Tăng cường Vitamin C Serum,452000,4.6,45,53,32,3
SYSN10004457,SH4942906,Anessa Phục hồi Hyaluronic Acid Serum,325000,4.4,68,67,1,3
SYSN10004458,SH3182395,Innisfree Làm dịu SPF 30 Sunscreen,302000,4.7,21,22,13,4
SYSN10004459,SH8341765,Bioderma Làm dịu Essence Toner,415000,4.4,12,16,3,5
SYSN10004460,SH9556458,Rovectin Chống lão hóa Daily Sunscreen,378000,5.0,219,119,24,4
SYSN10004461,SH7594058,Ohui VN Cấp nước Lotion Moisturizer,1804000,4.8,296,542,21,2
SYSN10004462,SH3008349,Pond's Làm mềm Essence Toner,61000,4.6,16,26,23,5
SYSN10004463,SH1845871,Hada Labo Hiệu quả Exfoliating Toner,262000,5.0,4,3,11,5
SYSN10004464,SH3422763,Kiehl's VN Nhẹ nhàng Hyaluronic Acid Serum,1566000,5.0,5,9,14,3
SYSN10004465,SH1176496,Clean & Clear Nhẹ nhàng PA++++ Sunscreen,125000,4.7,2,2,6,4
SYSN10004466,SH5991806,Laneige Phục hồi AHA/BHA Serum,1411000,4.8,754,1295,18,3
SYSN10004467,SH7356509,Rovectin Chống lão hóa Cream Moisturizer,437000,4.4,24,15,24,2
SYSN10004468,SH7624655,Clean & Clear Trắng sáng Foam Cleanser,109000,4.9,87,66,6,1
SYSN10004469,SH6341250,Bioderma Sáng da SPF 50+ Sunscreen,258000,4.6,14,8,3,4
SYSN10004470,SH7607968,Beauty of Joseon VN Dưỡng ẩm SPF 50+ Sunscreen,417000,4.8,127,101,2,4
SYSN10004471,SH5344908,Senka Cấp nước Cream Moisturizer,136000,4.5,21,12,26,2
SYSN10004472,SH6040881,Kiehl's VN Dưỡng ẩm Barrier Repair Moisturizer,1497000,4.4,21,36,14,2
SYSN10004473,SH8992988,Vaseline Cao cấp Retinol Serum,159000,4.3,9,14,34,3
SYSN10004474,SH3737845,Anessa Thiên nhiên AHA/BHA Serum,325000,4.6,43,70,1,3
SYSN10004475,SH6614312,Innisfree Dưỡng ẩm Low pH Cleanser,215000,5.0,101,105,13,1
SYSN10004476,SH7445481,St. Ives Nhẹ nhàng Foam Cleanser,145000,4.7,38,53,30,1
SYSN10004477,SH1832585,The Face Shop Dưỡng ẩm Niacinamide Serum,297000,4.7,180,267,32,3
SYSN10004478,SH9544879,Simple Cấp nước Retinol Serum,174000,4.3,136,184,28,3
SYSN10004479,SH9988298,CeraVe Cao cấp Peptide Serum,472000,4.9,150,139,4,3
SYSN10004480,SH7281558,Simple Nhẹ nhàng SPF 30 Sunscreen,67000,4.7,161,95,28,4
SYSN10004481,SH3625818,St. Ives Tăng cường Hydrating Toner,79000,4.6,11,8,30,5
SYSN10004482,SH8334649,SK-II Dưỡng ẩm Daily Sunscreen,1827000,4.5,85,67,25,4
SYSN10004483,SH4951663,Anessa Hiệu quả Exfoliating Toner,224000,4.8,5,5,1,5
SYSN10004484,SH7877664,Innisfree Tăng cường Exfoliating Toner,301000,4.6,876,832,13,5
SYSN10004485,SH7038727,Innisfree Chuyên sâu Micellar Cleanser,217000,5.0,25,24,13,1
SYSN10004486,SH6929450,Cosrx Kiểm soát nhờn Vitamin C Serum,537000,5.0,60,95,8,3
SYSN10004487,SH6882425,Beauty of Joseon VN Làm dịu Low pH Cleanser,293000,4.4,77,125,2,1
SYSN10004488,SH8054268,Vaseline Dưỡng ẩm Gel Cleanser,127000,4.6,196,241,34,1
SYSN10004489,SH9915254,Hada Labo Làm mềm Gel Moisturizer,347000,4.9,30,51,11,2
SYSN10004490,SH6544773,Hada Labo Cấp nước PA++++ Sunscreen,239000,4.8,5663,4889,11,4
SYSN10004491,SH4332504,Neutrogena Phục hồi Tint Sunscreen,304000,4.9,22,42,20,4
SYSN10004492,SH2920040,Hada Labo Kiểm soát nhờn Gel Moisturizer,657000,4.5,7,9,11,2
SYSN10004493,SH5108300,Neutrogena Làm mềm AHA/BHA Serum,313000,4.7,4,3,20,3
SYSN10004494,SH1065512,Klairs Thiên nhiên PA++++ Sunscreen,194000,4.5,54,47,15,4
SYSN10004495,SH6962669,Clean & Clear Làm dịu SPF 50+ Sunscreen,85000,5.0,80,153,6,4
SYSN10004496,SH6319782,Beauty of Joseon VN Hiệu quả Peptide Serum,358000,4.7,50,68,2,3
SYSN10004497,SH8312133,St. Ives Cấp nước Retinol Serum,195000,4.8,15,15,30,3
SYSN10004498,SH6810876,The Face Shop Kiểm soát nhờn Micellar Cleanser,233000,4.8,3,5,32,1
SYSN10004499,SH7548199,Estee Lauder Hiệu quả Hyaluronic Acid Serum,2647000,5.0,65,38,9,3
SYSN10004500,SH9109645,Cetaphil Làm mềm Brightening Toner,316000,4.6,36,32,5,5
SYSN10004501,SH7433863,Estee Lauder Tăng cường Niacinamide Serum,1258000,4.6,76,140,9,3
SYSN10004502,SH4706786,St. Ives Sáng da Brightening Toner,114000,4.6,343,236,30,5
SYSN10004503,SH1206280,Senka Sáng da Micellar Cleanser,120000,5.0,15,14,26,1
SYSN10004504,SH6410982,Cetaphil Dưỡng ẩm Hyaluronic Acid Serum,357000,4.6,189,301,5,3
SYSN10004505,SH8874357,Anessa Cao cấp Retinol Serum,384000,4.8,22,14,1,3
SYSN10004506,SH4971929,Some By Mi Tăng cường Oil Cleanser,371000,5.0,78,62,29,1
SYSN10004507,SH1337833,St. Ives Chuyên sâu Pore Care Toner,79000,4.7,20,27,30,5
SYSN10004508,SH9200633,Clean & Clear Làm mềm Peptide Serum,230000,4.4,12,19,6,3
SYSN10004509,SH8802571,Garnier Phục hồi Tint Sunscreen,106000,4.8,8,14,10,4
SYSN10004510,SH9648175,Beauty of Joseon VN Cao cấp AHA/BHA Serum,325000,4.4,176,279,2,3
SYSN10004511,SH6467748,Laneige Kiểm soát nhờn Tint Sunscreen,2277000,4.6,67,126,18,4
SYSN10004512,SH1777948,Estee Lauder Chuyên sâu Lotion Moisturizer,2010000,4.8,1279,1490,9,2
SYSN10004513,SH2370529,Shiseido VN Dưỡng ẩm Daily Sunscreen,1455000,4.8,151,79,27,4
SYSN10004514,SH9670359,Anessa Làm mềm Retinol Serum,394000,4.4,0,0,1,3
SYSN10004515,SH8136273,Neutrogena Tăng cường AHA/BHA Serum,256000,4.7,3,3,20,3
SYSN10004516,SH8420581,The Face Shop Hiệu quả Daily Sunscreen,296000,4.3,57,42,32,4
SYSN10004517,SH9402269,St. Ives Chuyên sâu Balm Cleanser,97000,4.3,46,43,30,1
SYSN10004518,SH9006402,Senka Tăng cường Brightening Toner,44000,4.8,173,123,26,5
SYSN10004519,SH1403247,Cocoon Nhẹ nhàng Barrier Repair Moisturizer,157000,4.4,8,8,7,2
SYSN10004520,SH2791089,St. Ives Kiểm soát nhờn Retinol Serum,81000,4.5,90,87,30,3
SYSN10004521,SH6596864,Garnier Thiên nhiên Balm Cleanser,136000,4.7,14,11,10,1
SYSN10004522,SH6203954,Simple Chống lão hóa Pore Care Toner,84000,4.5,42,26,28,5
SYSN10004523,SH9878202,Sulwhasoo Dưỡng ẩm Water Resistant Sunscreen,1641000,4.4,28,29,31,4
SYSN10004524,SH9655206,The Face Shop Hiệu quả Tint Sunscreen,473000,4.9,160,302,32,4
SYSN10004525,SH7695628,Hada Labo Dưỡng ẩm Niacinamide Serum,325000,5.0,98,118,11,3
SYSN10004526,SH2685833,Bioderma Làm dịu PA++++ Sunscreen,236000,4.6,25,42,3,4
SYSN10004527,SH1200291,St. Ives Tăng cường Exfoliating Toner,115000,4.7,169,158,30,5
SYSN10004528,SH6371339,Simple Thiên nhiên Balm Cleanser,91000,4.5,199,340,28,1
SYSN10004529,SH8929430,The Face Shop Hiệu quả Hyaluronic Acid Serum,563000,4.5,28,40,32,3
SYSN10004530,SH7205029,Cosrx Trắng sáng Hyaluronic Acid Serum,433000,4.4,0,0,8,3
SYSN10004531,SH9774432,L'Oreal Dưỡng ẩm Night Cream Moisturizer,120000,4.2,17,25,16,2
SYSN10004532,SH8327043,SK-II Cấp nước Low pH Cleanser,1095000,4.4,22,13,25,1
SYSN10004533,SH1695101,Rovectin Dưỡng ẩm Vitamin C Serum,429000,4.3,104,187,24,3
SYSN10004534,SH7813860,The Ordinary Dưỡng ẩm Oil Cleanser,258000,4.5,59,106,33,1
SYSN10004535,SH5060021,Beauty of Joseon VN Sáng da Micellar Cleanser,224000,4.7,429,428,2,1
SYSN10004536,SH4779307,Shiseido VN Thiên nhiên Essence Toner,1091000,4.5,21,35,27,5
SYSN10004537,SH7087108,Innisfree Làm dịu Foam Cleanser,358000,4.5,62,61,13,1
SYSN10004538,SH2084168,The Face Shop Tăng cường Exfoliating Toner,216000,4.4,11,18,32,5
SYSN10004539,SH7827850,Neutrogena Chuyên sâu Balm Cleanser,209000,4.8,31,34,20,1
SYSN10004540,SH1304979,Senka Sáng da Foam Cleanser,110000,4.7,292,265,26,1
SYSN10004541,SH6304580,Clean & Clear Cao cấp Exfoliating Toner,61000,4.3,1,0,6,5
SYSN10004542,SH8513124,Laneige Kiểm soát nhờn Balm Cleanser,1083000,4.6,0,0,18,1
SYSN10004543,SH2722135,Cosrx Kiểm soát nhờn Niacinamide Serum,377000,4.4,5,4,8,3
SYSN10004544,SH2609440,Hada Labo Kiểm soát nhờn Exfoliating Toner,327000,4.9,104,108,11,5
SYSN10004545,SH8368425,Hada Labo Tăng cường Retinol Serum,311000,4.5,19,16,11,3
SYSN10004546,SH8590487,Anessa Kiểm soát nhờn Water Resistant Sunscreen,314000,4.3,425,464,1,4
SYSN10004547,SH9192021,Hasaki Làm dịu Pore Care Toner,126000,4.2,27,24,12,5
SYSN10004548,SH8822331,The Face Shop Trắng sáng Niacinamide Serum,325000,4.6,16,29,32,3
SYSN10004549,SH5659788,Innisfree Dưỡng ẩm Niacinamide Serum,434000,4.4,58,44,13,3
SYSN10004550,SH1618942,St. Ives Tăng cường Brightening Toner,82000,4.8,38,67,30,5
SYSN10004551,SH9392388,Neutrogena Chuyên sâu Hyaluronic Acid Serum,355000,4.3,104,167,20,3
SYSN10004552,SH2448060,Klairs Làm dịu Lotion Moisturizer,170000,4.5,196,291,15,2
SYSN10004553,SH9488960,St. Ives Sáng da Lotion Moisturizer,116000,4.6,32,39,30,2
SYSN10004554,SH7579637,The Face Shop Phục hồi Niacinamide Serum,305000,4.8,2,3,32,3
SYSN10004555,SH3031137,Clean & Clear Làm dịu Night Cream Moisturizer,132000,4.9,0,0,6,2
SYSN10004556,SH6910676,Anessa Phục hồi Essence Toner,142000,5.0,5532,4353,1,5
SYSN10004557,SH3557449,The Face Shop Nhẹ nhàng Tint Sunscreen,369000,4.2,14,24,32,4
SYSN10004558,SH6898403,SK-II Sáng da Vitamin C Serum,1446000,4.2,19,17,25,3
SYSN10004559,SH7170509,Anessa Dưỡng ẩm Lotion Moisturizer,353000,4.7,78,86,1,2
SYSN10004560,SH3884389,Neutrogena Thiên nhiên Balm Cleanser,127000,4.6,80,123,20,1
SYSN10004561,SH4092557,Bioderma Nhẹ nhàng SPF 50+ Sunscreen,247000,4.6,169,250,3,4
SYSN10004562,SH8571591,Paula's Choice Chống lão hóa Oil Cleanser,321000,4.4,37,32,22,1
SYSN10004563,SH6632834,Hada Labo Thiên nhiên Tint Sunscreen,246000,4.4,47,87,11,4
SYSN10004564,SH8680684,Pond's Làm mềm Peptide Serum,272000,4.7,4,6,23,3
SYSN10004565,SH2223457,Neutrogena Hiệu quả Retinol Serum,570000,4.5,1572,1260,20,3
SYSN10004566,SH1076788,Hada Labo Nhẹ nhàng Micellar Cleanser,235000,4.4,2533,4723,11,1
SYSN10004567,SH4132734,Innisfree Hiệu quả SPF 30 Sunscreen,539000,4.2,7,3,13,4
SYSN10004568,SH1248534,L'Oreal Làm mềm Niacinamide Serum,154000,4.5,9,9,16,3
SYSN10004569,SH6350220,The Face Shop Trắng sáng Gel Moisturizer,200000,4.3,39,66,32,2
SYSN10004570,SH1190110,La Roche-Posay Làm dịu Night Cream Moisturizer,404000,4.7,78,57,17,2
SYSN10004571,SH7129798,Kiehl's VN Kiểm soát nhờn Balm Cleanser,1397000,5.0,64,123,14,1
SYSN10004572,SH2581206,L'Oreal Thiên nhiên Water Resistant Sunscreen,148000,4.1,112,116,16,4
SYSN10004573,SH7334741,Ohui VN Chuyên sâu Essence Toner,662000,4.8,20,33,21,5
SYSN10004574,SH1635411,Hada Labo Cấp nước PA++++ Sunscreen,220000,5.0,253,487,11,4
SYSN10004575,SH3211698,Anessa Kiểm soát nhờn Night Cream Moisturizer,384000,4.7,4,2,1,2
SYSN10004576,SH2665967,Anessa Chuyên sâu Oil Cleanser,305000,4.6,34,65,1,1
SYSN10004577,SH2298331,Cosrx Dưỡng ẩm Hyaluronic Acid Serum,347000,4.8,4,3,8,3
SYSN10004578,SH9782090,Rovectin Nhẹ nhàng Foam Cleanser,221000,5.0,26,15,24,1
SYSN10004579,SH7277517,Hada Labo Thiên nhiên Tint Sunscreen,203000,4.4,131,75,11,4
SYSN10004580,SH3750775,Sulwhasoo Thiên nhiên Daily Sunscreen,908000,4.7,4,2,31,4
SYSN10004581,SH2388433,Bioderma Làm mềm Barrier Repair Moisturizer,355000,4.7,12,22,3,2
SYSN10004582,SH7562442,Garnier Tăng cường Vitamin C Serum,128000,4.8,47,35,10,3
SYSN10004583,SH9617883,Rovectin Làm dịu Niacinamide Serum,214000,4.5,62,107,24,3
SYSN10004584,SH4832119,Garnier Làm mềm Foam Cleanser,56000,4.4,2,2,10,1
SYSN10004585,SH3930205,Bioderma Làm mềm Peptide Serum,502000,4.9,11,21,3,3
SYSN10004586,SH5961687,Rovectin Kiểm soát nhờn Retinol Serum,420000,4.7,10,12,24,3
SYSN10004587,SH5500748,Sulwhasoo Sáng da Hyaluronic Acid Serum,2749000,4.6,86,101,31,3
SYSN10004588,SH8189094,Garnier Hiệu quả PA++++ Sunscreen,216000,4.7,32,26,10,4
SYSN10004589,SH1286354,Cetaphil Chuyên sâu Hydrating Toner,179000,4.7,677,622,5,5
SYSN10004590,SH8797609,Some By Mi Làm mềm AHA/BHA Serum,397000,4.9,11,21,29,3
SYSN10004591,SH2305318,Innisfree Chuyên sâu Vitamin C Serum,293000,4.7,15,25,13,3
SYSN10004592,SH7287422,Paula's Choice Hiệu quả Essence Toner,363000,4.6,392,591,22,5
SYSN10004593,SH4353703,CeraVe Trắng sáng Vitamin C Serum,621000,4.4,79,156,4,3
SYSN10004594,SH7429312,Clean & Clear Hiệu quả Retinol Serum,228000,4.8,124,72,6,3
SYSN10004595,SH4803656,Neutrogena Cấp nước Niacinamide Serum,728000,4.6,179,151,20,3
SYSN10004596,SH8975196,Murad VN Trắng sáng SPF 50+ Sunscreen,800000,4.4,351,220,19,4
SYSN10004597,SH1775127,Cetaphil Làm dịu Low pH Cleanser,256000,4.8,8,8,5,1
SYSN10004598,SH1194860,Some By Mi Thiên nhiên Balm Cleanser,350000,4.4,316,160,29,1
SYSN10004599,SH7999383,L'Oreal Hiệu quả Exfoliating Toner,98000,4.7,116,231,16,5
SYSN10004600,SH2835886,Hada Labo Làm dịu SPF 30 Sunscreen,249000,4.5,7,6,11,4
SYSN10004601,SH7658078,Clean & Clear Dưỡng ẩm Essence Toner,62000,4.3,15,16,6,5
SYSN10004602,SH8445639,Bioderma Làm mềm Niacinamide Serum,257000,4.4,2,1,3,3
SYSN10004603,SH3155957,Cosrx Chống lão hóa Foam Cleanser,252000,4.6,54,84,8,1
SYSN10004604,SH6836386,St. Ives Hiệu quả Barrier Repair Moisturizer,120000,4.3,91,67,30,2
SYSN10004605,SH2935186,Ohui VN Sáng da Balm Cleanser,1095000,4.7,1584,1744,21,1
SYSN10004606,SH2118894,Cosrx Trắng sáng Vitamin C Serum,469000,4.6,58,51,8,3
SYSN10004607,SH8375271,Pond's Cấp nước Hyaluronic Acid Serum,187000,4.8,0,0,23,3
SYSN10004608,SH2550351,Laneige Làm dịu AHA/BHA Serum,1829000,4.5,268,364,18,3
SYSN10004609,SH1897661,Neutrogena Chuyên sâu PA++++ Sunscreen,386000,4.3,0,0,20,4
SYSN10004610,SH9269834,Some By Mi Thiên nhiên Essence Toner,390000,4.7,216,238,29,5
SYSN10004611,SH8582208,La Roche-Posay Chống lão hóa AHA/BHA Serum,401000,4.2,92,75,17,3
SYSN10004612,SH3723493,Shiseido VN Làm mềm Vitamin C Serum,2643000,5.0,141,76,27,3
SYSN10004613,SH1204940,Cetaphil Làm dịu Tint Sunscreen,315000,4.6,90,49,5,4
SYSN10004614,SH3179028,Shiseido VN Cao cấp Micellar Cleanser,1128000,4.3,0,0,27,1
SYSN10004615,SH8065653,Anessa Trắng sáng Cream Moisturizer,303000,4.6,61,110,1,2
SYSN10004616,SH3048575,Rovectin Cao cấp Essence Toner,239000,4.6,14,12,24,5
SYSN10004617,SH3129523,Clean & Clear Chống lão hóa Eye Cream Moisturizer,139000,4.3,89,75,6,2
SYSN10004618,SH2329328,Hasaki Hiệu quả SPF 50+ Sunscreen,129000,4.4,58,65,12,4
SYSN10004619,SH6669692,Klairs Chuyên sâu SPF 50+ Sunscreen,456000,4.8,9,12,15,4
SYSN10004620,SH8125083,Cetaphil Làm dịu Night Cream Moisturizer,381000,4.6,118,104,5,2
SYSN10004621,SH6275986,Sulwhasoo Sáng da Lotion Moisturizer,1199000,4.9,22,11,31,2
SYSN10004622,SH2748618,Simple Làm mềm SPF 30 Sunscreen,137000,4.9,69,130,28,4
SYSN10004623,SH9327645,Bioderma Dưỡng ẩm Daily Sunscreen,520000,4.6,19,24,3,4
SYSN10004624,SH8597882,Klairs Tăng cường Low pH Cleanser,329000,4.4,1490,2416,15,1
SYSN10004625,SH6414185,L'Oreal Trắng sáng Micellar Cleanser,79000,4.6,7,10,16,1
SYSN10004626,SH4739582,Innisfree Nhẹ nhàng PA++++ Sunscreen,363000,5.0,20,21,13,4
SYSN10004627,SH1577611,L'Oreal Làm mềm Balm Cleanser,143000,4.9,21,13,16,1
SYSN10004628,SH9114925,Cetaphil Chuyên sâu Essence Toner,195000,4.7,4,6,5,5
SYSN10004629,SH2939032,Paula's Choice Thiên nhiên Vitamin C Serum,378000,4.8,10,12,22,3
SYSN10004630,SH7014111,Pond's Sáng da Low pH Cleanser,107000,4.4,29,21,23,1
SYSN10004631,SH3569617,Vaseline Làm mềm Hydrating Toner,121000,4.7,4,5,34,5
SYSN10004632,SH3884191,Hada Labo Phục hồi Tint Sunscreen,472000,4.5,11,10,11,4
SYSN10004633,SH7395968,SK-II Hiệu quả Gel Cleanser,610000,4.7,96,73,25,1
SYSN10004634,SH1904717,Cocoon Nhẹ nhàng Balm Cleanser,186000,5.0,449,489,7,1
SYSN10004635,SH6574014,Rovectin Thiên nhiên Brightening Toner,456000,4.4,141,197,24,5
SYSN10004636,SH6525134,Murad VN Chống lão hóa Essence Toner,1234000,4.4,26,28,19,5
SYSN10004637,SH8196063,L'Oreal Hiệu quả PA++++ Sunscreen,106000,4.5,7,4,16,4
SYSN10004638,SH3927103,Estee Lauder Hiệu quả PA++++ Sunscreen,1933000,4.7,37,46,9,4
SYSN10004639,SH5267792,Rovectin Làm mềm AHA/BHA Serum,457000,4.3,46,35,24,3
SYSN10004640,SH8370013,Senka Dưỡng ẩm Gel Moisturizer,96000,4.7,162,225,26,2
SYSN10004641,SH5823255,St. Ives Sáng da AHA/BHA Serum,197000,4.4,147,105,30,3
SYSN10004642,SH1036671,Klairs Phục hồi Hydrating Toner,306000,4.8,12,21,15,5
SYSN10004643,SH4753691,St. Ives Sáng da Daily Sunscreen,149000,4.8,3,3,30,4
SYSN10004644,SH9733740,Klairs Phục hồi Retinol Serum,243000,4.6,128,202,15,3
SYSN10004645,SH5015681,Simple Trắng sáng Gel Moisturizer,106000,4.8,169,165,28,2
SYSN10004646,SH6505833,Paula's Choice Làm mềm Cream Moisturizer,434000,4.7,63,49,22,2
SYSN10004647,SH5837652,Klairs Cao cấp Peptide Serum,235000,4.3,54,84,15,3
SYSN10004648,SH1560024,Garnier Thiên nhiên Retinol Serum,166000,4.7,13,17,10,3
SYSN10004649,SH6107092,Kiehl's VN Hiệu quả Essence Toner,480000,4.6,95,77,14,5
SYSN10004650,SH4441038,Hasaki Kiểm soát nhờn Tint Sunscreen,75000,4.9,20,24,12,4
SYSN10004651,SH4117269,Beauty of Joseon VN Kiểm soát nhờn AHA/BHA Serum,348000,5.0,37,26,2,3
SYSN10004652,SH4890386,L'Oreal Trắng sáng Micellar Cleanser,122000,4.6,20,12,16,1
SYSN10004653,SH1052235,Klairs Kiểm soát nhờn Foam Cleanser,353000,4.5,146,116,15,1
SYSN10004654,SH4504176,Bioderma Phục hồi Cream Moisturizer,539000,4.6,64,74,3,2
SYSN10004655,SH1523004,Neutrogena Làm dịu Micellar Cleanser,281000,4.6,12,13,20,1
SYSN10004656,SH9517884,Paula's Choice Chuyên sâu Lotion Moisturizer,327000,5.0,68,86,22,2
SYSN10004657,SH4006460,Simple Chuyên sâu Vitamin C Serum,166000,4.5,211,284,28,3
SYSN10004658,SH9256986,The Ordinary Làm dịu Eye Cream Moisturizer,423000,4.7,214,261,33,2
SYSN10004659,SH2176937,Innisfree Làm mềm Retinol Serum,436000,5.0,78,155,13,3
SYSN10004660,SH1270732,Bioderma Làm mềm SPF 50+ Sunscreen,369000,4.7,83,88,3,4
SYSN10004661,SH2675527,Sulwhasoo Trắng sáng Gel Moisturizer,3238000,4.2,2,2,31,2
SYSN10004662,SH6653240,CeraVe Tăng cường Water Resistant Sunscreen,384000,4.8,165,266,4,4
SYSN10004663,SH1957514,Cosrx Chuyên sâu Hyaluronic Acid Serum,451000,4.3,18,15,8,3
SYSN10004664,SH4543473,Bioderma Chuyên sâu AHA/BHA Serum,459000,4.3,66,35,3,3
SYSN10004665,SH7225499,La Roche-Posay Thiên nhiên Micellar Cleanser,211000,4.4,27,34,17,1
SYSN10004666,SH6009153,The Ordinary Nhẹ nhàng Niacinamide Serum,460000,5.0,989,682,33,3
SYSN10004667,SH8123598,Anessa Dưỡng ẩm Hyaluronic Acid Serum,531000,4.9,14,26,1,3
SYSN10004668,SH3007345,Paula's Choice Sáng da Oil Cleanser,294000,4.1,7,4,22,1
SYSN10004669,SH1380742,Senka Kiểm soát nhờn Night Cream Moisturizer,167000,4.9,107,189,26,2
SYSN10004670,SH7952674,The Face Shop Hiệu quả Eye Cream Moisturizer,214000,4.4,263,344,32,2
SYSN10004671,SH2332825,Innisfree Nhẹ nhàng Daily Sunscreen,293000,4.6,107,185,13,4
SYSN10004672,SH2424735,Cetaphil Tăng cường Daily Sunscreen,357000,4.9,44,86,5,4
SYSN10004673,SH3924090,Innisfree Dưỡng ẩm Micellar Cleanser,339000,4.5,1,0,13,1
SYSN10004674,SH1403268,Klairs Thiên nhiên SPF 50+ Sunscreen,285000,5.0,6,3,15,4
SYSN10004675,SH1875154,Some By Mi Kiểm soát nhờn Low pH Cleanser,314000,4.7,29,31,29,1
SYSN10004676,SH9709844,Pond's Làm dịu Micellar Cleanser,65000,4.5,31,27,23,1
SYSN10004677,SH7019415,Some By Mi Làm dịu Niacinamide Serum,611000,4.2,507,445,29,3
SYSN10004678,SH7061298,The Face Shop Chống lão hóa Micellar Cleanser,212000,4.7,2,2,32,1
SYSN10004679,SH8440412,Pond's Tăng cường Foam Cleanser,124000,4.1,5,5,23,1
SYSN10004680,SH2496140,Laneige Trắng sáng AHA/BHA Serum,1250000,4.6,41,81,18,3
SYSN10004681,SH7255647,Sulwhasoo Chuyên sâu Low pH Cleanser,623000,4.3,63,37,31,1
SYSN10004682,SH1361285,Some By Mi Tăng cường SPF 50+ Sunscreen,306000,5.0,35,40,29,4
SYSN10004683,SH9123408,Sulwhasoo Hiệu quả Tint Sunscreen,1343000,4.6,111,198,31,4
SYSN10004684,SH4836940,Simple Thiên nhiên Barrier Repair Moisturizer,125000,4.5,120,199,28,2
SYSN10004685,SH6155456,Hada Labo Tăng cường Retinol Serum,367000,4.6,6,11,11,3
SYSN10004686,SH7131631,Hasaki Làm dịu Oil Cleanser,166000,4.4,40,65,12,1
SYSN10004687,SH4824035,Pond's Chuyên sâu Gel Cleanser,98000,4.9,1,0,23,1
SYSN10004688,SH5560990,L'Oreal Chống lão hóa AHA/BHA Serum,218000,4.3,98,187,16,3
SYSN10004689,SH8676557,Klairs Hiệu quả Retinol Serum,423000,4.4,103,167,15,3
SYSN10004690,SH6129623,Kiehl's VN Thiên nhiên Peptide Serum,2954000,4.2,361,191,14,3
SYSN10004691,SH3594882,The Face Shop Phục hồi Oil Cleanser,313000,4.5,38,55,32,1
SYSN10004692,SH5092045,St. Ives Hiệu quả Brightening Toner,112000,4.8,8,9,30,5
SYSN10004693,SH4452379,Neutrogena Thiên nhiên Oil Cleanser,284000,5.0,2,2,20,1
SYSN10004694,SH8626561,Hasaki Cao cấp Vitamin C Serum,116000,4.1,0,0,12,3
SYSN10004695,SH8132043,Innisfree Cấp nước Oil Cleanser,294000,4.4,4,6,13,1
SYSN10004696,SH7384534,Simple Chống lão hóa Hyaluronic Acid Serum,119000,5.0,86,151,28,3
SYSN10004697,SH9325145,L'Oreal Cao cấp Oil Cleanser,105000,4.9,15,26,16,1
SYSN10004698,SH7287562,Innisfree Dưỡng ẩm Essence Toner,324000,4.1,103,182,13,5
SYSN10004699,SH5655218,Clean & Clear Cao cấp Hydrating Toner,51000,4.5,12,20,6,5
SYSN10004700,SH8554468,Simple Hiệu quả PA++++ Sunscreen,94000,4.5,386,682,28,4
SYSN10004701,SH2435321,SK-II Dưỡng ẩm Barrier Repair Moisturizer,1199000,4.6,915,951,25,2
SYSN10004702,SH7210962,SK-II Chống lão hóa Micellar Cleanser,890000,4.8,54,58,25,1
SYSN10004703,SH6988402,Hasaki Làm dịu Water Resistant Sunscreen,141000,4.1,5,5,12,4
SYSN10004704,SH6675127,Rovectin Cao cấp Foam Cleanser,353000,4.7,11,16,24,1
SYSN10004705,SH1165496,Cocoon Phục hồi Hydrating Toner,125000,4.7,24,36,7,5
SYSN10004706,SH3397637,The Face Shop Hiệu quả Barrier Repair Moisturizer,492000,4.4,133,161,32,2
SYSN10004707,SH5575186,Beauty of Joseon VN Kiểm soát nhờn Low pH Cleanser,151000,4.6,340,599,2,1
SYSN10004708,SH8107988,Kiehl's VN Cấp nước Gel Moisturizer,1643000,4.9,1,1,14,2
SYSN10004709,SH3893723,Innisfree Làm dịu Hydrating Toner,308000,4.8,258,377,13,5
SYSN10004710,SH9085712,Murad VN Dưỡng ẩm Essence Toner,818000,4.8,148,207,19,5
SYSN10004711,SH9816477,Innisfree Chuyên sâu Niacinamide Serum,236000,4.5,14,12,13,3
SYSN10004712,SH7536255,Ohui VN Trắng sáng Peptide Serum,2658000,4.9,85,67,21,3
SYSN10004713,SH3951648,Laneige Sáng da Micellar Cleanser,610000,4.7,48,48,18,1
SYSN10004714,SH9550084,Klairs Làm mềm Gel Cleanser,224000,3.7,12,8,15,1
SYSN10004715,SH1308410,CeraVe Làm dịu Low pH Cleanser,339000,4.5,43,30,4,1
SYSN10004716,SH5675948,Clean & Clear Chống lão hóa AHA/BHA Serum,100000,4.4,46,66,6,3
SYSN10004717,SH2979436,Vaseline Trắng sáng Peptide Serum,175000,4.3,1041,1527,34,3
SYSN10004718,SH3612040,Neutrogena Trắng sáng Essence Toner,218000,4.4,271,360,20,5
SYSN10004719,SH3434125,Cetaphil Trắng sáng Vitamin C Serum,314000,4.5,69,37,5,3
SYSN10004720,SH8251473,Senka Cấp nước Peptide Serum,125000,4.1,42,63,26,3
SYSN10004721,SH4486442,Neutrogena Chuyên sâu Peptide Serum,719000,4.1,1,1,20,3
SYSN10004722,SH6031648,Pond's Kiểm soát nhờn Eye Cream Moisturizer,194000,5.0,34,36,23,2
SYSN10004723,SH5087607,The Face Shop Dưỡng ẩm PA++++ Sunscreen,368000,4.9,35,18,32,4
SYSN10004724,SH2251915,Simple Phục hồi Water Resistant Sunscreen,74000,4.6,53,58,28,4
SYSN10004725,SH3444270,Bioderma Sáng da Night Cream Moisturizer,367000,4.4,125,114,3,2
SYSN10004726,SH8740454,L'Oreal Cấp nước SPF 30 Sunscreen,127000,4.4,8,13,16,4
SYSN10004727,SH3876733,Pond's Hiệu quả Cream Moisturizer,197000,4.4,50,89,23,2
SYSN10004728,SH2400311,Neutrogena Cấp nước Peptide Serum,477000,5.0,9,5,20,3
SYSN10004729,SH7390415,Kiehl's VN Cao cấp Tint Sunscreen,1490000,4.6,12,11,14,4
SYSN10004730,SH1306177,Cosrx Chống lão hóa Essence Toner,419000,5.0,10851,10075,8,5
SYSN10004731,SH5694772,CeraVe Sáng da Exfoliating Toner,398000,5.0,11,9,4,5
SYSN10004732,SH2672528,Murad VN Kiểm soát nhờn Tint Sunscreen,1615000,4.4,9,8,19,4
SYSN10004733,SH2058645,Cosrx Phục hồi Hydrating Toner,228000,4.6,0,0,8,5
SYSN10004734,SH4779035,Neutrogena Cao cấp Niacinamide Serum,314000,4.8,6,11,20,3
SYSN10004735,SH8737204,La Roche-Posay Trắng sáng AHA/BHA Serum,430000,4.8,483,440,17,3
SYSN10004736,SH1114282,Hada Labo Phục hồi Night Cream Moisturizer,447000,4.2,135,104,11,2
SYSN10004737,SH4574797,Kiehl's VN Làm mềm Gel Moisturizer,1287000,4.3,23,19,14,2
SYSN10004738,SH5855738,Simple Trắng sáng Essence Toner,62000,4.3,1045,1409,28,5
SYSN10004739,SH5380146,Garnier Nhẹ nhàng Retinol Serum,95000,4.4,6,3,10,3
SYSN10004740,SH8153068,Cetaphil Sáng da AHA/BHA Serum,329000,4.4,8,15,5,3
SYSN10004741,SH6727598,Cosrx Phục hồi Lotion Moisturizer,441000,4.5,119,156,8,2
SYSN10004742,SH1519061,Cosrx Cao cấp AHA/BHA Serum,377000,4.5,19,37,8,3
SYSN10004743,SH2887529,SK-II Nhẹ nhàng SPF 50+ Sunscreen,2607000,4.3,0,0,25,4
SYSN10004744,SH3535074,Kiehl's VN Cao cấp Cream Moisturizer,1284000,4.7,11,13,14,2
SYSN10004745,SH8332001,Kiehl's VN Làm mềm Niacinamide Serum,931000,4.2,4,4,14,3
SYSN10004746,SH6870977,Vaseline Làm mềm Lotion Moisturizer,149000,5.0,171,87,34,2
SYSN10004747,SH5419989,Neutrogena Sáng da Niacinamide Serum,288000,4.0,93,138,20,3
SYSN10004748,SH2776602,Laneige Thiên nhiên PA++++ Sunscreen,1121000,4.5,62,99,18,4
SYSN10004749,SH2629693,CeraVe Cao cấp Pore Care Toner,262000,4.5,8,8,4,5
SYSN10004750,SH9222666,Ohui VN Tăng cường Micellar Cleanser,1065000,4.3,6,3,21,1
SYSN10004751,SH5860226,Cetaphil Làm dịu PA++++ Sunscreen,190000,5.0,8,5,5,4
SYSN10004752,SH9282662,Pond's Cấp nước Barrier Repair Moisturizer,145000,4.2,55,92,23,2
SYSN10004753,SH8352697,Senka Phục hồi Gel Cleanser,46000,3.8,56,84,26,1
SYSN10004754,SH1721426,Beauty of Joseon VN Làm mềm Eye Cream Moisturizer,280000,4.3,27,25,2,2
SYSN10004755,SH1093582,The Face Shop Cao cấp SPF 30 Sunscreen,223000,4.7,14,16,32,4
SYSN10004756,SH5440575,Some By Mi Trắng sáng Balm Cleanser,409000,4.8,7,5,29,1
SYSN10004757,SH8843817,L'Oreal Hiệu quả Daily Sunscreen,90000,4.7,23,25,16,4
SYSN10004758,SH1491507,Innisfree Dưỡng ẩm Hyaluronic Acid Serum,436000,4.1,126,213,13,3
SYSN10004759,SH1100103,St. Ives Nhẹ nhàng Vitamin C Serum,144000,4.6,173,87,30,3
SYSN10004760,SH8659696,The Face Shop Tăng cường PA++++ Sunscreen,192000,4.5,6,6,32,4
SYSN10004761,SH2549202,Some By Mi Chống lão hóa Tint Sunscreen,360000,4.4,56,78,29,4
SYSN10004762,SH4444390,Bioderma Làm dịu Essence Toner,239000,4.9,63,32,3,5
SYSN10004763,SH7099251,The Ordinary Nhẹ nhàng Exfoliating Toner,194000,4.3,53,75,33,5
SYSN10004764,SH1912429,Beauty of Joseon VN Hiệu quả Hyaluronic Acid Serum,476000,4.4,240,442,2,3
SYSN10004765,SH5489668,Senka Hiệu quả Peptide Serum,140000,4.6,4,6,26,3
SYSN10004766,SH3771126,Senka Hiệu quả Low pH Cleanser,51000,4.6,159,161,26,1
SYSN10004767,SH1642597,Hada Labo Cao cấp Vitamin C Serum,280000,4.9,11,7,11,3
SYSN10004768,SH1792982,Clean & Clear Nhẹ nhàng Foam Cleanser,91000,5.0,1,1,6,1
SYSN10004769,SH2771823,SK-II Tăng cường Peptide Serum,2129000,4.5,28,27,25,3
SYSN10004770,SH7809358,Clean & Clear Sáng da Gel Moisturizer,217000,4.2,11,19,6,2
SYSN10004771,SH7035521,Shiseido VN Chống lão hóa Essence Toner,1684000,4.5,77,66,27,5
SYSN10004772,SH6473180,Kiehl's VN Chống lão hóa SPF 30 Sunscreen,2448000,4.7,27,48,14,4
SYSN10004773,SH8368441,Cocoon Dưỡng ẩm Hydrating Toner,67000,4.4,68,91,7,5
SYSN10004774,SH2625726,Shiseido VN Thiên nhiên Niacinamide Serum,2905000,4.3,10,17,27,3
SYSN10004775,SH1074924,Cocoon Chuyên sâu Vitamin C Serum,255000,4.5,52,60,7,3
SYSN10004776,SH1458360,Bioderma Phục hồi Water Resistant Sunscreen,248000,4.7,2343,3830,3,4
SYSN10004777,SH1022009,Vaseline Cấp nước AHA/BHA Serum,130000,5.0,14,21,34,3
SYSN10004778,SH5110017,Senka Cao cấp Pore Care Toner,91000,4.7,97,116,26,5
SYSN10004779,SH6282827,Klairs Cao cấp AHA/BHA Serum,411000,4.3,77,124,15,3
SYSN10004780,SH3681096,Laneige Dưỡng ẩm Peptide Serum,2049000,4.1,3,5,18,3
SYSN10004781,SH1837741,Cocoon Tăng cường SPF 50+ Sunscreen,132000,4.2,11,20,7,4
SYSN10004782,SH9089921,Hasaki Làm dịu Micellar Cleanser,88000,4.9,689,561,12,1
SYSN10004783,SH3682903,Anessa Cấp nước Essence Toner,267000,4.1,60,75,1,5
SYSN10004784,SH7215142,Cetaphil Dưỡng ẩm Exfoliating Toner,251000,4.5,32,49,5,5
SYSN10004785,SH5242824,Senka Chống lão hóa Hyaluronic Acid Serum,96000,4.7,99,119,26,3
SYSN10004786,SH7064017,Rovectin Dưỡng ẩm PA++++ Sunscreen,370000,4.8,30,20,24,4
SYSN10004787,SH7020608,Shiseido VN Dưỡng ẩm Balm Cleanser,1833000,5.0,27,43,27,1
SYSN10004788,SH1699855,Kiehl's VN Chuyên sâu Hyaluronic Acid Serum,2106000,4.5,36,70,14,3
SYSN10004789,SH7831109,Bioderma Làm mềm SPF 30 Sunscreen,491000,4.7,40,62,3,4
SYSN10004790,SH8809255,Klairs Kiểm soát nhờn Exfoliating Toner,208000,4.4,10,17,15,5
SYSN10004791,SH1812638,Cetaphil Sáng da Foam Cleanser,199000,4.9,9,9,5,1
SYSN10004792,SH3065246,Some By Mi Làm dịu SPF 30 Sunscreen,360000,4.9,420,338,29,4
SYSN10004793,SH2166327,Garnier Cao cấp Pore Care Toner,134000,4.0,33,44,10,5
SYSN10004794,SH4270865,Beauty of Joseon VN Tăng cường Oil Cleanser,239000,4.4,1,0,2,1
SYSN10004795,SH8058391,Klairs Tăng cường Hydrating Toner,388000,4.6,2,2,15,5
SYSN10004796,SH4904235,Cetaphil Cấp nước Hyaluronic Acid Serum,417000,4.4,50,84,5,3
SYSN10004797,SH1777932,Innisfree Phục hồi SPF 30 Sunscreen,348000,4.8,2,1,13,4
SYSN10004798,SH9810617,L'Oreal Kiểm soát nhờn AHA/BHA Serum,80000,4.7,68,98,16,3
SYSN10004799,SH3576306,Anessa Nhẹ nhàng Balm Cleanser,312000,4.7,280,348,1,1
SYSN10004800,SH9641898,The Face Shop Cấp nước Niacinamide Serum,392000,4.2,7,6,32,3
SYSN10004801,SH8996556,Some By Mi Tăng cường Tint Sunscreen,526000,4.3,11,17,29,4
SYSN10004802,SH4246928,The Face Shop Làm mềm Gel Moisturizer,336000,4.9,160,207,32,2
SYSN10004803,SH8724131,Murad VN Sáng da Gel Cleanser,1764000,4.5,39,21,19,1
SYSN10004804,SH8830137,Neutrogena Chuyên sâu Cream Moisturizer,232000,4.7,69978,72980,20,2
SYSN10004805,SH7946254,La Roche-Posay Chuyên sâu Barrier Repair Moisturizer,560000,4.2,34,59,17,2
SYSN10004806,SH8107132,Murad VN Trắng sáng Low pH Cleanser,1401000,4.2,509,670,19,1
SYSN10004807,SH9784207,Hada Labo Chuyên sâu Peptide Serum,262000,4.8,9,5,11,3
SYSN10004808,SH5467089,Anessa Chuyên sâu Balm Cleanser,222000,4.8,6,6,1,1
SYSN10004809,SH3630379,Cosrx Chống lão hóa Peptide Serum,510000,5.0,11,15,8,3
SYSN10004810,SH2045024,St. Ives Dưỡng ẩm Gel Cleanser,113000,4.6,170,220,30,1
SYSN10004811,SH9903794,Vaseline Làm dịu Hydrating Toner,107000,4.9,9,17,34,5
SYSN10004812,SH4227894,Pond's Phục hồi Peptide Serum,107000,4.5,48,42,23,3
SYSN10004813,SH4633129,Garnier Trắng sáng SPF 30 Sunscreen,70000,4.6,118,71,10,4
SYSN10004814,SH8994929,Clean & Clear Thiên nhiên Hyaluronic Acid Serum,123000,5.0,130,188,6,3
SYSN10004815,SH8468068,The Face Shop Phục hồi Low pH Cleanser,349000,4.9,287,369,32,1
SYSN10004816,SH9822878,Murad VN Cấp nước SPF 30 Sunscreen,828000,4.6,6,7,19,4
SYSN10004817,SH4941553,SK-II Trắng sáng Barrier Repair Moisturizer,1013000,5.0,271,392,25,2
SYSN10004818,SH9019850,Anessa Cao cấp Essence Toner,286000,5.0,27,40,1,5
SYSN10004819,SH4294932,Neutrogena Phục hồi Hyaluronic Acid Serum,408000,4.3,6,10,20,3
SYSN10004820,SH7853533,Some By Mi Làm mềm Balm Cleanser,290000,4.6,3,3,29,1
SYSN10004821,SH7727219,Laneige Thiên nhiên Daily Sunscreen,1407000,4.5,4,3,18,4
SYSN10004822,SH2960320,Neutrogena Chống lão hóa Niacinamide Serum,297000,4.3,67,93,20,3
SYSN10004823,SH6764699,Hada Labo Tăng cường Foam Cleanser,211000,4.6,68,101,11,1
SYSN10004824,SH3997343,Hada Labo Sáng da Retinol Serum,390000,4.4,56,76,11,3
SYSN10004825,SH8272164,Beauty of Joseon VN Dưỡng ẩm Hyaluronic Acid Serum,485000,4.7,2,2,2,3
SYSN10004826,SH4915525,Bioderma Nhẹ nhàng Night Cream Moisturizer,303000,4.6,122,162,3,2
SYSN10004827,SH9999150,Ohui VN Cao cấp Foam Cleanser,2151000,4.2,87,130,21,1
SYSN10004828,SH9405268,Rovectin Chuyên sâu Tint Sunscreen,222000,5.0,2,3,24,4
SYSN10004829,SH7256649,Cosrx Cấp nước PA++++ Sunscreen,422000,4.5,43,53,8,4
SYSN10004830,SH6123870,Murad VN Nhẹ nhàng Vitamin C Serum,1092000,4.5,3,5,19,3
SYSN10004831,SH1527720,Rovectin Cấp nước Daily Sunscreen,456000,4.3,484,279,24,4
SYSN10004832,SH8280297,Neutrogena Sáng da Essence Toner,164000,5.0,415,254,20,5
SYSN10004833,SH8208994,Cocoon Trắng sáng Peptide Serum,184000,4.8,0,0,7,3
SYSN10004834,SH1917357,Neutrogena Dưỡng ẩm Gel Moisturizer,328000,4.9,74,47,20,2
SYSN10004835,SH6001552,Rovectin Nhẹ nhàng Niacinamide Serum,691000,4.6,15,26,24,3
SYSN10004836,SH6702153,Vaseline Chống lão hóa AHA/BHA Serum,123000,4.8,32,47,34,3
SYSN10004837,SH9373087,Shiseido VN Dưỡng ẩm Foam Cleanser,1500000,4.6,42,69,27,1
SYSN10004838,SH2778176,Hasaki Sáng da Niacinamide Serum,247000,4.2,5087,2893,12,3
SYSN10004839,SH2978786,Clean & Clear Cao cấp Gel Cleanser,164000,4.3,0,0,6,1
SYSN10004840,SH7830771,Rovectin Dưỡng ẩm Gel Cleanser,157000,4.8,28,25,24,1
SYSN10004841,SH6143988,Hasaki Chuyên sâu Eye Cream Moisturizer,88000,4.7,128,210,12,2
SYSN10004842,SH6366709,Rovectin Cao cấp Vitamin C Serum,541000,4.3,51,99,24,3
SYSN10004843,SH3633390,Pond's Dưỡng ẩm Night Cream Moisturizer,139000,4.4,2,2,23,2
SYSN10004844,SH7025541,The Face Shop Tăng cường Night Cream Moisturizer,545000,4.8,33,46,32,2
SYSN10004845,SH6775808,Anessa Trắng sáng Barrier Repair Moisturizer,310000,4.4,43,78,1,2
SYSN10004846,SH2660439,Anessa Hiệu quả Essence Toner,295000,4.7,39,42,1,5
SYSN10004847,SH9304849,Murad VN Sáng da Retinol Serum,2679000,4.7,0,0,19,3
SYSN10004848,SH6185544,Bioderma Sáng da Foam Cleanser,345000,4.3,595,605,3,1
SYSN10004849,SH1902489,Beauty of Joseon VN Làm dịu Daily Sunscreen,240000,4.5,7,6,2,4
SYSN10004850,SH9066931,Rovectin Làm dịu Daily Sunscreen,198000,4.2,43,31,24,4
SYSN10004851,SH2249513,Klairs Làm mềm Oil Cleanser,287000,4.7,59,31,15,1
SYSN10004852,SH5154550,Anessa Sáng da SPF 30 Sunscreen,210000,4.9,37,22,1,4
SYSN10004853,SH8882503,The Ordinary Tăng cường Peptide Serum,411000,3.8,261,510,33,3
SYSN10004854,SH6744306,Pond's Dưỡng ẩm Cream Moisturizer,208000,4.8,1682,2463,23,2
SYSN10004855,SH7356973,Estee Lauder Tăng cường Low pH Cleanser,769000,4.5,167,171,9,1
SYSN10004856,SH1937407,Pond's Làm dịu Hyaluronic Acid Serum,90000,4.5,537,845,23,3
SYSN10004857,SH5015464,Clean & Clear Trắng sáng Retinol Serum,119000,4.6,38,52,6,3
SYSN10004858,SH5521161,Innisfree Thiên nhiên Daily Sunscreen,354000,4.2,32,57,13,4
SYSN10004859,SH2690376,Cosrx Trắng sáng Exfoliating Toner,262000,5.0,111,187,8,5
SYSN10004860,SH5405291,Rovectin Làm dịu PA++++ Sunscreen,358000,5.0,39,64,24,4
SYSN10004861,SH1474112,St. Ives Tăng cường Gel Cleanser,51000,4.7,26,30,30,1
SYSN10004862,SH4645905,Clean & Clear Chuyên sâu Night Cream Moisturizer,146000,4.5,30,23,6,2
SYSN10004863,SH3565615,L'Oreal Làm mềm Lotion Moisturizer,119000,4.8,38,19,16,2
SYSN10004864,SH5053663,Innisfree Sáng da Balm Cleanser,310000,5.0,14,16,13,1
SYSN10004865,SH8292352,Rovectin Sáng da Water Resistant Sunscreen,241000,4.5,128,224,24,4
SYSN10004866,SH4767003,Estee Lauder Trắng sáng Micellar Cleanser,839000,4.7,6,11,9,1
SYSN10004867,SH3463019,Murad VN Hiệu quả Night Cream Moisturizer,1810000,4.4,7,11,19,2
SYSN10004868,SH6262297,Cocoon Sáng da Daily Sunscreen,124000,4.5,3,2,7,4
SYSN10004869,SH6561525,Innisfree Chuyên sâu Hydrating Toner,311000,4.6,21,33,13,5
SYSN10004870,SH4576301,Beauty of Joseon VN Trắng sáng Retinol Serum,452000,4.8,439,641,2,3
SYSN10004871,SH8797904,Ohui VN Trắng sáng Barrier Repair Moisturizer,1628000,4.9,120,128,21,2
SYSN10004872,SH9864139,Senka Làm mềm Retinol Serum,108000,4.6,11,12,26,3
SYSN10004873,SH1083863,The Face Shop Dưỡng ẩm Brightening Toner,240000,4.5,4,4,32,5
SYSN10004874,SH8076666,Rovectin Hiệu quả Barrier Repair Moisturizer,289000,4.8,62,48,24,2
SYSN10004875,SH4492913,Beauty of Joseon VN Sáng da Niacinamide Serum,475000,4.8,3,2,2,3
SYSN10004876,SH7455872,Shiseido VN Làm dịu Oil Cleanser,643000,4.6,1097,1823,27,1
SYSN10004877,SH6837016,St. Ives Trắng sáng Cream Moisturizer,147000,4.7,14,10,30,2
SYSN10004878,SH6455474,Anessa Làm mềm Essence Toner,392000,4.4,506,591,1,5
SYSN10004879,SH2930081,Hasaki Làm dịu Peptide Serum,274000,4.9,61,84,12,3
SYSN10004880,SH3949614,Rovectin Cấp nước Low pH Cleanser,376000,5.0,3,4,24,1
SYSN10004881,SH2249274,The Ordinary Chuyên sâu Oil Cleanser,305000,4.2,6,10,33,1
SYSN10004882,SH8460803,Clean & Clear Chuyên sâu Cream Moisturizer,193000,4.6,1041,612,6,2
SYSN10004883,SH1512005,Cosrx Hiệu quả Cream Moisturizer,244000,4.3,11,20,8,2
SYSN10004884,SH5595091,Some By Mi Trắng sáng Balm Cleanser,294000,4.6,128,117,29,1
SYSN10004885,SH8702751,Ohui VN Nhẹ nhàng Tint Sunscreen,1023000,5.0,130,198,21,4
SYSN10004886,SH2361914,Neutrogena Hiệu quả Vitamin C Serum,338000,4.9,45,22,20,3
SYSN10004887,SH8033901,Hada Labo Tăng cường Oil Cleanser,275000,5.0,40,70,11,1
SYSN10004888,SH6047602,Shiseido VN Làm mềm Brightening Toner,1313000,4.6,17,10,27,5
SYSN10004889,SH5048390,Klairs Chống lão hóa AHA/BHA Serum,476000,4.7,21,18,15,3
SYSN10004890,SH9140810,Kiehl's VN Làm dịu SPF 50+ Sunscreen,3180000,4.7,4,5,14,4
SYSN10004891,SH1212947,Cetaphil Phục hồi Niacinamide Serum,366000,4.6,154,151,5,3
SYSN10004892,SH8010543,Laneige Chuyên sâu Gel Cleanser,1065000,4.4,14,10,18,1
SYSN10004893,SH2871551,Clean & Clear Làm mềm Cream Moisturizer,100000,4.4,133,237,6,2
SYSN10004894,SH6564342,Some By Mi Dưỡng ẩm Tint Sunscreen,476000,4.5,15,20,29,4
SYSN10004895,SH4401274,St. Ives Chuyên sâu Niacinamide Serum,127000,4.9,22,14,30,3
SYSN10004896,SH5549059,Sulwhasoo Làm mềm Water Resistant Sunscreen,941000,4.7,112,159,31,4
SYSN10004897,SH9222311,L'Oreal Hiệu quả AHA/BHA Serum,114000,4.1,13,17,16,3
SYSN10004898,SH6842088,Garnier Làm mềm SPF 30 Sunscreen,152000,4.4,64,91,10,4
SYSN10004899,SH9425877,Garnier Thiên nhiên PA++++ Sunscreen,174000,4.9,53,41,10,4
SYSN10004900,SH6443422,Senka Trắng sáng Niacinamide Serum,191000,4.3,24,21,26,3
SYSN10004901,SH8588799,Paula's Choice Cấp nước Gel Moisturizer,262000,4.8,4,7,22,2
SYSN10004902,SH5647681,Innisfree Trắng sáng Peptide Serum,657000,4.8,38,20,13,3
SYSN10004903,SH2996833,Kiehl's VN Sáng da Micellar Cleanser,1477000,4.7,71,103,14,1
SYSN10004904,SH4634210,Klairs Chống lão hóa Daily Sunscreen,370000,4.6,26,38,15,4
SYSN10004905,SH4736479,St. Ives Hiệu quả Gel Cleanser,48000,4.4,34,23,30,1
SYSN10004906,SH7395596,The Face Shop Phục hồi Low pH Cleanser,237000,4.5,6,10,32,1
SYSN10004907,SH5721480,Some By Mi Làm dịu AHA/BHA Serum,264000,4.9,12,16,29,3
SYSN10004908,SH4736938,Simple Hiệu quả Water Resistant Sunscreen,162000,4.5,420,598,28,4
SYSN10004909,SH3693317,Kiehl's VN Sáng da Gel Cleanser,1426000,4.4,121,139,14,1
SYSN10004910,SH8092502,Clean & Clear Chuyên sâu Vitamin C Serum,219000,4.8,725,1261,6,3
SYSN10004911,SH8157847,Pond's Thiên nhiên Night Cream Moisturizer,147000,4.6,6,10,23,2
SYSN10004912,SH1032860,Garnier Chống lão hóa Hyaluronic Acid Serum,169000,5.0,175,194,10,3
SYSN10004913,SH1195440,SK-II Chuyên sâu Micellar Cleanser,515000,4.5,307,270,25,1
SYSN10004914,SH1113458,Vaseline Làm dịu SPF 30 Sunscreen,107000,4.5,8,4,34,4
SYSN10004915,SH8301508,Sulwhasoo Sáng da Hyaluronic Acid Serum,1559000,4.2,0,0,31,3
SYSN10004916,SH5537913,Innisfree Trắng sáng Daily Sunscreen,298000,4.6,11,15,13,4
SYSN10004917,SH2388317,Cetaphil Dưỡng ẩm Balm Cleanser,322000,4.4,4,2,5,1
SYSN10004918,SH9159212,Kiehl's VN Làm mềm Retinol Serum,1619000,4.7,101,156,14,3
SYSN10004919,SH4939090,Rovectin Chống lão hóa Balm Cleanser,236000,4.8,51,72,24,1
SYSN10004920,SH5044009,Neutrogena Trắng sáng SPF 30 Sunscreen,206000,4.6,26,33,20,4
SYSN10004921,SH2671913,Vaseline Làm dịu Peptide Serum,166000,4.6,18,27,34,3
SYSN10004922,SH5167770,The Face Shop Tăng cường Lotion Moisturizer,296000,4.9,23,16,32,2
SYSN10004923,SH8765259,Bioderma Trắng sáng SPF 30 Sunscreen,414000,4.7,17,16,3,4
SYSN10004924,SH3428420,L'Oreal Làm dịu SPF 30 Sunscreen,212000,4.1,1,0,16,4
SYSN10004925,SH1108843,Clean & Clear Chống lão hóa Tint Sunscreen,107000,4.6,4100,5068,6,4
SYSN10004926,SH6470553,Neutrogena Hiệu quả Hyaluronic Acid Serum,395000,5.0,18,28,20,3
SYSN10004927,SH3671536,Klairs Làm mềm SPF 50+ Sunscreen,211000,4.2,69,88,15,4
SYSN10004928,SH8176846,Anessa Dưỡng ẩm Brightening Toner,326000,4.5,12,21,1,5
SYSN10004929,SH9784157,Beauty of Joseon VN Dưỡng ẩm Oil Cleanser,213000,4.8,8,4,2,1
SYSN10004930,SH2387391,Clean & Clear Thiên nhiên Retinol Serum,88000,4.6,5,9,6,3
SYSN10004931,SH8536945,SK-II Chuyên sâu Exfoliating Toner,689000,4.7,46,74,25,5
SYSN10004932,SH6661773,Estee Lauder Làm mềm Tint Sunscreen,1041000,4.4,107,175,9,4
SYSN10004933,SH8374942,L'Oreal Phục hồi Gel Cleanser,55000,4.7,40,79,16,1
SYSN10004934,SH2262586,Cetaphil Kiểm soát nhờn SPF 30 Sunscreen,479000,4.5,163,276,5,4
SYSN10004935,SH7103001,Clean & Clear Làm mềm Micellar Cleanser,84000,5.0,1,1,6,1
SYSN10004936,SH6497758,Neutrogena Chuyên sâu Exfoliating Toner,331000,4.3,16,30,20,5
SYSN10004937,SH5301516,Paula's Choice Cao cấp Niacinamide Serum,645000,4.9,461,698,22,3
SYSN10004938,SH2261173,Simple Làm mềm Gel Cleanser,78000,4.2,12,16,28,1
SYSN10004939,SH5412292,Klairs Sáng da Gel Moisturizer,249000,4.7,46,46,15,2
SYSN10004940,SH3363734,L'Oreal Sáng da SPF 30 Sunscreen,136000,5.0,28,16,16,4
SYSN10004941,SH9132648,Beauty of Joseon VN Chống lão hóa Low pH Cleanser,400000,4.7,316,398,2,1
SYSN10004942,SH1209159,La Roche-Posay Chuyên sâu Exfoliating Toner,255000,4.8,12,12,17,5
SYSN10004943,SH1579853,Clean & Clear Chuyên sâu Micellar Cleanser,77000,4.4,14,21,6,1
SYSN10004944,SH1028039,SK-II Kiểm soát nhờn Water Resistant Sunscreen,1217000,4.5,280,424,25,4
SYSN10004945,SH2539513,Clean & Clear Trắng sáng Balm Cleanser,149000,4.9,61,111,6,1
SYSN10004946,SH7715147,Anessa Nhẹ nhàng Retinol Serum,444000,4.7,13,7,1,3
SYSN10004947,SH9186848,Pond's Phục hồi Hyaluronic Acid Serum,174000,4.1,4,2,23,3
SYSN10004948,SH4752266,Innisfree Phục hồi Niacinamide Serum,599000,5.0,29,48,13,3
SYSN10004949,SH5983486,Senka Kiểm soát nhờn Foam Cleanser,103000,5.0,69,106,26,1
SYSN10004950,SH5385930,Innisfree Kiểm soát nhờn Oil Cleanser,227000,4.9,6,4,13,1
SYSN10004951,SH5685432,Cocoon Làm mềm Low pH Cleanser,134000,4.5,41,48,7,1
SYSN10004952,SH6986195,L'Oreal Cấp nước Exfoliating Toner,122000,4.9,79,112,16,5
SYSN10004953,SH2210751,Anessa Chống lão hóa SPF 50+ Sunscreen,200000,5.0,45,55,1,4
SYSN10004954,SH6280031,The Ordinary Làm mềm Exfoliating Toner,378000,4.6,49,63,33,5
SYSN10004955,SH4668256,Klairs Cấp nước Cream Moisturizer,337000,4.2,62,33,15,2
SYSN10004956,SH2726751,Laneige Trắng sáng Tint Sunscreen,962000,4.6,29,14,18,4
SYSN10004957,SH4034533,CeraVe Cao cấp AHA/BHA Serum,548000,4.9,7,11,4,3
SYSN10004958,SH2261002,Garnier Dưỡng ẩm Daily Sunscreen,69000,4.1,42,34,10,4
SYSN10004959,SH2254084,CeraVe Dưỡng ẩm Hyaluronic Acid Serum,273000,4.4,121,217,4,3
SYSN10004960,SH8808525,Paula's Choice Thiên nhiên Gel Cleanser,325000,4.7,121,150,22,1
SYSN10004961,SH1120806,Vaseline Sáng da AHA/BHA Serum,88000,4.7,26,29,34,3
SYSN10004962,SH1456716,Murad VN Tăng cường Foam Cleanser,1377000,4.7,357,238,19,1
SYSN10004963,SH7339540,CeraVe Làm dịu Peptide Serum,578000,4.8,2,3,4,3
SYSN10004964,SH2686022,Shiseido VN Tăng cường AHA/BHA Serum,3718000,4.5,93,75,27,3
SYSN10004965,SH3513725,Bioderma Cao cấp Peptide Serum,721000,4.8,102,95,3,3
SYSN10004966,SH8039841,L'Oreal Chuyên sâu Daily Sunscreen,75000,5.0,15,16,16,4
SYSN10004967,SH9061707,Hada Labo Tăng cường Balm Cleanser,215000,4.4,5,4,11,1
SYSN10004968,SH6007066,The Face Shop Dưỡng ẩm Vitamin C Serum,286000,4.7,11,7,32,3
SYSN10004969,SH5046131,Cosrx Kiểm soát nhờn Tint Sunscreen,400000,4.6,177,260,8,4
SYSN10004970,SH7210394,Kiehl's VN Làm dịu Water Resistant Sunscreen,1988000,4.8,9,16,14,4
SYSN10004971,SH3706779,Pond's Chuyên sâu Hydrating Toner,46000,4.8,297,174,23,5
SYSN10004972,SH2592532,Cocoon Dưỡng ẩm Exfoliating Toner,115000,4.7,103,109,7,5
SYSN10004973,SH2880577,Klairs Dưỡng ẩm Low pH Cleanser,372000,4.8,0,0,15,1
SYSN10004974,SH8742296,Klairs Cao cấp Tint Sunscreen,325000,5.0,21,25,15,4
SYSN10004975,SH9643663,Hada Labo Chống lão hóa AHA/BHA Serum,596000,4.9,207,298,11,3
SYSN10004976,SH9372452,Vaseline Cao cấp Pore Care Toner,151000,5.0,4,6,34,5
SYSN10004977,SH4814610,Laneige Cao cấp Vitamin C Serum,2668000,5.0,0,0,18,3
SYSN10004978,SH3393373,Neutrogena Hiệu quả Hyaluronic Acid Serum,386000,4.4,62,98,20,3
SYSN10004979,SH2080897,Laneige Phục hồi Hydrating Toner,1607000,4.8,73,131,18,5
SYSN10004980,SH1309782,La Roche-Posay Sáng da Daily Sunscreen,337000,4.8,2,3,17,4
SYSN10004981,SH8534286,Cetaphil Chống lão hóa PA++++ Sunscreen,323000,5.0,96,147,5,4
SYSN10004982,SH9736027,Senka Dưỡng ẩm Peptide Serum,144000,4.2,6,11,26,3
SYSN10004983,SH8414740,Neutrogena Làm dịu AHA/BHA Serum,455000,4.3,0,0,20,3
SYSN10004984,SH3808649,Innisfree Dưỡng ẩm Niacinamide Serum,274000,5.0,10,7,13,3
SYSN10004985,SH2565420,Shiseido VN Làm dịu SPF 30 Sunscreen,2037000,4.2,64,75,27,4
SYSN10004986,SH7207171,Hasaki Làm mềm Gel Cleanser,109000,4.6,442,397,12,1
SYSN10004987,SH5499012,Beauty of Joseon VN Hiệu quả PA++++ Sunscreen,202000,4.5,79,105,2,4
SYSN10004988,SH7813283,L'Oreal Nhẹ nhàng Water Resistant Sunscreen,85000,4.7,63,89,16,4
SYSN10004989,SH6938291,Ohui VN Cấp nước Pore Care Toner,944000,4.9,11,12,21,5
SYSN10004990,SH7858412,Clean & Clear Nhẹ nhàng Hydrating Toner,123000,4.4,6,10,6,5
SYSN10004991,SH1800903,Cetaphil Thiên nhiên Hyaluronic Acid Serum,394000,4.5,8,10,5,3
SYSN10004992,SH3604540,Estee Lauder Sáng da Pore Care Toner,752000,4.4,24,24,9,5
SYSN10004993,SH9740376,Ohui VN Chống lão hóa Gel Cleanser,1768000,5.0,22,22,21,1
SYSN10004994,SH6596259,The Face Shop Tăng cường Exfoliating Toner,330000,5.0,18,12,32,5
SYSN10004995,SH3049921,Clean & Clear Trắng sáng Eye Cream Moisturizer,152000,4.7,0,0,6,2
SYSN10004996,SH1716485,SK-II Hiệu quả Exfoliating Toner,542000,4.3,95,168,25,5
SYSN10004997,SH4774541,Bioderma Chuyên sâu AHA/BHA Serum,499000,4.9,24,41,3,3
SYSN10004998,SH8783257,Cosrx Làm mềm Barrier Repair Moisturizer,213000,4.6,13,21,8,2
SYSN10004999,SH1291552,Ohui VN Nhẹ nhàng Gel Cleanser,868000,4.7,23,22,21,1
SYSN10005000,SH6142810,Klairs Làm dịu Niacinamide Serum,646000,5.0,363,371,15,3
SYSN10005001,SH8626886,Cosrx Kiểm soát nhờn Retinol Serum,276000,4.7,6,10,8,3
SYSN10005002,SH7252171,Cosrx Tăng cường Low pH Cleanser,253000,4.8,4,4,8,1
SYSN10005003,SH7860828,Ohui VN Chống lão hóa Tint Sunscreen,1811000,4.4,34,28,21,4
SYSN10005004,SH2322824,Murad VN Phục hồi Vitamin C Serum,1927000,4.5,473,641,19,3
SYSN10005005,SH4918712,Simple Trắng sáng PA++++ Sunscreen,162000,4.7,4,3,28,4
SYSN10005006,SH9506299,Bioderma Hiệu quả Water Resistant Sunscreen,352000,4.5,1,1,3,4
SYSN10005007,SH2455399,Clean & Clear Hiệu quả Hyaluronic Acid Serum,105000,4.4,364,500,6,3
SYSN10005008,SH5031816,Garnier Nhẹ nhàng Niacinamide Serum,101000,4.5,66,76,10,3
SYSN10005009,SH5408947,Cosrx Kiểm soát nhờn SPF 50+ Sunscreen,275000,4.4,49,38,8,4
SYSN10005010,SH3397279,Simple Kiểm soát nhờn Daily Sunscreen,103000,4.7,16,17,28,4
SYSN10005011,SH8469790,Hada Labo Dưỡng ẩm Exfoliating Toner,220000,4.3,74,59,11,5
SYSN10005012,SH5707191,L'Oreal Trắng sáng PA++++ Sunscreen,105000,5.0,1,1,16,4
SYSN10005013,SH2639351,Kiehl's VN Trắng sáng SPF 30 Sunscreen,1264000,4.6,10,16,14,4
SYSN10005014,SH1315979,Hada Labo Nhẹ nhàng Daily Sunscreen,367000,4.3,88,45,11,4
SYSN10005015,SH7138923,The Face Shop Làm dịu Cream Moisturizer,502000,4.4,34,41,32,2
SYSN10005016,SH5439291,The Face Shop Thiên nhiên SPF 50+ Sunscreen,210000,4.3,38,70,32,4
SYSN10005017,SH4096792,Garnier Hiệu quả Oil Cleanser,80000,4.8,9,12,10,1
SYSN10005018,SH4649548,Hada Labo Làm mềm Peptide Serum,322000,4.7,129,212,11,3
SYSN10005019,SH4187422,Bioderma Trắng sáng Peptide Serum,529000,4.5,399,469,3,3
SYSN10005020,SH4845486,Senka Chuyên sâu Vitamin C Serum,248000,4.7,227,114,26,3
SYSN10005021,SH5802115,Klairs Cấp nước Essence Toner,265000,4.4,26,32,15,5
SYSN10005022,SH2606578,The Face Shop Kiểm soát nhờn Niacinamide Serum,766000,4.3,82,66,32,3
SYSN10005023,SH2261524,Garnier Trắng sáng Pore Care Toner,77000,4.3,286,299,10,5
SYSN10005024,SH3934441,The Face Shop Thiên nhiên Gel Cleanser,179000,4.6,86,54,32,1
SYSN10005025,SH8945032,Paula's Choice Trắng sáng Hyaluronic Acid Serum,407000,4.5,50,81,22,3
SYSN10005026,SH3682075,Neutrogena Làm mềm Vitamin C Serum,370000,4.9,238,266,20,3
SYSN10005027,SH2477673,Some By Mi Phục hồi Vitamin C Serum,583000,5.0,37,41,29,3
SYSN10005028,SH6518619,Bioderma Phục hồi AHA/BHA Serum,329000,4.9,37,68,3,3
SYSN10005029,SH4084262,Kiehl's VN Hiệu quả Gel Moisturizer,2345000,5.0,2,3,14,2
SYSN10005030,SH5111867,Klairs Tăng cường Balm Cleanser,211000,4.2,4,6,15,1
SYSN10005031,SH6041756,The Ordinary Chuyên sâu Foam Cleanser,228000,4.7,120,206,33,1
SYSN10005032,SH1872177,Sulwhasoo Phục hồi Exfoliating Toner,1940000,4.8,57,98,31,5
SYSN10005033,SH5646458,Estee Lauder Trắng sáng Gel Cleanser,602000,4.2,0,0,9,1
SYSN10005034,SH3658543,Cocoon Trắng sáng Niacinamide Serum,257000,4.6,42,23,7,3
SYSN10005035,SH4117533,Laneige Cấp nước Hydrating Toner,846000,4.9,7,5,18,5
SYSN10005036,SH3179930,Cosrx Hiệu quả Foam Cleanser,160000,4.4,284,481,8,1
SYSN10005037,SH6567096,L'Oreal Chuyên sâu Daily Sunscreen,199000,4.6,77,112,16,4
SYSN10005038,SH8961085,Klairs Hiệu quả PA++++ Sunscreen,225000,4.3,147,137,15,4
SYSN10005039,SH5088328,Bioderma Cấp nước Oil Cleanser,387000,4.3,230,348,3,1
SYSN10005040,SH6931509,Cosrx Làm dịu Pore Care Toner,301000,4.6,55,45,8,5
SYSN10005041,SH5640157,The Face Shop Nhẹ nhàng SPF 30 Sunscreen,456000,4.4,5,9,32,4
SYSN10005042,SH4218731,Rovectin Thiên nhiên Water Resistant Sunscreen,388000,4.4,7,8,24,4
SYSN10005043,SH5731977,Murad VN Dưỡng ẩm Night Cream Moisturizer,2004000,4.6,80,55,19,2
SYSN10005044,SH3022364,Hada Labo Chống lão hóa Vitamin C Serum,317000,5.0,90,178,11,3
SYSN10005045,SH1056501,Simple Nhẹ nhàng Gel Cleanser,99000,4.8,7,13,28,1
SYSN10005046,SH1519247,Pond's Cao cấp Water Resistant Sunscreen,159000,4.5,20,19,23,4
SYSN10005047,SH9598448,Klairs Dưỡng ẩm Peptide Serum,283000,4.9,102,162,15,3
SYSN10005048,SH8759763,Sulwhasoo Sáng da Essence Toner,985000,4.8,47,88,31,5
SYSN10005049,SH2343481,L'Oreal Chuyên sâu SPF 30 Sunscreen,128000,4.5,259,220,16,4
SYSN10005050,SH1718170,Vaseline Tăng cường Retinol Serum,164000,4.8,17,10,34,3
SYSN10005051,SH3490769,Innisfree Phục hồi Tint Sunscreen,245000,4.5,6,7,13,4
SYSN10005052,SH6660363,Some By Mi Dưỡng ẩm Night Cream Moisturizer,314000,4.6,316,627,29,2
SYSN10005053,SH1111224,Pond's Cấp nước Balm Cleanser,94000,4.1,27,45,23,1
SYSN10005054,SH8390451,CeraVe Trắng sáng SPF 30 Sunscreen,190000,4.7,81,86,4,4
SYSN10005055,SH2533486,Cetaphil Nhẹ nhàng Oil Cleanser,203000,4.6,563,712,5,1
SYSN10005056,SH8686829,Clean & Clear Tăng cường Niacinamide Serum,189000,4.4,104,103,6,3
SYSN10005057,SH1358989,Paula's Choice Cấp nước SPF 30 Sunscreen,320000,4.7,7,7,22,4
SYSN10005058,SH8302025,Rovectin Sáng da Low pH Cleanser,223000,5.0,11,15,24,1
SYSN10005059,SH1607290,Simple Kiểm soát nhờn Hyaluronic Acid Serum,109000,4.6,37,34,28,3
SYSN10005060,SH5363771,Bioderma Làm mềm Peptide Serum,430000,4.4,39,39,3,3
SYSN10005061,SH3763470,Paula's Choice Dưỡng ẩm Pore Care Toner,296000,4.6,611,450,22,5
SYSN10005062,SH3740147,Pond's Chuyên sâu Cream Moisturizer,127000,4.8,679,425,23,2
SYSN10005063,SH1512626,Vaseline Sáng da Eye Cream Moisturizer,70000,4.9,12,22,34,2
SYSN10005064,SH7402018,The Face Shop Dưỡng ẩm SPF 30 Sunscreen,254000,4.7,9,13,32,4
SYSN10005065,SH7212431,Bioderma Chuyên sâu SPF 50+ Sunscreen,360000,4.9,9,5,3,4
SYSN10005066,SH7061123,Innisfree Làm mềm Niacinamide Serum,516000,4.3,18,30,13,3
SYSN10005067,SH9043668,Garnier Cấp nước Balm Cleanser,77000,4.6,2,1,10,1
SYSN10005068,SH3217627,Innisfree Hiệu quả SPF 50+ Sunscreen,271000,4.7,38,20,13,4
SYSN10005069,SH5661219,Garnier Thiên nhiên Water Resistant Sunscreen,69000,4.7,0,0,10,4
SYSN10005070,SH5677995,Hada Labo Cấp nước Night Cream Moisturizer,275000,4.7,54,104,11,2
SYSN10005071,SH7557342,The Face Shop Sáng da Water Resistant Sunscreen,175000,4.5,27,37,32,4
SYSN10005072,SH3050208,Bioderma Làm dịu Essence Toner,170000,4.6,36,47,3,5
SYSN10005073,SH5882674,Pond's Làm dịu Low pH Cleanser,117000,4.5,36,32,23,1
SYSN10005074,SH3526003,Cetaphil Nhẹ nhàng PA++++ Sunscreen,241000,4.9,117,142,5,4
SYSN10005075,SH8973433,Innisfree Kiểm soát nhờn Retinol Serum,497000,4.7,14,12,13,3
SYSN10005076,SH1122324,Paula's Choice Cấp nước PA++++ Sunscreen,221000,5.0,10,8,22,4
SYSN10005077,SH2931889,Cocoon Kiểm soát nhờn Night Cream Moisturizer,193000,4.9,336,508,7,2
SYSN10005078,SH8880122,Innisfree Thiên nhiên Gel Cleanser,288000,4.8,20,20,13,1
SYSN10005079,SH3908207,L'Oreal Chuyên sâu Balm Cleanser,56000,4.9,46,90,16,1
SYSN10005080,SH7617162,St. Ives Hiệu quả Lotion Moisturizer,61000,4.3,28,48,30,2
SYSN10005081,SH7818024,Simple Cấp nước Gel Moisturizer,147000,4.9,6,9,28,2
SYSN10005082,SH4483449,Kiehl's VN Cấp nước Peptide Serum,2332000,4.5,37,62,14,3
SYSN10005083,SH9652230,Hada Labo Cao cấp AHA/BHA Serum,461000,4.9,23,26,11,3
SYSN10005084,SH6247944,Neutrogena Dưỡng ẩm Niacinamide Serum,388000,4.5,60,50,20,3
SYSN10005085,SH5819493,Pond's Tăng cường Barrier Repair Moisturizer,120000,4.6,3,1,23,2
SYSN10005086,SH3963416,The Face Shop Nhẹ nhàng SPF 50+ Sunscreen,324000,4.7,2043,3669,32,4
SYSN10005087,SH3733001,Murad VN Hiệu quả Cream Moisturizer,1663000,4.7,310,537,19,2
SYSN10005088,SH8152401,Neutrogena Kiểm soát nhờn Brightening Toner,167000,4.9,12,17,20,5
SYSN10005089,SH6303898,The Ordinary Trắng sáng Retinol Serum,366000,4.6,16,11,33,3
SYSN10005090,SH6487058,Cocoon Làm mềm Barrier Repair Moisturizer,79000,4.6,30,38,7,2
SYSN10005091,SH3928532,The Face Shop Chuyên sâu Essence Toner,355000,4.4,106,129,32,5
SYSN10005092,SH6212898,L'Oreal Cấp nước Hydrating Toner,77000,4.8,56,103,16,5
SYSN10005093,SH7948604,Cetaphil Trắng sáng Oil Cleanser,319000,4.4,805,1451,5,1
SYSN10005094,SH7106894,Kiehl's VN Hiệu quả Barrier Repair Moisturizer,1566000,4.8,41,23,14,2
SYSN10005095,SH9167778,The Face Shop Chuyên sâu AHA/BHA Serum,373000,4.3,143,261,32,3
SYSN10005096,SH7198425,Anessa Cấp nước Low pH Cleanser,154000,4.7,82,127,1,1
SYSN10005097,SH7901481,La Roche-Posay Làm dịu Water Resistant Sunscreen,295000,4.4,27,31,17,4
SYSN10005098,SH3900531,Simple Sáng da Peptide Serum,147000,4.7,4,6,28,3
SYSN10005099,SH6698389,Shiseido VN Phục hồi Micellar Cleanser,1750000,4.8,73,132,27,1
SYSN10005100,SH8094015,Hada Labo Chuyên sâu Pore Care Toner,169000,4.6,3,5,11,5
SYSN10005101,SH9502419,Cocoon Hiệu quả SPF 30 Sunscreen,262000,4.3,3,2,7,4
SYSN10005102,SH1727584,L'Oreal Hiệu quả Hydrating Toner,114000,4.7,3,3,16,5
SYSN10005103,SH9987148,Hasaki Thiên nhiên AHA/BHA Serum,261000,4.4,14,25,12,3
SYSN10005104,SH6894194,Vaseline Nhẹ nhàng Niacinamide Serum,226000,4.4,10,6,34,3
SYSN10005105,SH6851527,Clean & Clear Hiệu quả Balm Cleanser,91000,5.0,26,43,6,1
SYSN10005106,SH6294788,Bioderma Trắng sáng Foam Cleanser,203000,4.5,16,20,3,1
SYSN10005107,SH1275536,Pond's Kiểm soát nhờn Retinol Serum,156000,4.2,250,382,23,3
SYSN10005108,SH4535032,Anessa Hiệu quả AHA/BHA Serum,569000,4.7,14,9,1,3
SYSN10005109,SH6742335,Ohui VN Thiên nhiên Cream Moisturizer,1864000,4.6,6,9,21,2
SYSN10005110,SH3668559,Neutrogena Chống lão hóa Exfoliating Toner,198000,4.9,25,45,20,5
SYSN10005111,SH3477463,Vaseline Cấp nước Barrier Repair Moisturizer,61000,4.6,30,54,34,2
SYSN10005112,SH4684950,Cetaphil Kiểm soát nhờn Tint Sunscreen,296000,4.6,52,91,5,4
SYSN10005113,SH6890539,Neutrogena Sáng da Vitamin C Serum,308000,4.3,18,11,20,3
SYSN10005114,SH9880992,St. Ives Hiệu quả Foam Cleanser,71000,4.5,267,510,30,1
SYSN10005115,SH8477568,Anessa Phục hồi Pore Care Toner,155000,4.9,1,1,1,5
SYSN10005116,SH9768275,The Face Shop Chuyên sâu Hydrating Toner,221000,4.5,2,1,32,5
SYSN10005117,SH6358337,Pond's Chống lão hóa Brightening Toner,83000,4.8,20,30,23,5
SYSN10005118,SH9515685,Murad VN Hiệu quả Water Resistant Sunscreen,937000,4.5,1,1,19,4
SYSN10005119,SH6727764,La Roche-Posay Làm mềm Essence Toner,405000,4.5,35,64,17,5
SYSN10005120,SH4492297,Klairs Làm dịu Niacinamide Serum,319000,4.6,34,46,15,3
SYSN10005121,SH3814324,Hasaki Phục hồi Brightening Toner,162000,4.8,10,5,12,5
SYSN10005122,SH2698554,Pond's Phục hồi Brightening Toner,125000,4.5,19,25,23,5
SYSN10005123,SH4285957,Senka Dưỡng ẩm Foam Cleanser,83000,5.0,9,14,26,1
SYSN10005124,SH5239177,Simple Hiệu quả Peptide Serum,229000,4.7,312,590,28,3
SYSN10005125,SH9110374,Clean & Clear Làm dịu Night Cream Moisturizer,86000,5.0,72,43,6,2
SYSN10005126,SH3267912,Anessa Tăng cường Oil Cleanser,304000,4.8,51,101,1,1
SYSN10005127,SH7480304,Paula's Choice Trắng sáng Gel Cleanser,161000,4.5,81,50,22,1
SYSN10005128,SH9259287,Klairs Cao cấp Vitamin C Serum,529000,4.4,23,21,15,3
SYSN10005129,SH1406023,L'Oreal Cấp nước Water Resistant Sunscreen,153000,4.5,26,44,16,4
SYSN10005130,SH6044864,Hada Labo Chống lão hóa Exfoliating Toner,264000,4.3,37,39,11,5
SYSN10005131,SH8620567,La Roche-Posay Cấp nước SPF 50+ Sunscreen,194000,4.5,71,137,17,4
SYSN10005132,SH2977669,Klairs Trắng sáng Lotion Moisturizer,429000,4.5,129,72,15,2
SYSN10005133,SH1779927,Estee Lauder Nhẹ nhàng Pore Care Toner,1216000,4.6,10,15,9,5
SYSN10005134,SH8190073,Clean & Clear Cao cấp Daily Sunscreen,101000,4.6,227,365,6,4
SYSN10005135,SH4773511,St. Ives Hiệu quả SPF 30 Sunscreen,112000,4.5,299,328,30,4
SYSN10005136,SH1347780,Pond's Trắng sáng Pore Care Toner,56000,4.1,10,17,23,5
SYSN10005137,SH5737123,L'Oreal Kiểm soát nhờn Oil Cleanser,88000,4.4,76,99,16,1
SYSN10005138,SH5438649,Senka Phục hồi Retinol Serum,118000,4.6,6,10,26,3
SYSN10005139,SH1393512,Some By Mi Dưỡng ẩm Gel Cleanser,216000,4.3,378,276,29,1
SYSN10005140,SH5875697,Bioderma Cấp nước Water Resistant Sunscreen,257000,4.5,19,32,3,4
SYSN10005141,SH3366658,Cetaphil Cao cấp Tint Sunscreen,503000,4.6,194,335,5,4
SYSN10005142,SH3940683,Vaseline Làm mềm Vitamin C Serum,215000,4.7,55,108,34,3
SYSN10005143,SH5332463,La Roche-Posay Thiên nhiên AHA/BHA Serum,462000,4.5,65,86,17,3
SYSN10005144,SH2800435,Ohui VN Trắng sáng AHA/BHA Serum,2816000,4.6,54,40,21,3
SYSN10005145,SH8791765,Bioderma Chuyên sâu Hyaluronic Acid Serum,498000,4.6,20,37,3,3
SYSN10005146,SH9905370,Hada Labo Sáng da Vitamin C Serum,358000,4.1,4,7,11,3
SYSN10005147,SH2430216,Hada Labo Chống lão hóa PA++++ Sunscreen,377000,4.6,149,149,11,4
SYSN10005148,SH1110229,Simple Hiệu quả Niacinamide Serum,155000,4.8,24,45,28,3
SYSN10005149,SH5879230,Hada Labo Trắng sáng Micellar Cleanser,254000,4.7,114,137,11,1
SYSN10005150,SH8828476,Clean & Clear Phục hồi Lotion Moisturizer,151000,4.9,96,90,6,2
SYSN10005151,SH9242860,Hada Labo Chuyên sâu Peptide Serum,432000,5.0,17,26,11,3
SYSN10005152,SH4767384,Hada Labo Dưỡng ẩm Brightening Toner,276000,4.4,9,14,11,5
SYSN10005153,SH1284681,Some By Mi Nhẹ nhàng AHA/BHA Serum,601000,5.0,7,12,29,3
SYSN10005154,SH2637387,Laneige Tăng cường Gel Cleanser,1560000,4.4,63,90,18,1
SYSN10005155,SH9181645,Garnier Làm dịu Low pH Cleanser,126000,4.4,59,110,10,1
SYSN10005156,SH6780919,Cosrx Nhẹ nhàng Pore Care Toner,190000,4.6,31,47,8,5
SYSN10005157,SH1290389,Pond's Thiên nhiên Retinol Serum,129000,4.5,198,228,23,3
SYSN10005158,SH9978269,Sulwhasoo Dưỡng ẩm Exfoliating Toner,944000,4.9,1,0,31,5
SYSN10005159,SH7835243,Bioderma Phục hồi Balm Cleanser,327000,4.5,9,7,3,1
SYSN10005160,SH5174633,Ohui VN Chuyên sâu Peptide Serum,1597000,4.6,42,38,21,3
SYSN10005161,SH9233802,Hada Labo Trắng sáng Gel Moisturizer,360000,4.6,288,465,11,2
SYSN10005162,SH3349800,Neutrogena Phục hồi Low pH Cleanser,148000,4.3,9,9,20,1
SYSN10005163,SH6630421,Klairs Chống lão hóa Daily Sunscreen,430000,4.5,40,26,15,4
SYSN10005164,SH3589815,The Face Shop Kiểm soát nhờn Micellar Cleanser,184000,4.8,86,91,32,1
SYSN10005165,SH8800812,Anessa Chống lão hóa Cream Moisturizer,265000,4.8,292,318,1,2
SYSN10005166,SH5382797,Cosrx Làm dịu AHA/BHA Serum,331000,5.0,268,503,8,3
SYSN10005167,SH9657780,Anessa Cấp nước Water Resistant Sunscreen,187000,4.6,99,168,1,4
SYSN10005168,SH7233855,SK-II Phục hồi Gel Cleanser,1675000,4.7,6,9,25,1
SYSN10005169,SH6487665,Rovectin Chuyên sâu Low pH Cleanser,138000,4.8,99,50,24,1
SYSN10005170,SH9131851,Rovectin Dưỡng ẩm Pore Care Toner,344000,4.7,62,69,24,5
SYSN10005171,SH3999773,Bioderma Trắng sáng SPF 30 Sunscreen,222000,4.6,16,18,3,4
SYSN10005172,SH3139897,Cetaphil Chống lão hóa Balm Cleanser,252000,4.7,183,344,5,1
SYSN10005173,SH1259474,Kiehl's VN Cấp nước SPF 50+ Sunscreen,1174000,4.8,50,74,14,4
SYSN10005174,SH7834768,Sulwhasoo Làm dịu Hyaluronic Acid Serum,1736000,4.7,26,17,31,3
SYSN10005175,SH8759060,Simple Làm dịu Vitamin C Serum,114000,5.0,72,129,28,3
SYSN10005176,SH4947642,Shiseido VN Kiểm soát nhờn Balm Cleanser,1059000,4.5,197,376,27,1
SYSN10005177,SH8966256,Some By Mi Làm mềm Retinol Serum,466000,4.3,38,23,29,3
SYSN10005178,SH1075409,Beauty of Joseon VN Phục hồi Micellar Cleanser,393000,4.5,326,570,2,1
SYSN10005179,SH9827514,Klairs Dưỡng ẩm PA++++ Sunscreen,173000,4.3,41,20,15,4
SYSN10005180,SH1750347,Kiehl's VN Chống lão hóa Exfoliating Toner,1490000,4.8,184,329,14,5
SYSN10005181,SH1552583,Clean & Clear Làm dịu AHA/BHA Serum,83000,4.5,65,47,6,3
SYSN10005182,SH8594467,Anessa Tăng cường Daily Sunscreen,363000,4.5,100,194,1,4
SYSN10005183,SH1733970,Hada Labo Cấp nước Gel Moisturizer,205000,4.7,26,51,11,2
SYSN10005184,SH9580834,Rovectin Hiệu quả Water Resistant Sunscreen,460000,4.9,172,89,24,4
SYSN10005185,SH7665472,Bioderma Kiểm soát nhờn Retinol Serum,471000,4.7,30,53,3,3
SYSN10005186,SH8621945,Garnier Dưỡng ẩm Retinol Serum,125000,4.8,3,1,10,3
SYSN10005187,SH8841285,Anessa Cao cấp Gel Moisturizer,342000,4.2,143,152,1,2
SYSN10005188,SH1998397,Cosrx Trắng sáng AHA/BHA Serum,276000,4.6,0,0,8,3
SYSN10005189,SH6171636,Garnier Sáng da AHA/BHA Serum,168000,4.4,28,49,10,3
SYSN10005190,SH3810081,The Face Shop Làm dịu Foam Cleanser,248000,4.7,3145,4891,32,1
SYSN10005191,SH6432543,St. Ives Sáng da Micellar Cleanser,69000,4.9,139,142,30,1
SYSN10005192,SH9799204,L'Oreal Tăng cường Micellar Cleanser,96000,4.8,481,604,16,1
SYSN10005193,SH4616283,Shiseido VN Chuyên sâu Night Cream Moisturizer,1326000,4.7,19,27,27,2
SYSN10005194,SH7135067,La Roche-Posay Làm mềm Eye Cream Moisturizer,301000,4.4,338,274,17,2
SYSN10005195,SH1957962,Neutrogena Chuyên sâu Peptide Serum,545000,4.2,6,11,20,3
SYSN10005196,SH3631108,Simple Tăng cường Pore Care Toner,111000,4.3,86,127,28,5
SYSN10005197,SH5611025,Ohui VN Trắng sáng Low pH Cleanser,1490000,4.1,2,1,21,1
SYSN10005198,SH5690283,Simple Kiểm soát nhờn Foam Cleanser,53000,4.5,102,102,28,1
SYSN10005199,SH3924441,Klairs Sáng da Gel Cleanser,269000,4.3,26,29,15,1
SYSN10005200,SH9275354,Hasaki Thiên nhiên Essence Toner,155000,4.8,241,357,12,5
SYSN10005201,SH9350655,Senka Trắng sáng Vitamin C Serum,134000,5.0,132,122,26,3
SYSN10005202,SH3161704,Vaseline Chuyên sâu Exfoliating Toner,84000,4.9,7,6,34,5
SYSN10005203,SH8119368,Senka Làm dịu Water Resistant Sunscreen,110000,4.4,2,3,26,4
SYSN10005204,SH3555929,Simple Cấp nước Retinol Serum,182000,4.0,92,83,28,3
SYSN10005205,SH1078329,Hasaki Dưỡng ẩm Low pH Cleanser,154000,4.5,4467,3140,12,1
SYSN10005206,SH5518357,Laneige Nhẹ nhàng Micellar Cleanser,964000,4.5,75,125,18,1
SYSN10005207,SH5819487,St. Ives Cao cấp Gel Moisturizer,65000,4.5,25,32,30,2
SYSN10005208,SH6591855,Some By Mi Phục hồi Water Resistant Sunscreen,445000,4.6,218,252,29,4
SYSN10005209,SH1619977,Cocoon Dưỡng ẩm Low pH Cleanser,88000,4.4,8,12,7,1
SYSN10005210,SH1240903,Rovectin Kiểm soát nhờn Vitamin C Serum,307000,4.5,15,25,24,3
SYSN10005211,SH6775461,Some By Mi Làm mềm Balm Cleanser,369000,5.0,47,55,29,1
SYSN10005212,SH9409580,Kiehl's VN Thiên nhiên Exfoliating Toner,929000,4.7,475,842,14,5
SYSN10005213,SH7939415,Cetaphil Kiểm soát nhờn Lotion Moisturizer,469000,4.2,91,121,5,2
SYSN10005214,SH9001949,Sulwhasoo Kiểm soát nhờn Micellar Cleanser,601000,4.6,1212,1560,31,1
SYSN10005215,SH1901788,Beauty of Joseon VN Dưỡng ẩm SPF 50+ Sunscreen,335000,4.6,49,37,2,4
SYSN10005216,SH9551602,Bioderma Sáng da Tint Sunscreen,249000,4.7,31,31,3,4
SYSN10005217,SH2984160,Hasaki Làm dịu Gel Cleanser,149000,5.0,16,24,12,1
SYSN10005218,SH1677328,Clean & Clear Làm mềm Retinol Serum,108000,4.4,76,86,6,3
SYSN10005219,SH4318928,CeraVe Trắng sáng AHA/BHA Serum,440000,4.3,717,933,4,3
SYSN10005220,SH3989102,Vaseline Chống lão hóa Lotion Moisturizer,148000,4.7,97,132,34,2
SYSN10005221,SH8721958,Shiseido VN Sáng da Vitamin C Serum,1852000,4.9,3,5,27,3
SYSN10005222,SH8730667,Cosrx Làm mềm Niacinamide Serum,460000,4.1,7,6,8,3
SYSN10005223,SH6567363,Klairs Kiểm soát nhờn Peptide Serum,375000,4.8,294,413,15,3
SYSN10005224,SH5242849,Hada Labo Làm mềm Lotion Moisturizer,295000,4.5,11,21,11,2
SYSN10005225,SH4560704,Clean & Clear Kiểm soát nhờn Balm Cleanser,117000,4.6,105,165,6,1
SYSN10005226,SH6308143,St. Ives Làm dịu Tint Sunscreen,84000,5.0,32,41,30,4
SYSN10005227,SH2129844,Sulwhasoo Nhẹ nhàng SPF 30 Sunscreen,1698000,4.2,343,637,31,4
SYSN10005228,SH2086937,La Roche-Posay Chuyên sâu Foam Cleanser,300000,4.3,11,7,17,1
SYSN10005229,SH9917500,St. Ives Thiên nhiên SPF 30 Sunscreen,80000,4.6,27,43,30,4
SYSN10005230,SH2578264,Innisfree Tăng cường PA++++ Sunscreen,497000,4.6,2,2,13,4
SYSN10005231,SH9727784,Paula's Choice Trắng sáng Retinol Serum,608000,5.0,56,86,22,3
SYSN10005232,SH6499272,Anessa Làm dịu Low pH Cleanser,346000,4.1,4,5,1,1
SYSN10005233,SH5848198,The Face Shop Chống lão hóa AHA/BHA Serum,543000,4.5,0,0,32,3
SYSN10005234,SH4483978,Garnier Làm dịu Night Cream Moisturizer,93000,4.8,45,44,10,2
SYSN10005235,SH3581318,L'Oreal Dưỡng ẩm AHA/BHA Serum,119000,4.6,75,60,16,3
SYSN10005236,SH7381032,Murad VN Dưỡng ẩm Gel Cleanser,1598000,4.1,21,10,19,1
SYSN10005237,SH7964536,Neutrogena Làm dịu SPF 30 Sunscreen,417000,4.9,50,25,20,4
SYSN10005238,SH5659571,Bioderma Cấp nước Lotion Moisturizer,274000,4.7,590,360,3,2
SYSN10005239,SH3529125,St. Ives Tăng cường Retinol Serum,76000,4.5,1,0,30,3
SYSN10005240,SH3192890,Murad VN Làm mềm Gel Cleanser,1437000,4.3,47,69,19,1
SYSN10005241,SH9992323,Neutrogena Làm dịu Barrier Repair Moisturizer,261000,4.2,70,73,20,2
SYSN10005242,SH3579750,L'Oreal Làm mềm Low pH Cleanser,66000,4.4,2,3,16,1
SYSN10005243,SH7804944,Hasaki Dưỡng ẩm Gel Moisturizer,112000,4.6,107,197,12,2
SYSN10005244,SH8940166,SK-II Chống lão hóa Balm Cleanser,681000,4.5,5,5,25,1
SYSN10005245,SH4782684,Laneige Cấp nước Hyaluronic Acid Serum,2220000,4.7,173,143,18,3
SYSN10005246,SH3581014,Cetaphil Kiểm soát nhờn SPF 50+ Sunscreen,437000,4.4,7,9,5,4
SYSN10005247,SH1710399,The Face Shop Kiểm soát nhờn Balm Cleanser,232000,4.9,88,49,32,1
SYSN10005248,SH9801756,L'Oreal Thiên nhiên SPF 30 Sunscreen,135000,5.0,18,9,16,4
SYSN10005249,SH6099973,Sulwhasoo Dưỡng ẩm Hydrating Toner,1062000,4.7,7,6,31,5
SYSN10005250,SH7571272,Senka Cao cấp AHA/BHA Serum,186000,4.3,12,12,26,3
SYSN10005251,SH7658955,Senka Kiểm soát nhờn Micellar Cleanser,90000,4.1,8,14,26,1
SYSN10005252,SH4048110,Garnier Làm dịu Exfoliating Toner,128000,4.9,24,13,10,5
SYSN10005253,SH8207257,Cosrx Cao cấp Vitamin C Serum,277000,4.8,17,30,8,3
SYSN10005254,SH2317582,L'Oreal Tăng cường Exfoliating Toner,131000,4.8,56,91,16,5
SYSN10005255,SH7675580,Senka Kiểm soát nhờn SPF 30 Sunscreen,132000,5.0,14,9,26,4
SYSN10005256,SH3207907,Cosrx Hiệu quả AHA/BHA Serum,568000,4.2,2,2,8,3
SYSN10005257,SH1375127,Klairs Phục hồi Hyaluronic Acid Serum,517000,4.7,165,119,15,3
SYSN10005258,SH9831969,La Roche-Posay Làm mềm Exfoliating Toner,284000,4.3,326,621,17,5
SYSN10005259,SH9192440,Rovectin Chuyên sâu Gel Cleanser,203000,5.0,19,25,24,1
SYSN10005260,SH9131814,Anessa Trắng sáng Niacinamide Serum,414000,4.8,26,51,1,3
SYSN10005261,SH7305729,Pond's Hiệu quả Tint Sunscreen,78000,4.6,30,27,23,4
SYSN10005262,SH7088470,Kiehl's VN Thiên nhiên Eye Cream Moisturizer,1431000,3.8,5,4,14,2
SYSN10005263,SH1901838,Some By Mi Sáng da Vitamin C Serum,398000,4.4,34,36,29,3
SYSN10005264,SH8097969,Bioderma Tăng cường AHA/BHA Serum,324000,4.8,199,239,3,3
SYSN10005265,SH5890204,L'Oreal Chống lão hóa Peptide Serum,161000,4.6,43,42,16,3
SYSN10005266,SH4058567,Innisfree Kiểm soát nhờn Foam Cleanser,190000,4.8,9,13,13,1
SYSN10005267,SH4121790,Sulwhasoo Chống lão hóa Foam Cleanser,1565000,4.7,96,190,31,1
SYSN10005268,SH3740376,Cosrx Chống lão hóa Hyaluronic Acid Serum,303000,4.7,99,81,8,3
SYSN10005269,SH1710798,Some By Mi Làm dịu Daily Sunscreen,388000,4.9,2,3,29,4
SYSN10005270,SH3597886,Anessa Chống lão hóa Gel Moisturizer,358000,4.5,34,29,1,2
SYSN10005271,SH6846066,Paula's Choice Thiên nhiên SPF 30 Sunscreen,317000,4.7,81,44,22,4
SYSN10005272,SH5669680,Shiseido VN Làm mềm AHA/BHA Serum,2549000,4.8,49,32,27,3
SYSN10005273,SH9530616,L'Oreal Làm mềm Water Resistant Sunscreen,100000,4.4,27,39,16,4
SYSN10005274,SH5495743,La Roche-Posay Sáng da Essence Toner,324000,4.4,1016,1026,17,5
SYSN10005275,SH4774790,The Ordinary Chống lão hóa Oil Cleanser,304000,4.6,25,19,33,1
SYSN10005276,SH8310364,La Roche-Posay Kiểm soát nhờn Vitamin C Serum,452000,4.7,446,626,17,3
SYSN10005277,SH2643732,Innisfree Chống lão hóa Hydrating Toner,358000,4.5,89,80,13,5
SYSN10005278,SH7391943,Vaseline Hiệu quả Daily Sunscreen,125000,4.2,58,78,34,4
SYSN10005279,SH3184185,Senka Cao cấp Hyaluronic Acid Serum,102000,5.0,0,0,26,3
SYSN10005280,SH2855074,Pond's Hiệu quả Essence Toner,86000,4.4,2,3,23,5
SYSN10005281,SH3396368,Hada Labo Trắng sáng Hydrating Toner,215000,4.7,315,357,11,5
SYSN10005282,SH5451132,Senka Cao cấp Water Resistant Sunscreen,136000,4.5,26,50,26,4
SYSN10005283,SH5849642,Bioderma Chống lão hóa PA++++ Sunscreen,435000,4.1,36,63,3,4
SYSN10005284,SH4773549,Senka Cao cấp Hyaluronic Acid Serum,122000,4.8,108,76,26,3
SYSN10005285,SH4485520,Hasaki Chuyên sâu AHA/BHA Serum,177000,4.2,11,13,12,3
SYSN10005286,SH2089823,L'Oreal Sáng da Cream Moisturizer,136000,4.4,150,150,16,2
SYSN10005287,SH5039453,Ohui VN Tăng cường AHA/BHA Serum,2171000,5.0,81,128,21,3
SYSN10005288,SH8452705,Cetaphil Làm dịu Night Cream Moisturizer,460000,4.6,388,357,5,2
SYSN10005289,SH3740150,Rovectin Làm dịu Hyaluronic Acid Serum,490000,4.9,3,3,24,3
SYSN10005290,SH1667618,La Roche-Posay Nhẹ nhàng Cream Moisturizer,279000,4.0,3,4,17,2
SYSN10005291,SH7572119,Hasaki Tăng cường Vitamin C Serum,172000,4.5,32,45,12,3
SYSN10005292,SH1331305,Laneige Chuyên sâu Peptide Serum,3306000,4.6,330,177,18,3
SYSN10005293,SH2197664,La Roche-Posay Phục hồi AHA/BHA Serum,301000,4.5,290,463,17,3
SYSN10005294,SH7949934,Hasaki Dưỡng ẩm Foam Cleanser,138000,4.8,14,13,12,1
SYSN10005295,SH4471949,La Roche-Posay Chuyên sâu Hyaluronic Acid Serum,271000,5.0,118,72,17,3
SYSN10005296,SH6309945,Cetaphil Làm mềm Pore Care Toner,239000,4.1,11824,6601,5,5
SYSN10005297,SH5443931,Cetaphil Trắng sáng Hydrating Toner,415000,4.1,20,25,5,5
SYSN10005298,SH3207715,Klairs Nhẹ nhàng Hyaluronic Acid Serum,428000,4.6,43,81,15,3
SYSN10005299,SH6619594,Paula's Choice Trắng sáng Gel Cleanser,383000,4.5,7,4,22,1
SYSN10005300,SH7203961,Innisfree Phục hồi Hydrating Toner,242000,4.0,17,24,13,5
SYSN10005301,SH5274081,Sulwhasoo Chuyên sâu Vitamin C Serum,2062000,4.0,172,332,31,3
SYSN10005302,SH4356588,Cosrx Làm mềm Cream Moisturizer,291000,4.7,277,345,8,2
SYSN10005303,SH6136886,Cetaphil Chuyên sâu Peptide Serum,538000,4.8,841,825,5,3
SYSN10005304,SH8189268,Hada Labo Nhẹ nhàng Cream Moisturizer,337000,4.9,44,66,11,2
SYSN10005305,SH1250558,Bioderma Chuyên sâu Essence Toner,213000,5.0,130,244,3,5
SYSN10005306,SH5511227,Cosrx Trắng sáng Balm Cleanser,245000,4.7,351,582,8,1
SYSN10005307,SH8577767,Simple Cao cấp Low pH Cleanser,112000,4.6,65,124,28,1
SYSN10005308,SH6132214,Garnier Cao cấp Oil Cleanser,123000,4.3,55,87,10,1
SYSN10005309,SH4216496,Ohui VN Làm dịu Micellar Cleanser,1220000,4.8,1692,1601,21,1
SYSN10005310,SH9934644,Neutrogena Phục hồi Niacinamide Serum,471000,4.6,28,53,20,3
SYSN10005311,SH2392690,Hada Labo Trắng sáng Balm Cleanser,237000,4.5,45,25,11,1
SYSN10005312,SH5548130,Anessa Chống lão hóa Brightening Toner,202000,4.7,420,329,1,5
SYSN10005313,SH9516094,L'Oreal Làm mềm Tint Sunscreen,130000,4.6,12,7,16,4
SYSN10005314,SH4742770,Hasaki Sáng da Balm Cleanser,112000,4.7,281,407,12,1
SYSN10005315,SH8623654,Murad VN Tăng cường Gel Cleanser,1039000,4.4,2947,4021,19,1
SYSN10005316,SH3751054,Hada Labo Cấp nước AHA/BHA Serum,431000,4.5,53,27,11,3
SYSN10005317,SH7398092,Cetaphil Chống lão hóa Barrier Repair Moisturizer,339000,4.7,40,58,5,2
SYSN10005318,SH2851446,Hada Labo Hiệu quả Night Cream Moisturizer,455000,4.7,45,88,11,2
SYSN10005319,SH9011739,Senka Chuyên sâu Retinol Serum,195000,4.6,264,286,26,3
SYSN10005320,SH6812234,Sulwhasoo Phục hồi Exfoliating Toner,2018000,4.7,43,24,31,5
SYSN10005321,SH6942839,Beauty of Joseon VN Tăng cường Daily Sunscreen,512000,4.2,52,27,2,4
SYSN10005322,SH4659331,Some By Mi Kiểm soát nhờn Gel Cleanser,223000,4.4,66,37,29,1
SYSN10005323,SH8232325,La Roche-Posay Thiên nhiên Hyaluronic Acid Serum,532000,4.4,66,124,17,3
SYSN10005324,SH4543054,Neutrogena Làm dịu Retinol Serum,385000,4.7,3189,3592,20,3
SYSN10005325,SH2973851,Senka Sáng da SPF 50+ Sunscreen,135000,5.0,1,1,26,4
SYSN10005326,SH9276464,Ohui VN Cấp nước Exfoliating Toner,977000,4.6,25,32,21,5
SYSN10005327,SH2569938,Simple Sáng da Hyaluronic Acid Serum,152000,4.7,37,72,28,3
SYSN10005328,SH9283023,Rovectin Phục hồi PA++++ Sunscreen,169000,4.5,146,147,24,4
SYSN10005329,SH3219164,Innisfree Cao cấp Barrier Repair Moisturizer,402000,4.5,90,165,13,2
SYSN10005330,SH1987974,The Face Shop Sáng da Retinol Serum,289000,4.3,166,136,32,3
SYSN10005331,SH4412123,Cetaphil Tăng cường Oil Cleanser,206000,4.5,13,21,5,1
SYSN10005332,SH4387982,Neutrogena Làm dịu Niacinamide Serum,464000,5.0,9,12,20,3
SYSN10005333,SH1432349,La Roche-Posay Hiệu quả Vitamin C Serum,410000,4.8,75,60,17,3
SYSN10005334,SH3553925,Paula's Choice Kiểm soát nhờn Essence Toner,380000,4.6,34,60,22,5
SYSN10005335,SH8785268,Senka Dưỡng ẩm Peptide Serum,100000,4.9,1,1,26,3
SYSN10005336,SH1309980,Simple Trắng sáng Oil Cleanser,54000,4.3,291,363,28,1
SYSN10005337,SH7688721,Cocoon Làm dịu Water Resistant Sunscreen,191000,4.4,74,116,7,4
SYSN10005338,SH8447582,The Ordinary Cao cấp Low pH Cleanser,304000,4.8,163,113,33,1
SYSN10005339,SH4021241,Senka Dưỡng ẩm Tint Sunscreen,80000,4.7,22,28,26,4
SYSN10005340,SH9898656,Cetaphil Nhẹ nhàng Essence Toner,203000,4.5,495,683,5,5
SYSN10005341,SH4644312,Neutrogena Sáng da Balm Cleanser,436000,5.0,67,118,20,1
SYSN10005342,SH1715546,Bioderma Kiểm soát nhờn SPF 50+ Sunscreen,427000,4.6,115,87,3,4
SYSN10005343,SH4768057,Rovectin Phục hồi Micellar Cleanser,379000,4.6,60,90,24,1
SYSN10005344,SH6524540,Senka Kiểm soát nhờn Vitamin C Serum,184000,4.7,1249,1445,26,3
SYSN10005345,SH9868896,St. Ives Trắng sáng Exfoliating Toner,145000,4.5,1,1,30,5
SYSN10005346,SH9173892,Some By Mi Chống lão hóa Peptide Serum,722000,4.9,107,139,29,3
SYSN10005347,SH3678466,Rovectin Hiệu quả Essence Toner,275000,4.3,92,61,24,5
SYSN10005348,SH8167189,Sulwhasoo Cấp nước SPF 50+ Sunscreen,1114000,4.4,0,0,31,4
SYSN10005349,SH7199511,Anessa Nhẹ nhàng Foam Cleanser,316000,5.0,366,648,1,1
SYSN10005350,SH1696343,The Face Shop Nhẹ nhàng Hyaluronic Acid Serum,304000,4.6,10,14,32,3
SYSN10005351,SH4248715,Bioderma Cấp nước Water Resistant Sunscreen,201000,4.6,238,307,3,4
SYSN10005352,SH3009969,Beauty of Joseon VN Kiểm soát nhờn Vitamin C Serum,382000,4.7,10,19,2,3
SYSN10005353,SH6548917,Murad VN Hiệu quả Oil Cleanser,863000,4.3,182,360,19,1
SYSN10005354,SH4378985,Kiehl's VN Thiên nhiên Low pH Cleanser,982000,4.4,214,114,14,1
SYSN10005355,SH9839210,Simple Nhẹ nhàng Lotion Moisturizer,107000,4.6,6,9,28,2
SYSN10005356,SH4789853,La Roche-Posay Hiệu quả Barrier Repair Moisturizer,401000,4.2,58,108,17,2
SYSN10005357,SH5218973,Simple Chống lão hóa Eye Cream Moisturizer,146000,4.4,68,69,28,2
SYSN10005358,SH6160098,Simple Hiệu quả Niacinamide Serum,113000,4.8,9,6,28,3
SYSN10005359,SH4355432,Murad VN Dưỡng ẩm SPF 30 Sunscreen,2031000,4.0,310,431,19,4
SYSN10005360,SH6585848,St. Ives Làm mềm Oil Cleanser,132000,5.0,11,11,30,1
SYSN10005361,SH7438905,Hasaki Chuyên sâu Daily Sunscreen,122000,4.7,25,39,12,4
SYSN10005362,SH4032710,Bioderma Làm dịu SPF 50+ Sunscreen,445000,4.8,4,7,3,4
SYSN10005363,SH3513749,Cosrx Phục hồi AHA/BHA Serum,461000,4.8,9,12,8,3
SYSN10005364,SH5061379,Garnier Chuyên sâu Hydrating Toner,117000,4.8,81,91,10,5
SYSN10005365,SH8953616,Innisfree Làm mềm AHA/BHA Serum,447000,4.3,47,37,13,3
SYSN10005366,SH2442367,Cocoon Làm dịu AHA/BHA Serum,292000,4.8,14,19,7,3
SYSN10005367,SH4393295,The Ordinary Kiểm soát nhờn Barrier Repair Moisturizer,233000,4.5,12,22,33,2
SYSN10005368,SH5184341,Clean & Clear Kiểm soát nhờn Night Cream Moisturizer,123000,4.9,124,178,6,2
SYSN10005369,SH8903724,Neutrogena Làm dịu SPF 30 Sunscreen,385000,4.4,31,50,20,4
SYSN10005370,SH3142714,Neutrogena Hiệu quả Vitamin C Serum,667000,4.9,311,403,20,3
SYSN10005371,SH4737153,Clean & Clear Sáng da Exfoliating Toner,113000,4.7,6,11,6,5
SYSN10005372,SH5336203,Cetaphil Chuyên sâu PA++++ Sunscreen,419000,4.8,155,80,5,4
SYSN10005373,SH7006761,Klairs Tăng cường Oil Cleanser,125000,5.0,0,0,15,1
SYSN10005374,SH8348994,Murad VN Làm dịu Water Resistant Sunscreen,2976000,4.7,1,0,19,4
SYSN10005375,SH4370328,Hasaki Nhẹ nhàng AHA/BHA Serum,154000,4.8,5,7,12,3
SYSN10005376,SH3757794,Laneige Cao cấp Barrier Repair Moisturizer,1394000,4.4,80,140,18,2
SYSN10005377,SH9715207,Cetaphil Cao cấp Exfoliating Toner,248000,4.7,1,1,5,5
SYSN10005378,SH1413602,Rovectin Phục hồi Micellar Cleanser,252000,4.3,2,1,24,1
SYSN10005379,SH3965194,Bioderma Làm dịu Micellar Cleanser,204000,4.7,116,197,3,1
SYSN10005380,SH1124292,Hasaki Hiệu quả Balm Cleanser,92000,4.5,3,2,12,1
SYSN10005381,SH4344757,Senka Cấp nước Oil Cleanser,75000,4.3,70,128,26,1
SYSN10005382,SH2869539,Neutrogena Trắng sáng Oil Cleanser,313000,4.6,21,21,20,1
SYSN10005383,SH7772243,Simple Trắng sáng Niacinamide Serum,85000,5.0,3,2,28,3
SYSN10005384,SH9308847,Cosrx Nhẹ nhàng Water Resistant Sunscreen,238000,4.6,554,441,8,4
SYSN10005385,SH8133034,Cocoon Cấp nước Gel Cleanser,69000,4.4,265,297,7,1
SYSN10005386,SH9769803,Rovectin Nhẹ nhàng Water Resistant Sunscreen,229000,4.5,14,22,24,4
SYSN10005387,SH9425658,Beauty of Joseon VN Trắng sáng Daily Sunscreen,294000,4.7,488,345,2,4
SYSN10005388,SH8106959,Garnier Cấp nước Oil Cleanser,54000,4.8,31,35,10,1
SYSN10005389,SH7028175,Simple Chuyên sâu Peptide Serum,82000,4.7,94,111,28,3
SYSN10005390,SH9434835,Anessa Chống lão hóa PA++++ Sunscreen,409000,4.8,72,41,1,4
SYSN10005391,SH5213339,Cosrx Phục hồi Oil Cleanser,215000,4.5,192,194,8,1
SYSN10005392,SH6279603,Kiehl's VN Tăng cường SPF 50+ Sunscreen,2529000,4.1,20,25,14,4
SYSN10005393,SH8459412,CeraVe Trắng sáng Hyaluronic Acid Serum,266000,4.6,6,3,4,3
SYSN10005394,SH4312137,Clean & Clear Cấp nước AHA/BHA Serum,183000,4.8,87,151,6,3
SYSN10005395,SH4240746,Pond's Phục hồi Peptide Serum,187000,4.4,49,53,23,3
SYSN10005396,SH5078098,Kiehl's VN Phục hồi PA++++ Sunscreen,1275000,4.2,104,160,14,4
SYSN10005397,SH7769570,The Ordinary Nhẹ nhàng Hydrating Toner,206000,4.7,39,45,33,5
SYSN10005398,SH8533031,Klairs Hiệu quả Water Resistant Sunscreen,359000,4.2,54,65,15,4
SYSN10005399,SH4291298,Cetaphil Tăng cường Exfoliating Toner,254000,4.6,46,35,5,5
SYSN10005400,SH4237572,Hasaki Hiệu quả Niacinamide Serum,174000,4.5,65,109,12,3
SYSN10005401,SH8035637,L'Oreal Phục hồi Oil Cleanser,47000,4.8,40,57,16,1
SYSN10005402,SH7774729,Klairs Dưỡng ẩm SPF 50+ Sunscreen,440000,4.5,32,60,15,4
SYSN10005403,SH1455008,Innisfree Chống lão hóa Peptide Serum,525000,4.5,70,74,13,3
SYSN10005404,SH3351107,Estee Lauder Cao cấp Peptide Serum,1790000,4.5,85,138,9,3
SYSN10005405,SH8228742,Neutrogena Dưỡng ẩm Hydrating Toner,228000,4.6,7,9,20,5
SYSN10005406,SH2990897,Paula's Choice Cao cấp Gel Moisturizer,260000,4.4,95,60,22,2
SYSN10005407,SH1686830,L'Oreal Thiên nhiên Balm Cleanser,112000,4.7,23,15,16,1
SYSN10005408,SH8143932,Vaseline Làm mềm Micellar Cleanser,57000,4.5,22,13,34,1
SYSN10005409,SH6206949,Clean & Clear Dưỡng ẩm Retinol Serum,134000,4.5,67,106,6,3
SYSN10005410,SH2329504,Neutrogena Dưỡng ẩm Eye Cream Moisturizer,624000,4.8,313530,534813,20,2
SYSN10005411,SH7001651,Murad VN Dưỡng ẩm Brightening Toner,1009000,4.8,304,377,19,5
SYSN10005412,SH6576297,Cocoon Làm dịu Hyaluronic Acid Serum,309000,4.8,500,714,7,3
SYSN10005413,SH7357346,Rovectin Trắng sáng Low pH Cleanser,277000,4.0,240,423,24,1
SYSN10005414,SH9222596,Simple Trắng sáng Micellar Cleanser,100000,4.5,264,386,28,1
SYSN10005415,SH4422298,SK-II Kiểm soát nhờn Micellar Cleanser,986000,4.6,1578,2649,25,1
SYSN10005416,SH2802119,CeraVe Dưỡng ẩm Balm Cleanser,341000,4.3,630,1029,4,1
SYSN10005417,SH4526773,Clean & Clear Làm dịu Night Cream Moisturizer,186000,4.5,20,28,6,2
SYSN10005418,SH3115585,Neutrogena Phục hồi Brightening Toner,250000,4.2,29,17,20,5
SYSN10005419,SH1486122,Paula's Choice Hiệu quả AHA/BHA Serum,284000,4.2,19,19,22,3
SYSN10005420,SH1292587,Shiseido VN Chuyên sâu Hydrating Toner,992000,4.9,53,95,27,5
SYSN10005421,SH6414066,Neutrogena Tăng cường Daily Sunscreen,470000,4.7,41,42,20,4
SYSN10005422,SH6586883,Garnier Cao cấp SPF 50+ Sunscreen,107000,4.4,192,352,10,4
SYSN10005423,SH4436840,Pond's Sáng da Daily Sunscreen,134000,4.8,54,56,23,4
SYSN10005424,SH7651324,Rovectin Nhẹ nhàng Gel Cleanser,415000,4.4,145,249,24,1
SYSN10005425,SH6574549,SK-II Thiên nhiên Water Resistant Sunscreen,1579000,4.8,76,115,25,4
SYSN10005426,SH1235049,Paula's Choice Sáng da Gel Moisturizer,340000,4.6,68,37,22,2
SYSN10005427,SH6443492,Anessa Cao cấp Balm Cleanser,134000,4.6,10,12,1,1
SYSN10005428,SH8586575,Cocoon Phục hồi Essence Toner,205000,4.3,91,109,7,5
SYSN10005429,SH6131578,Kiehl's VN Chuyên sâu Peptide Serum,1852000,4.3,6521,8340,14,3
SYSN10005430,SH4168658,Innisfree Hiệu quả Vitamin C Serum,261000,4.6,15,13,13,3
SYSN10005431,SH1961232,Simple Tăng cường Gel Cleanser,55000,4.7,69,111,28,1
SYSN10005432,SH1624180,Clean & Clear Dưỡng ẩm Vitamin C Serum,258000,4.4,707,1380,6,3
SYSN10005433,SH4226318,Simple Chống lão hóa Daily Sunscreen,55000,4.7,464,695,28,4
SYSN10005434,SH6340631,Ohui VN Chống lão hóa Hyaluronic Acid Serum,1295000,4.6,8,7,21,3
SYSN10005435,SH2696651,SK-II Làm dịu Micellar Cleanser,616000,4.2,5,9,25,1
SYSN10005436,SH4200355,St. Ives Sáng da Essence Toner,49000,4.0,44,65,30,5
SYSN10005437,SH2614602,Innisfree Trắng sáng Vitamin C Serum,612000,4.7,0,0,13,3
SYSN10005438,SH3273723,Some By Mi Tăng cường Barrier Repair Moisturizer,300000,4.4,41,77,29,2
SYSN10005439,SH9661485,Sulwhasoo Làm dịu Peptide Serum,2304000,4.1,982,620,31,3
SYSN10005440,SH1384720,CeraVe Phục hồi Foam Cleanser,232000,4.3,68,46,4,1
SYSN10005441,SH8796388,Cetaphil Chuyên sâu Brightening Toner,205000,4.7,21,39,5,5
SYSN10005442,SH5922958,L'Oreal Trắng sáng Micellar Cleanser,118000,4.6,3,2,16,1
SYSN10005443,SH1935880,The Face Shop Làm dịu Night Cream Moisturizer,344000,4.6,93,90,32,2
SYSN10005444,SH7160829,Ohui VN Tăng cường Gel Cleanser,1300000,4.7,107,54,21,1
SYSN10005445,SH9251645,Paula's Choice Làm mềm Micellar Cleanser,217000,4.4,23,17,22,1
SYSN10005446,SH7252556,Neutrogena Dưỡng ẩm Gel Cleanser,239000,5.0,7,9,20,1
SYSN10005447,SH2410568,Ohui VN Thiên nhiên Daily Sunscreen,2431000,4.6,1,1,21,4
SYSN10005448,SH5140925,Cetaphil Làm dịu Oil Cleanser,273000,4.7,9,12,5,1
SYSN10005449,SH9799535,The Face Shop Hiệu quả Hyaluronic Acid Serum,477000,4.8,150,182,32,3
SYSN10005450,SH2276248,Rovectin Sáng da Retinol Serum,524000,4.6,9,13,24,3
SYSN10005451,SH6240671,L'Oreal Dưỡng ẩm SPF 30 Sunscreen,177000,4.8,38,54,16,4
SYSN10005452,SH7371105,Murad VN Hiệu quả Hydrating Toner,2166000,4.5,10,7,19,5
SYSN10005453,SH1262777,The Ordinary Phục hồi Vitamin C Serum,265000,4.6,166,86,33,3
SYSN10005454,SH8800942,Neutrogena Phục hồi Hyaluronic Acid Serum,584000,5.0,142,207,20,3
SYSN10005455,SH3233681,SK-II Chống lão hóa Eye Cream Moisturizer,2797000,4.9,0,0,25,2
SYSN10005456,SH7702519,La Roche-Posay Làm mềm Eye Cream Moisturizer,306000,4.5,435,623,17,2
SYSN10005457,SH8315457,St. Ives Cấp nước Micellar Cleanser,93000,4.2,13,19,30,1
SYSN10005458,SH7380578,Innisfree Sáng da Hyaluronic Acid Serum,561000,4.8,78,91,13,3
SYSN10005459,SH8430506,Klairs Dưỡng ẩm Essence Toner,388000,4.7,40,26,15,5
SYSN10005460,SH4087244,Some By Mi Chuyên sâu Lotion Moisturizer,452000,4.7,16,11,29,2
SYSN10005461,SH5730411,St. Ives Nhẹ nhàng Vitamin C Serum,261000,4.6,43,30,30,3
SYSN10005462,SH2438025,L'Oreal Phục hồi Gel Moisturizer,99000,4.7,2407,4121,16,2
SYSN10005463,SH8913298,Cocoon Nhẹ nhàng Niacinamide Serum,189000,4.5,19,18,7,3
SYSN10005464,SH9842475,Some By Mi Sáng da Cream Moisturizer,467000,4.9,31,53,29,2
SYSN10005465,SH8611033,Simple Thiên nhiên Eye Cream Moisturizer,145000,4.6,80,55,28,2
SYSN10005466,SH1175540,Cetaphil Cấp nước Eye Cream Moisturizer,461000,4.5,85,65,5,2
SYSN10005467,SH9547694,Shiseido VN Hiệu quả Hyaluronic Acid Serum,2029000,4.5,132,172,27,3
SYSN10005468,SH9336013,Bioderma Làm mềm PA++++ Sunscreen,220000,4.9,120,122,3,4
SYSN10005469,SH9350344,Innisfree Thiên nhiên Gel Cleanser,200000,4.4,143,184,13,1
SYSN10005470,SH5286392,Laneige Sáng da Peptide Serum,1294000,4.7,2,1,18,3
SYSN10005471,SH5808221,L'Oreal Dưỡng ẩm Niacinamide Serum,133000,4.1,66,63,16,3
SYSN10005472,SH2138348,Cosrx Cấp nước Cream Moisturizer,314000,4.4,4,5,8,2
SYSN10005473,SH8351011,Innisfree Cấp nước Water Resistant Sunscreen,443000,4.5,24,47,13,4
SYSN10005474,SH2717063,Bioderma Chuyên sâu Exfoliating Toner,255000,4.3,146,213,3,5
SYSN10005475,SH6622424,Neutrogena Hiệu quả SPF 30 Sunscreen,418000,4.4,104,95,20,4
SYSN10005476,SH8722253,Innisfree Nhẹ nhàng SPF 50+ Sunscreen,215000,4.9,0,0,13,4
SYSN10005477,SH4531145,Pond's Tăng cường Lotion Moisturizer,123000,4.3,126887,68544,23,2
SYSN10005478,SH6896214,Estee Lauder Chống lão hóa Tint Sunscreen,1582000,4.4,60,82,9,4
SYSN10005479,SH5334105,Vaseline Chống lão hóa AHA/BHA Serum,121000,4.8,172,99,34,3
SYSN10005480,SH8870968,Murad VN Làm mềm Essence Toner,1007000,4.6,30,27,19,5
SYSN10005481,SH5524166,Rovectin Hiệu quả SPF 30 Sunscreen,201000,4.4,117,96,24,4
SYSN10005482,SH5617103,The Ordinary Dưỡng ẩm Foam Cleanser,178000,4.6,45,27,33,1
SYSN10005483,SH2035170,Innisfree Chống lão hóa Lotion Moisturizer,289000,4.9,1255,2423,13,2
SYSN10005484,SH4890177,Hada Labo Làm mềm Brightening Toner,371000,4.5,9,10,11,5
SYSN10005485,SH6745716,Anessa Sáng da AHA/BHA Serum,420000,4.7,109,118,1,3
SYSN10005486,SH7659900,La Roche-Posay Dưỡng ẩm Hydrating Toner,350000,4.6,40,73,17,5
SYSN10005487,SH5572302,Vaseline Làm dịu Balm Cleanser,54000,4.7,0,0,34,1
SYSN10005488,SH1557788,Neutrogena Dưỡng ẩm Daily Sunscreen,214000,4.7,11,18,20,4
SYSN10005489,SH1981068,Innisfree Làm dịu Vitamin C Serum,575000,4.5,66,126,13,3
SYSN10005490,SH3090590,Cetaphil Tăng cường Niacinamide Serum,617000,4.6,87,122,5,3
SYSN10005491,SH6933188,Beauty of Joseon VN Cấp nước Pore Care Toner,247000,4.6,38,32,2,5
SYSN10005492,SH1783102,Anessa Cao cấp Brightening Toner,245000,4.5,302,559,1,5
SYSN10005493,SH8831313,Laneige Chống lão hóa Exfoliating Toner,854000,4.6,9,7,18,5
SYSN10005494,SH5916685,Bioderma Thiên nhiên Tint Sunscreen,510000,4.3,87,64,3,4
SYSN10005495,SH4580672,St. Ives Làm mềm Peptide Serum,193000,4.6,3,5,30,3
SYSN10005496,SH3523183,Paula's Choice Chống lão hóa Hyaluronic Acid Serum,398000,4.9,499,956,22,3
SYSN10005497,SH1742156,Murad VN Tăng cường Tint Sunscreen,765000,4.6,0,0,19,4
SYSN10005498,SH7696159,Garnier Chuyên sâu Peptide Serum,134000,4.7,22,29,10,3
SYSN10005499,SH7147674,The Ordinary Nhẹ nhàng Niacinamide Serum,585000,4.8,10,9,33,3
SYSN10005500,SH3219200,Rovectin Dưỡng ẩm Tint Sunscreen,264000,4.5,4,2,24,4
SYSN10005501,SH2222395,Senka Cấp nước Daily Sunscreen,120000,4.9,110,63,26,4
SYSN10005502,SH1746566,Vaseline Sáng da SPF 50+ Sunscreen,91000,4.6,133,217,34,4
SYSN10005503,SH1551673,Murad VN Làm mềm Tint Sunscreen,1286000,4.9,6,5,19,4
SYSN10005504,SH4134725,Garnier Cao cấp Tint Sunscreen,162000,4.8,158,311,10,4
SYSN10005505,SH6994144,Clean & Clear Hiệu quả Balm Cleanser,65000,4.6,3,5,6,1
SYSN10005506,SH3951809,Hasaki Phục hồi Low pH Cleanser,123000,4.5,18,32,12,1
SYSN10005507,SH6650319,CeraVe Kiểm soát nhờn Tint Sunscreen,385000,4.5,28,18,4,4
SYSN10005508,SH7801839,Garnier Trắng sáng Pore Care Toner,68000,4.6,236,329,10,5
SYSN10005509,SH5315890,Ohui VN Phục hồi Hyaluronic Acid Serum,2805000,4.6,291,176,21,3
SYSN10005510,SH9129618,Hada Labo Tăng cường Brightening Toner,301000,4.3,5,3,11,5
SYSN10005511,SH4951923,Kiehl's VN Cao cấp Eye Cream Moisturizer,1059000,4.9,15,17,14,2
SYSN10005512,SH4263287,Rovectin Phục hồi Balm Cleanser,226000,5.0,118,142,24,1
SYSN10005513,SH7808402,The Ordinary Kiểm soát nhờn Brightening Toner,238000,4.1,1759,1888,33,5
SYSN10005514,SH1423527,SK-II Dưỡng ẩm Foam Cleanser,1860000,5.0,523,300,25,1
SYSN10005515,SH1264350,Paula's Choice Cao cấp Barrier Repair Moisturizer,441000,4.6,21,19,22,2
SYSN10005516,SH3382577,Paula's Choice Làm dịu Vitamin C Serum,599000,4.5,13,19,22,3
SYSN10005517,SH3943128,Anessa Phục hồi Water Resistant Sunscreen,267000,4.9,56,80,1,4
SYSN10005518,SH3647493,Pond's Làm dịu Lotion Moisturizer,106000,4.4,21,26,23,2
SYSN10005519,SH9569129,L'Oreal Sáng da Barrier Repair Moisturizer,142000,4.2,45,36,16,2
SYSN10005520,SH6798616,The Face Shop Cao cấp Balm Cleanser,179000,4.7,196,277,32,1
SYSN10005521,SH9492077,Cosrx Sáng da Cream Moisturizer,435000,4.1,38,65,8,2
SYSN10005522,SH7610835,Pond's Phục hồi Foam Cleanser,61000,4.9,32,50,23,1
SYSN10005523,SH7029612,Vaseline Làm mềm Gel Moisturizer,76000,4.6,3,4,34,2
SYSN10005524,SH6291094,St. Ives Trắng sáng SPF 30 Sunscreen,169000,4.7,92,183,30,4
SYSN10005525,SH4118973,Clean & Clear Phục hồi Water Resistant Sunscreen,137000,4.5,0,0,6,4
SYSN10005526,SH2149176,Sulwhasoo Hiệu quả Daily Sunscreen,1774000,4.5,47,53,31,4
SYSN10005527,SH2782408,Kiehl's VN Thiên nhiên Hyaluronic Acid Serum,1411000,4.1,317,265,14,3
SYSN10005528,SH3498812,Vaseline Cao cấp PA++++ Sunscreen,120000,5.0,6,8,34,4
SYSN10005529,SH2438094,Beauty of Joseon VN Kiểm soát nhờn Essence Toner,161000,4.9,65,53,2,5
SYSN10005530,SH5413902,Klairs Trắng sáng AHA/BHA Serum,611000,4.2,89,174,15,3
SYSN10005531,SH9532665,Sulwhasoo Sáng da Tint Sunscreen,1290000,5.0,29,29,31,4
SYSN10005532,SH2262112,Kiehl's VN Tăng cường PA++++ Sunscreen,858000,4.5,14,26,14,4
SYSN10005533,SH3313772,Innisfree Chống lão hóa Barrier Repair Moisturizer,264000,4.5,186,148,13,2
SYSN10005534,SH8554987,Cetaphil Phục hồi Micellar Cleanser,312000,4.4,242,362,5,1
SYSN10005535,SH8014407,Anessa Cao cấp Cream Moisturizer,374000,4.9,37,27,1,2
SYSN10005536,SH4038461,Neutrogena Chống lão hóa PA++++ Sunscreen,350000,4.9,84,60,20,4
SYSN10005537,SH9045906,Cocoon Cao cấp Water Resistant Sunscreen,192000,4.3,0,0,7,4
SYSN10005538,SH8445005,Shiseido VN Làm dịu Foam Cleanser,1235000,4.6,96,77,27,1
SYSN10005539,SH6484940,Vaseline Kiểm soát nhờn AHA/BHA Serum,147000,4.7,0,0,34,3
SYSN10005540,SH2469295,Estee Lauder Tăng cường AHA/BHA Serum,2457000,4.6,943,1836,9,3
SYSN10005541,SH8373517,Rovectin Trắng sáng SPF 30 Sunscreen,235000,4.8,15,29,24,4
SYSN10005542,SH6842443,Beauty of Joseon VN Hiệu quả Gel Moisturizer,294000,4.5,177,157,2,2
SYSN10005543,SH9487745,Kiehl's VN Thiên nhiên Exfoliating Toner,1473000,4.3,19,36,14,5
SYSN10005544,SH3468197,Hada Labo Nhẹ nhàng SPF 30 Sunscreen,425000,4.8,9,4,11,4
SYSN10005545,SH1697175,Pond's Nhẹ nhàng Balm Cleanser,97000,4.8,95,72,23,1
SYSN10005546,SH2677373,Rovectin Chuyên sâu Water Resistant Sunscreen,360000,4.4,346,565,24,4
SYSN10005547,SH4279510,The Ordinary Sáng da Micellar Cleanser,307000,4.6,507,334,33,1
SYSN10005548,SH2861919,Cosrx Cấp nước Peptide Serum,228000,4.8,184,309,8,3
SYSN10005549,SH1181996,Simple Cao cấp Oil Cleanser,127000,4.5,56,54,28,1
SYSN10005550,SH9357666,Paula's Choice Chống lão hóa SPF 50+ Sunscreen,254000,4.2,5,7,22,4
SYSN10005551,SH2812228,Vaseline Chống lão hóa SPF 50+ Sunscreen,104000,4.4,29,34,34,4
SYSN10005552,SH8567384,Some By Mi Sáng da Brightening Toner,341000,4.5,108,76,29,5
SYSN10005553,SH3847148,La Roche-Posay Cấp nước Water Resistant Sunscreen,412000,4.4,35,49,17,4
SYSN10005554,SH8587744,Sulwhasoo Thiên nhiên Pore Care Toner,849000,4.2,3,2,31,5
SYSN10005555,SH2963284,St. Ives Thiên nhiên Gel Cleanser,83000,4.7,74,104,30,1
SYSN10005556,SH1020311,Cosrx Tăng cường PA++++ Sunscreen,276000,4.7,18,16,8,4
SYSN10005557,SH8819144,Pond's Cao cấp Peptide Serum,247000,4.8,3,2,23,3
SYSN10005558,SH5937075,Hada Labo Dưỡng ẩm Daily Sunscreen,244000,4.8,19,12,11,4
SYSN10005559,SH1943269,Vaseline Chuyên sâu Night Cream Moisturizer,167000,4.7,55,45,34,2
SYSN10005560,SH3492573,The Face Shop Phục hồi SPF 50+ Sunscreen,309000,4.7,249,355,32,4
SYSN10005561,SH7119729,Kiehl's VN Kiểm soát nhờn Micellar Cleanser,1691000,4.8,26,37,14,1
SYSN10005562,SH9586816,Beauty of Joseon VN Tăng cường Balm Cleanser,161000,4.5,212,402,2,1
SYSN10005563,SH4801418,SK-II Làm dịu Low pH Cleanser,1860000,4.9,32,39,25,1
SYSN10005564,SH2944053,Innisfree Hiệu quả Tint Sunscreen,432000,4.4,0,0,13,4
SYSN10005565,SH4276121,Hasaki Tăng cường Lotion Moisturizer,213000,4.5,45,63,12,2
SYSN10005566,SH5423636,Vaseline Chống lão hóa AHA/BHA Serum,151000,5.0,285,372,34,3
SYSN10005567,SH6457141,St. Ives Tăng cường Pore Care Toner,119000,4.1,454,699,30,5
SYSN10005568,SH6238380,Klairs Trắng sáng SPF 30 Sunscreen,301000,4.4,33,60,15,4
SYSN10005569,SH1556583,Hasaki Cao cấp AHA/BHA Serum,207000,4.7,46,63,12,3
SYSN10005570,SH5390623,Anessa Làm mềm PA++++ Sunscreen,331000,4.8,35,19,1,4
SYSN10005571,SH1331072,Rovectin Thiên nhiên Brightening Toner,184000,4.4,2,1,24,5
SYSN10005572,SH8408190,Bioderma Hiệu quả Tint Sunscreen,465000,4.5,221,299,3,4
SYSN10005573,SH6933026,Senka Nhẹ nhàng Tint Sunscreen,99000,4.6,6,9,26,4
SYSN10005574,SH7847437,The Ordinary Làm dịu Exfoliating Toner,151000,4.7,844,551,33,5
SYSN10005575,SH3542507,St. Ives Sáng da Retinol Serum,140000,5.0,451,319,30,3
SYSN10005576,SH6970949,Paula's Choice Chống lão hóa Essence Toner,271000,4.8,60,34,22,5
SYSN10005577,SH1919627,Kiehl's VN Sáng da SPF 30 Sunscreen,1582000,4.6,221,345,14,4
SYSN10005578,SH9296929,Bioderma Làm dịu Vitamin C Serum,342000,4.5,0,0,3,3
SYSN10005579,SH7411843,The Face Shop Cao cấp SPF 30 Sunscreen,374000,5.0,904,766,32,4
SYSN10005580,SH2110819,Pond's Tăng cường Night Cream Moisturizer,122000,4.2,3,4,23,2
SYSN10005581,SH4497271,Some By Mi Trắng sáng Hydrating Toner,368000,4.3,151,84,29,5
SYSN10005582,SH1688206,Pond's Làm dịu AHA/BHA Serum,263000,4.7,36,28,23,3
SYSN10005583,SH9120691,Hasaki Làm mềm Gel Cleanser,110000,5.0,36,57,12,1
SYSN10005584,SH1712562,L'Oreal Chuyên sâu AHA/BHA Serum,78000,4.7,26,50,16,3
SYSN10005585,SH2675580,The Face Shop Cao cấp Gel Moisturizer,343000,4.6,43,61,32,2
SYSN10005586,SH3767605,Some By Mi Phục hồi AHA/BHA Serum,524000,4.4,198,384,29,3
SYSN10005587,SH2425326,Rovectin Chuyên sâu Cream Moisturizer,476000,4.8,1,1,24,2
SYSN10005588,SH5043239,Murad VN Thiên nhiên Exfoliating Toner,1591000,4.4,77,140,19,5
SYSN10005589,SH6970645,The Ordinary Hiệu quả Daily Sunscreen,168000,4.4,21,24,33,4
SYSN10005590,SH4175169,Neutrogena Sáng da Essence Toner,331000,4.4,11,11,20,5
SYSN10005591,SH3726986,Klairs Cấp nước AHA/BHA Serum,569000,4.6,41,39,15,3
SYSN10005592,SH4782896,Neutrogena Dưỡng ẩm Retinol Serum,558000,4.6,114,69,20,3
SYSN10005593,SH1395428,Some By Mi Chuyên sâu Balm Cleanser,238000,4.4,176,260,29,1
SYSN10005594,SH6704104,The Face Shop Phục hồi Water Resistant Sunscreen,405000,4.6,83,70,32,4
SYSN10005595,SH4799708,Senka Làm mềm Barrier Repair Moisturizer,75000,4.2,68,56,26,2
SYSN10005596,SH1880248,Hasaki Kiểm soát nhờn PA++++ Sunscreen,213000,4.7,11,19,12,4
SYSN10005597,SH7076594,Klairs Phục hồi Foam Cleanser,267000,4.7,58,76,15,1
SYSN10005598,SH7109313,CeraVe Thiên nhiên AHA/BHA Serum,646000,4.2,145,220,4,3
SYSN10005599,SH5547048,St. Ives Làm mềm SPF 50+ Sunscreen,108000,4.9,36,21,30,4
SYSN10005600,SH3259346,St. Ives Chuyên sâu Exfoliating Toner,89000,4.5,31,23,30,5
SYSN10005601,SH9885504,Senka Nhẹ nhàng PA++++ Sunscreen,152000,4.6,51,43,26,4
SYSN10005602,SH1876395,Some By Mi Nhẹ nhàng Cream Moisturizer,523000,4.3,18,15,29,2
SYSN10005603,SH3891095,The Ordinary Làm mềm Balm Cleanser,277000,4.9,25,34,33,1
SYSN10005604,SH1936819,Cocoon Làm mềm Gel Moisturizer,96000,4.7,19,27,7,2
SYSN10005605,SH4031355,L'Oreal Hiệu quả Gel Cleanser,53000,4.7,70,51,16,1
SYSN10005606,SH3755362,The Face Shop Trắng sáng SPF 30 Sunscreen,209000,4.4,1,1,32,4
SYSN10005607,SH3970974,Neutrogena Tăng cường AHA/BHA Serum,517000,4.9,24,35,20,3
SYSN10005608,SH6472201,Anessa Sáng da SPF 30 Sunscreen,466000,4.6,9,15,1,4
SYSN10005609,SH7114952,Neutrogena Làm mềm Lotion Moisturizer,340000,4.9,33,61,20,2
SYSN10005610,SH5900823,Garnier Thiên nhiên Brightening Toner,84000,4.3,16,26,10,5
SYSN10005611,SH6423373,Innisfree Tăng cường Water Resistant Sunscreen,450000,4.6,22,33,13,4
SYSN10005612,SH8783942,Sulwhasoo Cấp nước Vitamin C Serum,2351000,4.2,52,72,31,3
SYSN10005613,SH1088005,Cocoon Chuyên sâu Eye Cream Moisturizer,277000,4.7,2,1,7,2
SYSN10005614,SH3779844,The Face Shop Cao cấp Lotion Moisturizer,237000,4.8,13,14,32,2
SYSN10005615,SH6023168,Senka Dưỡng ẩm Balm Cleanser,93000,4.6,639,979,26,1
SYSN10005616,SH4079292,Beauty of Joseon VN Hiệu quả AHA/BHA Serum,531000,4.8,935,1175,2,3
SYSN10005617,SH3730673,Innisfree Chuyên sâu Daily Sunscreen,451000,4.7,144,77,13,4
SYSN10005618,SH1209826,Anessa Kiểm soát nhờn Retinol Serum,562000,4.6,11,8,1,3
SYSN10005619,SH9264613,Clean & Clear Thiên nhiên SPF 30 Sunscreen,120000,4.7,10,10,6,4
SYSN10005620,SH8906960,Hasaki Sáng da Hydrating Toner,81000,4.2,117,169,12,5
SYSN10005621,SH5033233,Vaseline Sáng da Peptide Serum,212000,4.9,23,36,34,3
SYSN10005622,SH2116368,L'Oreal Làm dịu AHA/BHA Serum,189000,4.5,28,32,16,3
SYSN10005623,SH3401705,Shiseido VN Tăng cường Barrier Repair Moisturizer,1740000,4.5,281,196,27,2
SYSN10005624,SH1740912,Anessa Nhẹ nhàng Balm Cleanser,240000,4.9,203,121,1,1
SYSN10005625,SH2334796,St. Ives Trắng sáng Gel Cleanser,130000,4.6,365,339,30,1
SYSN10005626,SH2615625,Some By Mi Nhẹ nhàng Peptide Serum,267000,4.4,13,24,29,3
SYSN10005627,SH2711121,Cetaphil Chuyên sâu Oil Cleanser,298000,4.3,19,27,5,1
SYSN10005628,SH9233449,Some By Mi Sáng da Micellar Cleanser,246000,4.2,190,199,29,1
SYSN10005629,SH3819072,Pond's Làm dịu AHA/BHA Serum,133000,4.9,49,31,23,3
SYSN10005630,SH7829432,Pond's Chống lão hóa Peptide Serum,97000,4.7,9632,9447,23,3
SYSN10005631,SH7262350,Anessa Nhẹ nhàng Essence Toner,239000,4.5,5,4,1,5
SYSN10005632,SH8816091,Paula's Choice Hiệu quả Niacinamide Serum,548000,4.7,39,76,22,3
SYSN10005633,SH8109602,Shiseido VN Trắng sáng Brightening Toner,889000,3.9,164,226,27,5
SYSN10005634,SH4438988,Garnier Hiệu quả Hydrating Toner,120000,4.7,30,32,10,5
SYSN10005635,SH8768222,Vaseline Làm mềm Gel Moisturizer,100000,4.7,20,32,34,2
SYSN10005636,SH7284551,Garnier Trắng sáng Low pH Cleanser,88000,4.4,28,30,10,1
SYSN10005637,SH3988031,Hada Labo Chuyên sâu Eye Cream Moisturizer,468000,4.9,86,107,11,2
SYSN10005638,SH1455087,Vaseline Chống lão hóa AHA/BHA Serum,234000,4.8,8,15,34,3
SYSN10005639,SH8874165,Clean & Clear Hiệu quả Lotion Moisturizer,169000,4.6,173,139,6,2
SYSN10005640,SH4362793,Cetaphil Cấp nước AHA/BHA Serum,460000,4.0,198,159,5,3
SYSN10005641,SH8944891,Pond's Phục hồi Cream Moisturizer,148000,4.7,108,198,23,2
SYSN10005642,SH2466434,CeraVe Nhẹ nhàng Barrier Repair Moisturizer,453000,4.3,22,14,4,2
SYSN10005643,SH4944803,Garnier Làm dịu Essence Toner,135000,4.7,366,274,10,5
SYSN10005644,SH9215334,Laneige Chống lão hóa Cream Moisturizer,1030000,4.4,4,5,18,2
SYSN10005645,SH1686780,St. Ives Chuyên sâu Peptide Serum,153000,4.9,97,170,30,3
SYSN10005646,SH1908956,Some By Mi Chống lão hóa Foam Cleanser,224000,4.9,427,409,29,1
SYSN10005647,SH2645738,Vaseline Kiểm soát nhờn Oil Cleanser,87000,4.9,47,52,34,1
SYSN10005648,SH6716160,La Roche-Posay Chuyên sâu SPF 30 Sunscreen,481000,4.4,24,47,17,4
SYSN10005649,SH5613624,Garnier Chống lão hóa Retinol Serum,218000,4.5,7,11,10,3
SYSN10005650,SH2605210,Rovectin Cao cấp Exfoliating Toner,336000,4.3,7,6,24,5
SYSN10005651,SH6727630,Bioderma Cao cấp Vitamin C Serum,396000,4.7,100,160,3,3
SYSN10005652,SH6828807,Simple Phục hồi Retinol Serum,246000,4.5,44,56,28,3
SYSN10005653,SH3616534,Senka Cao cấp Micellar Cleanser,86000,5.0,499,708,26,1
SYSN10005654,SH7465524,Neutrogena Trắng sáng Gel Cleanser,292000,4.5,13,25,20,1
SYSN10005655,SH3226653,The Face Shop Cao cấp Vitamin C Serum,293000,4.4,243,219,32,3
SYSN10005656,SH4574965,Neutrogena Chuyên sâu Hydrating Toner,231000,4.4,7,7,20,5
SYSN10005657,SH5023537,Vaseline Trắng sáng Vitamin C Serum,117000,4.4,160,145,34,3
SYSN10005658,SH2386127,Vaseline Cao cấp Foam Cleanser,113000,4.6,1,1,34,1
SYSN10005659,SH5664160,Klairs Chuyên sâu Micellar Cleanser,255000,4.6,3,4,15,1
SYSN10005660,SH9212376,Anessa Làm dịu SPF 50+ Sunscreen,258000,4.5,330,289,1,4
SYSN10005661,SH1031800,Cetaphil Làm dịu Balm Cleanser,174000,4.5,21,40,5,1
SYSN10005662,SH7091887,Neutrogena Hiệu quả AHA/BHA Serum,404000,4.0,2,2,20,3
SYSN10005663,SH9569924,Garnier Hiệu quả Pore Care Toner,88000,4.9,11,14,10,5
SYSN10005664,SH4996840,Ohui VN Làm dịu SPF 50+ Sunscreen,1428000,4.6,103,203,21,4
SYSN10005665,SH8329397,Bioderma Phục hồi Gel Cleanser,372000,4.7,12,18,3,1
SYSN10005666,SH9115352,Bioderma Làm mềm Tint Sunscreen,371000,4.8,0,0,3,4
SYSN10005667,SH3543606,Cosrx Cao cấp Hydrating Toner,282000,4.6,22,16,8,5
SYSN10005668,SH9842520,Kiehl's VN Cao cấp Gel Moisturizer,1581000,4.8,98,148,14,2
SYSN10005669,SH3453468,Anessa Thiên nhiên Niacinamide Serum,585000,4.9,301,170,1,3
SYSN10005670,SH1871707,Bioderma Chuyên sâu Vitamin C Serum,380000,4.7,6,10,3,3
SYSN10005671,SH9213416,Ohui VN Kiểm soát nhờn AHA/BHA Serum,811000,4.3,7,13,21,3
SYSN10005672,SH8718185,Some By Mi Phục hồi Eye Cream Moisturizer,307000,4.2,52,54,29,2
SYSN10005673,SH2469840,Garnier Chống lão hóa Foam Cleanser,117000,4.5,9,11,10,1
SYSN10005674,SH6816080,Simple Kiểm soát nhờn Eye Cream Moisturizer,68000,4.3,1,1,28,2
SYSN10005675,SH2672870,Rovectin Thiên nhiên Gel Cleanser,255000,4.4,226,383,24,1
SYSN10005676,SH4945132,Innisfree Kiểm soát nhờn AHA/BHA Serum,296000,4.6,3,2,13,3
SYSN10005677,SH6354606,Rovectin Chuyên sâu Daily Sunscreen,242000,4.5,18,18,24,4
SYSN10005678,SH3141078,Innisfree Làm mềm Peptide Serum,424000,5.0,670,963,13,3
SYSN10005679,SH3488342,Shiseido VN Làm dịu Exfoliating Toner,1107000,4.4,49,44,27,5
SYSN10005680,SH2359759,Senka Chuyên sâu Balm Cleanser,130000,4.7,92,139,26,1
SYSN10005681,SH9653199,Anessa Dưỡng ẩm Retinol Serum,540000,4.6,65,96,1,3
SYSN10005682,SH1476523,Neutrogena Cao cấp Exfoliating Toner,363000,4.5,14,26,20,5
SYSN10005683,SH8242292,Murad VN Hiệu quả Peptide Serum,2232000,4.6,8,15,19,3
SYSN10005684,SH8898026,Ohui VN Chống lão hóa AHA/BHA Serum,2508000,4.4,16,26,21,3
SYSN10005685,SH2293403,Some By Mi Sáng da Balm Cleanser,169000,4.1,17,17,29,1
SYSN10005686,SH6986767,Ohui VN Sáng da Peptide Serum,2934000,4.5,20,13,21,3
SYSN10005687,SH7248414,CeraVe Dưỡng ẩm Essence Toner,329000,4.4,45,41,4,5
SYSN10005688,SH2632493,Some By Mi Phục hồi Retinol Serum,293000,4.5,2353,2549,29,3
SYSN10005689,SH7895468,La Roche-Posay Cao cấp Tint Sunscreen,386000,4.7,97,157,17,4
SYSN10005690,SH5532049,Innisfree Kiểm soát nhờn Gel Moisturizer,270000,4.2,17,30,13,2
SYSN10005691,SH2250434,Pond's Kiểm soát nhờn Micellar Cleanser,80000,4.4,21,37,23,1
SYSN10005692,SH3666514,Anessa Kiểm soát nhờn Vitamin C Serum,278000,4.5,240,189,1,3
SYSN10005693,SH9745874,CeraVe Chuyên sâu Water Resistant Sunscreen,411000,4.7,169,321,4,4
SYSN10005694,SH1413214,The Ordinary Làm mềm Exfoliating Toner,261000,4.9,149,155,33,5
SYSN10005695,SH3556957,Anessa Cao cấp SPF 30 Sunscreen,325000,4.4,231,315,1,4
SYSN10005696,SH7309229,Vaseline Làm mềm Hydrating Toner,64000,4.8,10,8,34,5
SYSN10005697,SH7457170,Cetaphil Phục hồi Gel Cleanser,191000,4.4,355,357,5,1
SYSN10005698,SH3671053,Murad VN Làm mềm Gel Moisturizer,975000,4.8,72,142,19,2
SYSN10005699,SH9083873,Shiseido VN Cấp nước SPF 30 Sunscreen,997000,4.9,3,3,27,4
SYSN10005700,SH3396078,Neutrogena Chống lão hóa Micellar Cleanser,250000,4.7,115,108,20,1
SYSN10005701,SH5848188,Hada Labo Tăng cường Retinol Serum,396000,4.7,25,35,11,3
SYSN10005702,SH7680009,Cosrx Thiên nhiên Daily Sunscreen,335000,4.8,23,12,8,4
SYSN10005703,SH2820783,St. Ives Trắng sáng SPF 30 Sunscreen,104000,4.9,279,318,30,4
SYSN10005704,SH2542236,Klairs Thiên nhiên SPF 30 Sunscreen,380000,5.0,314,202,15,4
SYSN10005705,SH1384436,Anessa Tăng cường Cream Moisturizer,321000,4.4,9,13,1,2
SYSN10005706,SH1448794,Some By Mi Cao cấp Brightening Toner,254000,5.0,1,1,29,5
SYSN10005707,SH4764885,Vaseline Chuyên sâu Water Resistant Sunscreen,96000,5.0,138,157,34,4
SYSN10005708,SH9105332,Klairs Hiệu quả Balm Cleanser,162000,4.8,13,11,15,1
SYSN10005709,SH6087512,Klairs Nhẹ nhàng SPF 50+ Sunscreen,358000,4.2,91,74,15,4
SYSN10005710,SH9858366,The Face Shop Thiên nhiên Brightening Toner,248000,4.6,1,0,32,5
SYSN10005711,SH4041915,Rovectin Thiên nhiên Night Cream Moisturizer,458000,4.3,813,1336,24,2
SYSN10005712,SH9765062,La Roche-Posay Làm mềm Brightening Toner,306000,4.4,85,128,17,5
SYSN10005713,SH5754721,Paula's Choice Hiệu quả SPF 30 Sunscreen,255000,4.8,24,26,22,4
SYSN10005714,SH4629948,Klairs Chống lão hóa Hydrating Toner,206000,4.6,26,30,15,5
SYSN10005715,SH4196618,Vaseline Cấp nước Barrier Repair Moisturizer,83000,5.0,9,8,34,2
SYSN10005716,SH5121914,Cetaphil Dưỡng ẩm SPF 30 Sunscreen,395000,4.8,46,48,5,4
SYSN10005717,SH2817810,Estee Lauder Hiệu quả Micellar Cleanser,1104000,4.3,119,170,9,1
SYSN10005718,SH8170058,Pond's Phục hồi Essence Toner,88000,5.0,5,6,23,5
SYSN10005719,SH9796467,Bioderma Hiệu quả AHA/BHA Serum,450000,4.4,8,14,3,3
SYSN10005720,SH5167886,CeraVe Hiệu quả Vitamin C Serum,485000,4.3,18,34,4,3
SYSN10005721,SH1957543,Estee Lauder Sáng da Oil Cleanser,1051000,4.6,7,9,9,1
SYSN10005722,SH3402309,Rovectin Hiệu quả Oil Cleanser,223000,4.4,3,3,24,1
SYSN10005723,SH8424270,Some By Mi Cấp nước SPF 50+ Sunscreen,420000,4.7,36,43,29,4
SYSN10005724,SH7681153,Cosrx Tăng cường Foam Cleanser,231000,4.5,54,57,8,1
SYSN10005725,SH1108602,SK-II Dưỡng ẩm Niacinamide Serum,2491000,4.3,1602,2001,25,3
SYSN10005726,SH7639846,The Ordinary Chống lão hóa Vitamin C Serum,379000,4.7,161,215,33,3
SYSN10005727,SH3045053,Vaseline Dưỡng ẩm Barrier Repair Moisturizer,135000,4.6,28,52,34,2
SYSN10005728,SH5506509,Cosrx Phục hồi Eye Cream Moisturizer,319000,4.5,741,1177,8,2
SYSN10005729,SH2086777,Beauty of Joseon VN Cao cấp Brightening Toner,333000,4.4,10,5,2,5
SYSN10005730,SH3513552,Sulwhasoo Kiểm soát nhờn Foam Cleanser,838000,4.6,38,61,31,1
SYSN10005731,SH6525685,Anessa Thiên nhiên Balm Cleanser,200000,4.6,41,51,1,1
SYSN10005732,SH3616132,CeraVe Dưỡng ẩm Tint Sunscreen,225000,4.5,0,0,4,4
SYSN10005733,SH5620692,Clean & Clear Chống lão hóa SPF 50+ Sunscreen,196000,4.7,903,1702,6,4
SYSN10005734,SH9805934,Garnier Chuyên sâu Hydrating Toner,174000,4.6,96,55,10,5
SYSN10005735,SH3376507,Vaseline Làm dịu Gel Moisturizer,169000,4.8,66,128,34,2
SYSN10005736,SH8766942,Cetaphil Chuyên sâu Vitamin C Serum,275000,4.9,1,1,5,3
SYSN10005737,SH1039944,Kiehl's VN Chống lão hóa SPF 30 Sunscreen,1078000,5.0,12,8,14,4
SYSN10005738,SH9791443,Garnier Hiệu quả Gel Cleanser,83000,4.8,177,198,10,1
SYSN10005739,SH9561085,Pond's Chống lão hóa Exfoliating Toner,73000,4.4,459,742,23,5
SYSN10005740,SH8254446,Some By Mi Sáng da PA++++ Sunscreen,536000,5.0,14,11,29,4
SYSN10005741,SH7347525,Innisfree Chống lão hóa Night Cream Moisturizer,220000,4.6,240,131,13,2
SYSN10005742,SH2175582,Clean & Clear Cao cấp Hydrating Toner,61000,4.5,39,72,6,5
SYSN10005743,SH6496976,Simple Cao cấp Hyaluronic Acid Serum,124000,4.7,463,832,28,3
SYSN10005744,SH8748005,Neutrogena Làm mềm Micellar Cleanser,211000,4.7,12,18,20,1
SYSN10005745,SH3807033,Beauty of Joseon VN Làm dịu Foam Cleanser,399000,4.6,130,155,2,1
SYSN10005746,SH3911243,Innisfree Thiên nhiên Foam Cleanser,143000,4.2,16,27,13,1
SYSN10005747,SH6119047,The Face Shop Làm mềm Gel Moisturizer,324000,4.7,323,533,32,2
SYSN10005748,SH1504462,Neutrogena Thiên nhiên Foam Cleanser,319000,4.6,15,23,20,1
SYSN10005749,SH7024756,Hada Labo Làm dịu Peptide Serum,384000,4.7,23,42,11,3
SYSN10005750,SH6585147,Bioderma Làm dịu Gel Moisturizer,256000,4.7,100,158,3,2
SYSN10005751,SH7969139,Anessa Sáng da Water Resistant Sunscreen,399000,4.3,19,32,1,4
SYSN10005752,SH1012148,Garnier Cao cấp SPF 30 Sunscreen,127000,4.7,32,21,10,4
SYSN10005753,SH7130822,Simple Thiên nhiên Gel Cleanser,104000,4.7,0,0,28,1
SYSN10005754,SH9863866,Cocoon Tăng cường Vitamin C Serum,253000,4.5,24,15,7,3
SYSN10005755,SH2229943,Paula's Choice Kiểm soát nhờn Retinol Serum,723000,4.7,105,70,22,3
SYSN10005756,SH4388875,Hasaki Cấp nước Cream Moisturizer,181000,5.0,6,11,12,2
SYSN10005757,SH3300272,Laneige Hiệu quả Balm Cleanser,728000,4.3,44,29,18,1
SYSN10005758,SH5442642,Ohui VN Dưỡng ẩm Vitamin C Serum,1497000,4.7,20,18,21,3
SYSN10005759,SH6635435,Anessa Cấp nước AHA/BHA Serum,518000,4.5,24,26,1,3
SYSN10005760,SH3904701,Bioderma Kiểm soát nhờn Daily Sunscreen,526000,4.1,13,13,3,4
SYSN10005761,SH2685403,Innisfree Nhẹ nhàng Retinol Serum,567000,4.5,6,3,13,3
SYSN10005762,SH8981570,Bioderma Cao cấp Pore Care Toner,165000,4.4,14,27,3,5
SYSN10005763,SH4703422,Murad VN Chống lão hóa Hyaluronic Acid Serum,1297000,4.9,109,59,19,3
SYSN10005764,SH9492828,Hada Labo Phục hồi Lotion Moisturizer,404000,4.5,104,166,11,2
SYSN10005765,SH6250879,Neutrogena Nhẹ nhàng Exfoliating Toner,229000,4.8,8,14,20,5
SYSN10005766,SH9196832,Pond's Làm dịu Balm Cleanser,110000,4.5,31,56,23,1
SYSN10005767,SH8688134,Anessa Cao cấp Micellar Cleanser,389000,4.4,22,41,1,1
SYSN10005768,SH1442590,Neutrogena Làm dịu Low pH Cleanser,181000,4.9,1,1,20,1
SYSN10005769,SH2987312,Estee Lauder Cấp nước Peptide Serum,970000,4.3,19,12,9,3
SYSN10005770,SH1525908,Vaseline Cao cấp Low pH Cleanser,129000,4.8,1713,2709,34,1
SYSN10005771,SH3964973,Anessa Sáng da Oil Cleanser,272000,4.7,2,3,1,1
SYSN10005772,SH3144978,Senka Chuyên sâu Low pH Cleanser,70000,4.8,0,0,26,1
SYSN10005773,SH7716111,Rovectin Tăng cường AHA/BHA Serum,332000,4.9,8,12,24,3
SYSN10005774,SH6225349,L'Oreal Chống lão hóa Hydrating Toner,54000,4.3,0,0,16,5
SYSN10005775,SH8464319,Cosrx Trắng sáng Vitamin C Serum,328000,4.8,30,30,8,3
SYSN10005776,SH3958801,Bioderma Cao cấp Micellar Cleanser,315000,4.8,128,87,3,1
SYSN10005777,SH2173006,Bioderma Làm mềm Water Resistant Sunscreen,226000,4.7,70,83,3,4
SYSN10005778,SH9615090,L'Oreal Chuyên sâu Daily Sunscreen,142000,4.2,215,327,16,4
SYSN10005779,SH8268205,Neutrogena Tăng cường Retinol Serum,623000,4.3,120,88,20,3
SYSN10005780,SH3091564,L'Oreal Cao cấp Foam Cleanser,104000,4.5,23,26,16,1
SYSN10005781,SH8979998,Clean & Clear Nhẹ nhàng Low pH Cleanser,78000,4.5,88,117,6,1
SYSN10005782,SH8377596,Cosrx Chuyên sâu Oil Cleanser,440000,4.8,84,141,8,1
SYSN10005783,SH7439562,Shiseido VN Cao cấp Gel Cleanser,963000,4.4,0,0,27,1
SYSN10005784,SH9690383,Vaseline Cấp nước Low pH Cleanser,88000,4.6,1259,1252,34,1
SYSN10005785,SH2405840,Klairs Hiệu quả Vitamin C Serum,439000,4.4,4,2,15,3
SYSN10005786,SH3100205,Neutrogena Cấp nước Foam Cleanser,173000,4.6,93,60,20,1
SYSN10005787,SH3848458,Senka Phục hồi Brightening Toner,135000,4.6,45,38,26,5
SYSN10005788,SH8172943,Anessa Trắng sáng AHA/BHA Serum,473000,4.4,290,501,1,3
SYSN10005789,SH9649668,Kiehl's VN Hiệu quả Retinol Serum,2132000,4.3,150,289,14,3
SYSN10005790,SH4335729,Rovectin Làm dịu Micellar Cleanser,301000,4.4,4,2,24,1
SYSN10005791,SH9198215,Rovectin Nhẹ nhàng Tint Sunscreen,414000,4.5,24,28,24,4
SYSN10005792,SH6810442,Hada Labo Cao cấp Low pH Cleanser,245000,4.8,4,7,11,1
SYSN10005793,SH5063867,Anessa Cao cấp Retinol Serum,519000,4.6,14,21,1,3
SYSN10005794,SH1935741,St. Ives Cấp nước Tint Sunscreen,115000,4.2,6,7,30,4
SYSN10005795,SH8159792,Cocoon Cấp nước Brightening Toner,95000,4.6,18,10,7,5
SYSN10005796,SH8156108,The Face Shop Chống lão hóa Low pH Cleanser,246000,4.9,80,49,32,1
SYSN10005797,SH3280779,Cetaphil Phục hồi Low pH Cleanser,301000,4.4,23,24,5,1
SYSN10005798,SH1234883,Estee Lauder Làm dịu AHA/BHA Serum,2053000,4.2,57,86,9,3
SYSN10005799,SH7505803,The Face Shop Sáng da Micellar Cleanser,209000,4.6,9,5,32,1
SYSN10005800,SH2772931,Garnier Làm mềm Peptide Serum,124000,4.7,170,183,10,3
SYSN10005801,SH3434301,Paula's Choice Chuyên sâu Eye Cream Moisturizer,492000,4.3,457,555,22,2
SYSN10005802,SH9963829,Bioderma Sáng da Gel Cleanser,321000,5.0,15,18,3,1
SYSN10005803,SH7074016,Cosrx Làm mềm Vitamin C Serum,359000,4.7,56,66,8,3
SYSN10005804,SH6358756,Beauty of Joseon VN Cao cấp Low pH Cleanser,247000,4.7,59,95,2,1
SYSN10005805,SH4772284,Cosrx Kiểm soát nhờn AHA/BHA Serum,522000,4.7,9,6,8,3
SYSN10005806,SH9208001,Clean & Clear Làm mềm Essence Toner,122000,4.5,65,52,6,5
SYSN10005807,SH2941474,St. Ives Phục hồi Pore Care Toner,119000,4.3,4,3,30,5
SYSN10005808,SH5144610,Clean & Clear Tăng cường Lotion Moisturizer,184000,4.8,4,7,6,2
SYSN10005809,SH6663342,The Ordinary Chuyên sâu Tint Sunscreen,278000,4.9,3,1,33,4
SYSN10005810,SH4259690,Cosrx Kiểm soát nhờn Hyaluronic Acid Serum,471000,4.9,241,269,8,3
SYSN10005811,SH6599357,Murad VN Hiệu quả Gel Moisturizer,1072000,4.4,319,170,19,2
SYSN10005812,SH9472695,Pond's Cao cấp Tint Sunscreen,113000,4.1,68,78,23,4
SYSN10005813,SH3389242,Cetaphil Kiểm soát nhờn Micellar Cleanser,162000,4.9,38,25,5,1
SYSN10005814,SH6535152,Anessa Thiên nhiên Foam Cleanser,156000,5.0,1267,2354,1,1
SYSN10005815,SH4656408,Hasaki Dưỡng ẩm Lotion Moisturizer,132000,4.8,94,155,12,2
SYSN10005816,SH7975770,Clean & Clear Nhẹ nhàng Peptide Serum,74000,4.7,188,185,6,3
SYSN10005817,SH9041643,Bioderma Làm dịu Micellar Cleanser,354000,4.9,48,87,3,1
SYSN10005818,SH5175927,Bioderma Cao cấp Water Resistant Sunscreen,340000,4.5,24,21,3,4
SYSN10005819,SH8474842,Garnier Sáng da Daily Sunscreen,87000,4.4,27,30,10,4
SYSN10005820,SH1826413,Some By Mi Chuyên sâu Tint Sunscreen,195000,4.8,8,14,29,4
SYSN10005821,SH2593146,Rovectin Làm dịu Hyaluronic Acid Serum,702000,4.8,227,124,24,3
SYSN10005822,SH4120731,Cosrx Kiểm soát nhờn Vitamin C Serum,344000,4.4,25,49,8,3
SYSN10005823,SH6625935,Pond's Phục hồi AHA/BHA Serum,110000,4.6,59,94,23,3
SYSN10005824,SH3268441,St. Ives Thiên nhiên Daily Sunscreen,118000,5.0,47,80,30,4
SYSN10005825,SH7033731,Sulwhasoo Nhẹ nhàng Niacinamide Serum,3476000,4.7,5,3,31,3
SYSN10005826,SH8835009,The Face Shop Sáng da AHA/BHA Serum,415000,4.4,48,61,32,3
SYSN10005827,SH9004235,Innisfree Làm mềm PA++++ Sunscreen,452000,5.0,6,3,13,4
SYSN10005828,SH1908668,Klairs Trắng sáng Oil Cleanser,368000,4.8,9,17,15,1
SYSN10005829,SH6945016,Bioderma Hiệu quả Eye Cream Moisturizer,442000,4.6,36,23,3,2
SYSN10005830,SH9274081,Kiehl's VN Chống lão hóa Foam Cleanser,1898000,4.7,113,170,14,1
SYSN10005831,SH6061186,Rovectin Kiểm soát nhờn Balm Cleanser,313000,5.0,69,49,24,1
SYSN10005832,SH6315916,Cetaphil Dưỡng ẩm Retinol Serum,512000,5.0,14,26,5,3
SYSN10005833,SH2596988,Senka Tăng cường Niacinamide Serum,147000,4.8,12,23,26,3
SYSN10005834,SH1889936,Pond's Cấp nước Tint Sunscreen,167000,4.2,40,34,23,4
SYSN10005835,SH3761308,Cocoon Làm dịu Balm Cleanser,165000,4.9,187,305,7,1
SYSN10005836,SH8452783,L'Oreal Kiểm soát nhờn Niacinamide Serum,193000,4.6,18,19,16,3
SYSN10005837,SH4291026,Innisfree Chuyên sâu Essence Toner,255000,4.9,29,29,13,5
SYSN10005838,SH4311458,Estee Lauder Tăng cường SPF 50+ Sunscreen,1353000,5.0,43,81,9,4
SYSN10005839,SH7084611,Ohui VN Sáng da AHA/BHA Serum,3409000,4.4,34,29,21,3
SYSN10005840,SH1713787,Cocoon Sáng da Lotion Moisturizer,174000,4.0,121,117,7,2
SYSN10005841,SH5219946,Laneige Nhẹ nhàng Niacinamide Serum,1588000,4.8,4,3,18,3
SYSN10005842,SH6223105,Cosrx Chống lão hóa Daily Sunscreen,303000,4.4,279,165,8,4
SYSN10005843,SH2255891,Innisfree Chống lão hóa Niacinamide Serum,464000,4.5,219,359,13,3
SYSN10005844,SH2653329,Pond's Chống lão hóa Pore Care Toner,63000,4.7,110,60,23,5
SYSN10005845,SH6715202,Ohui VN Nhẹ nhàng Vitamin C Serum,1422000,4.6,180,331,21,3
SYSN10005846,SH2345154,Laneige Phục hồi Tint Sunscreen,872000,4.5,229,191,18,4
SYSN10005847,SH8042167,Hasaki Sáng da Vitamin C Serum,129000,5.0,23,35,12,3
SYSN10005848,SH9124128,Anessa Tăng cường Hyaluronic Acid Serum,508000,4.9,1,0,1,3
SYSN10005849,SH4593330,Hada Labo Chống lão hóa Night Cream Moisturizer,499000,4.8,108,125,11,2
SYSN10005850,SH3985261,Rovectin Trắng sáng Brightening Toner,319000,4.6,1229,735,24,5
SYSN10005851,SH7370043,Shiseido VN Làm mềm Cream Moisturizer,1135000,4.8,86,136,27,2
SYSN10005852,SH3873313,St. Ives Chống lão hóa Gel Cleanser,53000,4.8,6,8,30,1
SYSN10005853,SH9485444,Neutrogena Làm mềm SPF 30 Sunscreen,463000,4.6,1,1,20,4
SYSN10005854,SH9400547,Senka Làm mềm Peptide Serum,156000,4.3,2,2,26,3
SYSN10005855,SH6159274,Beauty of Joseon VN Cao cấp Lotion Moisturizer,205000,4.6,22,35,2,2
SYSN10005856,SH9576556,The Face Shop Sáng da Hydrating Toner,173000,4.8,14,17,32,5
SYSN10005857,SH3799531,Senka Chống lão hóa Pore Care Toner,148000,4.5,47,50,26,5
SYSN10005858,SH9239610,L'Oreal Nhẹ nhàng PA++++ Sunscreen,132000,4.0,11,14,16,4
SYSN10005859,SH3404372,Clean & Clear Dưỡng ẩm SPF 30 Sunscreen,49000,4.4,1,0,6,4
SYSN10005860,SH6805112,Cocoon Chống lão hóa Retinol Serum,223000,4.1,66,129,7,3
SYSN10005861,SH7265486,Sulwhasoo Nhẹ nhàng Retinol Serum,1955000,4.7,19,30,31,3
SYSN10005862,SH8441169,Hasaki Chuyên sâu Daily Sunscreen,110000,4.7,100,84,12,4
SYSN10005863,SH5248607,Clean & Clear Hiệu quả Foam Cleanser,62000,4.7,10,12,6,1
SYSN10005864,SH2178890,Rovectin Làm mềm Vitamin C Serum,456000,4.5,42,24,24,3
SYSN10005865,SH5014599,Clean & Clear Làm mềm Daily Sunscreen,104000,4.1,320,446,6,4
SYSN10005866,SH4406890,Rovectin Hiệu quả Water Resistant Sunscreen,315000,4.6,22,19,24,4
SYSN10005867,SH7686685,Hada Labo Kiểm soát nhờn Retinol Serum,434000,4.2,407,522,11,3
SYSN10005868,SH2719601,Laneige Cấp nước Daily Sunscreen,1558000,4.5,3,5,18,4
SYSN10005869,SH4953153,SK-II Sáng da AHA/BHA Serum,951000,4.7,5,6,25,3
SYSN10005870,SH7323342,Cosrx Dưỡng ẩm Pore Care Toner,329000,4.6,30,57,8,5
SYSN10005871,SH5853906,Rovectin Thiên nhiên Gel Moisturizer,301000,4.7,2,1,24,2
SYSN10005872,SH7850567,Innisfree Chống lão hóa Daily Sunscreen,331000,4.7,45,67,13,4
SYSN10005873,SH8453719,Beauty of Joseon VN Nhẹ nhàng Oil Cleanser,274000,4.6,83,141,2,1
SYSN10005874,SH9938471,Bioderma Trắng sáng Tint Sunscreen,196000,4.7,31,61,3,4
SYSN10005875,SH4819730,Neutrogena Hiệu quả Water Resistant Sunscreen,242000,4.6,4,3,20,4
SYSN10005876,SH7508112,Rovectin Chống lão hóa Micellar Cleanser,321000,4.3,24,16,24,1
SYSN10005877,SH7535264,The Face Shop Phục hồi Niacinamide Serum,407000,4.4,9,9,32,3
SYSN10005878,SH3369464,Clean & Clear Phục hồi Vitamin C Serum,147000,4.8,71,97,6,3
SYSN10005879,SH4420763,Innisfree Cấp nước Niacinamide Serum,373000,4.4,59,82,13,3
SYSN10005880,SH6017424,Vaseline Chống lão hóa Brightening Toner,67000,4.6,48,84,34,5
SYSN10005881,SH9572486,Some By Mi Hiệu quả Pore Care Toner,258000,4.9,17,19,29,5
SYSN10005882,SH1275418,Neutrogena Nhẹ nhàng Hydrating Toner,418000,4.8,27,51,20,5
SYSN10005883,SH9183489,Laneige Nhẹ nhàng Hyaluronic Acid Serum,3210000,5.0,20,21,18,3
SYSN10005884,SH7572496,L'Oreal Sáng da PA++++ Sunscreen,86000,4.9,103,67,16,4
SYSN10005885,SH3508174,Ohui VN Chống lão hóa Tint Sunscreen,2783000,4.7,14,10,21,4
SYSN10005886,SH5059397,Shiseido VN Thiên nhiên PA++++ Sunscreen,1278000,4.5,779,666,27,4
SYSN10005887,SH8990215,Laneige Dưỡng ẩm AHA/BHA Serum,2076000,4.8,112,197,18,3
SYSN10005888,SH6354995,L'Oreal Thiên nhiên Essence Toner,128000,4.3,4,2,16,5
SYSN10005889,SH8295371,Klairs Thiên nhiên Cream Moisturizer,334000,4.9,24,30,15,2
SYSN10005890,SH1424418,Beauty of Joseon VN Dưỡng ẩm Essence Toner,303000,4.9,4,4,2,5
SYSN10005891,SH4674943,The Face Shop Thiên nhiên Hyaluronic Acid Serum,393000,4.8,17,30,32,3
SYSN10005892,SH4065824,Hasaki Tăng cường Night Cream Moisturizer,232000,4.5,522,427,12,2
SYSN10005893,SH7268303,Ohui VN Phục hồi SPF 50+ Sunscreen,1078000,4.4,23,34,21,4
SYSN10005894,SH8280502,Some By Mi Tăng cường Gel Cleanser,164000,4.7,50,68,29,1
SYSN10005895,SH1218422,Sulwhasoo Trắng sáng AHA/BHA Serum,2338000,4.4,12,21,31,3
SYSN10005896,SH9131617,Simple Cao cấp Eye Cream Moisturizer,207000,4.7,9,8,28,2
SYSN10005897,SH7304131,Laneige Chuyên sâu Gel Cleanser,994000,4.7,38,51,18,1
SYSN10005898,SH9714816,Estee Lauder Làm mềm Pore Care Toner,1844000,5.0,54,74,9,5
SYSN10005899,SH5813347,Paula's Choice Chống lão hóa Low pH Cleanser,380000,4.7,6,3,22,1
SYSN10005900,SH4184031,Sulwhasoo Thiên nhiên Balm Cleanser,663000,4.6,256,413,31,1
SYSN10005901,SH9863271,Neutrogena Tăng cường Peptide Serum,536000,4.5,133,179,20,3
SYSN10005902,SH5056936,The Face Shop Dưỡng ẩm Micellar Cleanser,221000,4.9,230,302,32,1
SYSN10005903,SH1863083,Klairs Chuyên sâu Night Cream Moisturizer,180000,4.7,33,50,15,2
SYSN10005904,SH3569857,Innisfree Cấp nước Oil Cleanser,235000,4.8,30,25,13,1
SYSN10005905,SH7565546,Ohui VN Làm dịu PA++++ Sunscreen,2457000,4.8,0,0,21,4
SYSN10005906,SH7622513,Paula's Choice Cấp nước Essence Toner,226000,4.7,11,15,22,5
SYSN10005907,SH1349302,Vaseline Sáng da Hydrating Toner,139000,4.4,33,57,34,5
SYSN10005908,SH8990934,Cetaphil Phục hồi Water Resistant Sunscreen,346000,5.0,5,6,5,4
SYSN10005909,SH1699056,St. Ives Chống lão hóa Niacinamide Serum,124000,4.5,25,38,30,3
SYSN10005910,SH3092948,Clean & Clear Sáng da Vitamin C Serum,191000,4.7,278,150,6,3
SYSN10005911,SH5213838,Cosrx Chống lão hóa Lotion Moisturizer,683000,4.3,17,25,8,2
SYSN10005912,SH3242414,La Roche-Posay Cấp nước AHA/BHA Serum,588000,4.7,84,71,17,3
SYSN10005913,SH5083016,Cocoon Dưỡng ẩm Gel Moisturizer,323000,4.6,14,9,7,2
SYSN10005914,SH6178936,The Face Shop Phục hồi Cream Moisturizer,397000,4.6,7,7,32,2
SYSN10005915,SH6366867,Neutrogena Cấp nước Lotion Moisturizer,330000,4.6,10,11,20,2
SYSN10005916,SH1526375,Rovectin Dưỡng ẩm Water Resistant Sunscreen,239000,4.8,21,12,24,4
SYSN10005917,SH7248964,L'Oreal Làm mềm Micellar Cleanser,125000,4.5,15,26,16,1
SYSN10005918,SH6587167,Bioderma Nhẹ nhàng AHA/BHA Serum,297000,4.5,625,738,3,3
SYSN10005919,SH5592588,Beauty of Joseon VN Hiệu quả Low pH Cleanser,252000,4.6,0,0,2,1
SYSN10005920,SH2915129,The Face Shop Tăng cường SPF 50+ Sunscreen,328000,4.4,0,0,32,4
SYSN10005921,SH8619273,Shiseido VN Trắng sáng PA++++ Sunscreen,813000,4.8,3,1,27,4
SYSN10005922,SH8183935,Beauty of Joseon VN Cấp nước Brightening Toner,217000,4.2,147,191,2,5
SYSN10005923,SH9348768,Cetaphil Phục hồi Brightening Toner,321000,4.6,57,108,5,5
SYSN10005924,SH4835828,Vaseline Chống lão hóa SPF 50+ Sunscreen,161000,4.9,110,100,34,4
SYSN10005925,SH5519410,Hada Labo Cấp nước Night Cream Moisturizer,339000,4.7,61,77,11,2
SYSN10005926,SH3687227,Hada Labo Thiên nhiên Oil Cleanser,137000,4.7,116,153,11,1
SYSN10005927,SH2454624,Some By Mi Phục hồi Retinol Serum,357000,4.5,10,14,29,3
SYSN10005928,SH2833332,L'Oreal Cao cấp Vitamin C Serum,131000,4.6,5,9,16,3
SYSN10005929,SH4211770,Bioderma Cao cấp Tint Sunscreen,449000,4.4,18,21,3,4
SYSN10005930,SH7833627,Shiseido VN Trắng sáng Brightening Toner,759000,4.7,40,53,27,5
SYSN10005931,SH4305595,The Face Shop Chuyên sâu Micellar Cleanser,387000,4.3,31,21,32,1
SYSN10005932,SH6158069,St. Ives Làm mềm Pore Care Toner,52000,4.7,90,105,30,5
SYSN10005933,SH9172237,Garnier Trắng sáng Tint Sunscreen,127000,4.5,9,9,10,4
SYSN10005934,SH5075450,Some By Mi Thiên nhiên Water Resistant Sunscreen,364000,4.3,10,16,29,4
SYSN10005935,SH6255096,La Roche-Posay Tăng cường PA++++ Sunscreen,204000,4.6,5,3,17,4
SYSN10005936,SH6222352,Anessa Phục hồi Tint Sunscreen,423000,4.2,147,194,1,4
SYSN10005937,SH7385983,Simple Thiên nhiên Cream Moisturizer,152000,4.7,256,224,28,2
SYSN10005938,SH4006751,Bioderma Cao cấp PA++++ Sunscreen,439000,4.9,59,31,3,4
SYSN10005939,SH2285024,Rovectin Làm dịu Low pH Cleanser,249000,4.4,47,48,24,1
SYSN10005940,SH2486967,The Face Shop Sáng da AHA/BHA Serum,429000,4.5,21,16,32,3
SYSN10005941,SH9085316,La Roche-Posay Tăng cường Water Resistant Sunscreen,315000,4.5,8,11,17,4
SYSN10005942,SH7025406,Neutrogena Làm dịu SPF 50+ Sunscreen,296000,5.0,3,2,20,4
SYSN10005943,SH7610946,The Face Shop Chống lão hóa Tint Sunscreen,403000,4.2,41,46,32,4
SYSN10005944,SH2150638,Estee Lauder Kiểm soát nhờn Eye Cream Moisturizer,1423000,4.1,84,90,9,2
SYSN10005945,SH1389181,Shiseido VN Chuyên sâu Foam Cleanser,459000,4.8,13,22,27,1
SYSN10005946,SH5206737,Estee Lauder Làm dịu Tint Sunscreen,2414000,4.6,198,200,9,4
SYSN10005947,SH3086704,Some By Mi Nhẹ nhàng Low pH Cleanser,223000,4.4,72,108,29,1
SYSN10005948,SH3975443,St. Ives Dưỡng ẩm Gel Cleanser,49000,4.5,22,27,30,1
SYSN10005949,SH9325622,Laneige Hiệu quả Exfoliating Toner,1287000,4.8,30,24,18,5
SYSN10005950,SH1752368,Paula's Choice Thiên nhiên Brightening Toner,234000,4.4,31,30,22,5
SYSN10005951,SH7141336,Cetaphil Cấp nước SPF 30 Sunscreen,206000,4.6,150,133,5,4
SYSN10005952,SH4184884,Vaseline Làm mềm Eye Cream Moisturizer,113000,4.5,478,790,34,2
SYSN10005953,SH7372736,Clean & Clear Dưỡng ẩm Niacinamide Serum,104000,4.1,61,105,6,3
SYSN10005954,SH1185743,St. Ives Thiên nhiên Micellar Cleanser,143000,4.6,106,164,30,1
SYSN10005955,SH2493479,Hada Labo Sáng da Gel Cleanser,258000,4.5,41,63,11,1
SYSN10005956,SH3908064,Garnier Thiên nhiên PA++++ Sunscreen,140000,4.9,5,5,10,4
SYSN10005957,SH4416606,Garnier Làm dịu Peptide Serum,184000,4.7,247,256,10,3
SYSN10005958,SH7161981,Rovectin Làm dịu Eye Cream Moisturizer,295000,4.4,13,23,24,2
SYSN10005959,SH3951804,Rovectin Tăng cường Niacinamide Serum,438000,4.7,9,12,24,3
SYSN10005960,SH9608182,Cetaphil Cao cấp Water Resistant Sunscreen,307000,4.5,7,10,5,4
SYSN10005961,SH8103847,The Face Shop Cấp nước Tint Sunscreen,340000,4.8,8,8,32,4
SYSN10005962,SH5116937,Simple Trắng sáng AHA/BHA Serum,199000,4.7,73,61,28,3
SYSN10005963,SH5390946,Bioderma Hiệu quả Low pH Cleanser,160000,4.5,19,14,3,1
SYSN10005964,SH8618003,Cetaphil Hiệu quả Hydrating Toner,173000,5.0,21,19,5,5
SYSN10005965,SH3133971,Hada Labo Kiểm soát nhờn Exfoliating Toner,166000,4.6,3,3,11,5
SYSN10005966,SH6697928,Paula's Choice Phục hồi Daily Sunscreen,452000,4.6,59,44,22,4
SYSN10005967,SH1356549,Neutrogena Cao cấp Niacinamide Serum,415000,4.8,1,1,20,3
SYSN10005968,SH5290865,Klairs Chống lão hóa Low pH Cleanser,175000,4.3,71,85,15,1
SYSN10005969,SH2289086,Cosrx Chuyên sâu Essence Toner,338000,4.9,60,33,8,5
SYSN10005970,SH6674910,Cosrx Sáng da Retinol Serum,438000,4.4,89,172,8,3
SYSN10005971,SH6957414,L'Oreal Kiểm soát nhờn Retinol Serum,124000,4.7,13,24,16,3
SYSN10005972,SH7919933,Beauty of Joseon VN Chống lão hóa Barrier Repair Moisturizer,243000,4.5,80,129,2,2
SYSN10005973,SH5474013,Innisfree Dưỡng ẩm Daily Sunscreen,316000,5.0,136,133,13,4
SYSN10005974,SH2316185,Beauty of Joseon VN Hiệu quả SPF 50+ Sunscreen,185000,4.5,74,112,2,4
SYSN10005975,SH4283164,The Ordinary Chống lão hóa Hydrating Toner,220000,4.0,25,46,33,5
SYSN10005976,SH4483340,Neutrogena Dưỡng ẩm Daily Sunscreen,313000,4.4,86,67,20,4
SYSN10005977,SH2390234,Simple Làm mềm Hydrating Toner,157000,4.2,726,981,28,5
SYSN10005978,SH8618037,Cetaphil Chống lão hóa Hyaluronic Acid Serum,501000,4.7,10,19,5,3
SYSN10005979,SH4055989,Garnier Thiên nhiên SPF 50+ Sunscreen,169000,4.4,42,76,10,4
SYSN10005980,SH9960279,Ohui VN Sáng da Water Resistant Sunscreen,1698000,4.6,55,63,21,4
SYSN10005981,SH9312160,Senka Cấp nước Peptide Serum,165000,4.4,184,350,26,3
SYSN10005982,SH3069162,Rovectin Sáng da Gel Cleanser,315000,4.8,146,267,24,1
SYSN10005983,SH3907918,Shiseido VN Trắng sáng Tint Sunscreen,2492000,4.2,8,6,27,4
SYSN10005984,SH6651425,Senka Tăng cường Gel Cleanser,129000,4.7,29,19,26,1
SYSN10005985,SH3782003,Beauty of Joseon VN Phục hồi Exfoliating Toner,269000,4.8,2,3,2,5
SYSN10005986,SH8260487,Clean & Clear Kiểm soát nhờn Oil Cleanser,100000,4.5,52,89,6,1
SYSN10005987,SH3710627,Pond's Cấp nước Essence Toner,59000,4.9,222,415,23,5
SYSN10005988,SH8745331,Cosrx Làm dịu Balm Cleanser,341000,4.6,0,0,8,1
SYSN10005989,SH6702797,Neutrogena Dưỡng ẩm SPF 50+ Sunscreen,357000,4.3,89,91,20,4
SYSN10005990,SH3414221,Shiseido VN Hiệu quả Low pH Cleanser,1171000,4.9,21,25,27,1
SYSN10005991,SH7426414,Ohui VN Kiểm soát nhờn Hyaluronic Acid Serum,2495000,4.7,13,18,21,3
SYSN10005992,SH2674810,Hasaki Phục hồi Gel Moisturizer,202000,5.0,11,9,12,2
SYSN10005993,SH1761246,Garnier Cấp nước Water Resistant Sunscreen,113000,4.6,0,0,10,4
SYSN10005994,SH2936672,Simple Dưỡng ẩm Hydrating Toner,122000,4.9,17,16,28,5
SYSN10005995,SH2328642,La Roche-Posay Chuyên sâu Vitamin C Serum,745000,4.7,5,7,17,3
SYSN10005996,SH4677136,Anessa Cấp nước Daily Sunscreen,447000,4.4,654,1095,1,4
SYSN10005997,SH5478529,Hada Labo Tăng cường Gel Moisturizer,674000,4.2,209,320,11,2
SYSN10005998,SH5852579,Cetaphil Dưỡng ẩm Brightening Toner,145000,4.4,41,28,5,5
SYSN10005999,SH4981070,Rovectin Chuyên sâu Lotion Moisturizer,449000,4.7,3,5,24,2
SYSN10006000,SH4116272,Clean & Clear Hiệu quả Hydrating Toner,176000,4.4,59,69,6,5
SYSN10006001,SH3776007,CeraVe Trắng sáng Pore Care Toner,196000,4.7,316,230,4,5
SYSN10006002,SH9190921,Anessa Dưỡng ẩm Peptide Serum,348000,4.8,249,125,1,3
SYSN10006003,SH2703151,Some By Mi Tăng cường Exfoliating Toner,226000,4.6,25,43,29,5
SYSN10006004,SH8379657,SK-II Trắng sáng Foam Cleanser,1466000,4.4,44,25,25,1
SYSN10006005,SH7530972,Innisfree Kiểm soát nhờn SPF 50+ Sunscreen,270000,4.5,643,371,13,4
SYSN10006006,SH7170597,Cetaphil Hiệu quả SPF 30 Sunscreen,288000,4.1,554,441,5,4
SYSN10006007,SH1124054,Vaseline Dưỡng ẩm Retinol Serum,185000,4.1,255,203,34,3
SYSN10006008,SH2126585,Hada Labo Thiên nhiên Lotion Moisturizer,285000,4.5,0,0,11,2
SYSN10006009,SH5876798,Klairs Sáng da Gel Moisturizer,346000,4.0,36,71,15,2
SYSN10006010,SH4561243,Hada Labo Làm dịu Hyaluronic Acid Serum,434000,4.1,18,9,11,3
SYSN10006011,SH2276313,Pond's Phục hồi Cream Moisturizer,125000,4.6,10,10,23,2
SYSN10006012,SH4475491,Shiseido VN Trắng sáng Tint Sunscreen,1828000,4.7,40,44,27,4
SYSN10006013,SH3831396,Cosrx Tăng cường Lotion Moisturizer,261000,4.5,144,111,8,2
SYSN10006014,SH6385396,Shiseido VN Kiểm soát nhờn Hyaluronic Acid Serum,1664000,4.7,30,47,27,3
SYSN10006015,SH7817082,L'Oreal Cao cấp Water Resistant Sunscreen,214000,4.7,43,44,16,4
SYSN10006016,SH9324825,Rovectin Trắng sáng SPF 30 Sunscreen,243000,4.8,47,23,24,4
SYSN10006017,SH2280048,Hasaki Thiên nhiên SPF 30 Sunscreen,123000,4.6,12,11,12,4
SYSN10006018,SH6603893,Ohui VN Thiên nhiên Tint Sunscreen,1014000,4.3,8,4,21,4
SYSN10006019,SH5239470,L'Oreal Trắng sáng Peptide Serum,212000,5.0,0,0,16,3
SYSN10006020,SH7935903,Klairs Cao cấp SPF 30 Sunscreen,329000,4.0,35,66,15,4
SYSN10006021,SH6256161,Garnier Làm dịu Night Cream Moisturizer,65000,4.1,39,74,10,2
SYSN10006022,SH6130098,Innisfree Làm mềm Tint Sunscreen,339000,4.6,142,154,13,4
SYSN10006023,SH2493111,The Face Shop Dưỡng ẩm Gel Moisturizer,454000,5.0,119,182,32,2
SYSN10006024,SH3869166,Garnier Dưỡng ẩm Niacinamide Serum,136000,4.6,41,59,10,3
SYSN10006025,SH2577439,Sulwhasoo Làm dịu Eye Cream Moisturizer,1055000,4.7,6,10,31,2
SYSN10006026,SH1698206,Hada Labo Nhẹ nhàng Tint Sunscreen,527000,4.6,385,652,11,4
SYSN10006027,SH4085739,Anessa Kiểm soát nhờn Oil Cleanser,383000,4.6,0,0,1,1
SYSN10006028,SH1180747,Simple Hiệu quả Gel Cleanser,96000,4.2,17,22,28,1
SYSN10006029,SH6659750,Ohui VN Chống lão hóa Retinol Serum,2043000,4.9,42,81,21,3
SYSN10006030,SH1250527,Ohui VN Cấp nước Gel Cleanser,2075000,4.5,31,24,21,1
SYSN10006031,SH4087165,Innisfree Trắng sáng Essence Toner,278000,3.9,10,5,13,5
SYSN10006032,SH7084059,Garnier Chuyên sâu Peptide Serum,164000,4.9,57,83,10,3
SYSN10006033,SH8796326,The Ordinary Dưỡng ẩm Gel Moisturizer,428000,5.0,16,11,33,2
SYSN10006034,SH7029298,The Face Shop Sáng da Exfoliating Toner,175000,4.9,10,6,32,5
SYSN10006035,SH5087705,St. Ives Thiên nhiên Night Cream Moisturizer,113000,4.5,11,14,30,2
SYSN10006036,SH3623491,Innisfree Kiểm soát nhờn Oil Cleanser,160000,4.4,65,56,13,1
SYSN10006037,SH7846812,Anessa Hiệu quả Oil Cleanser,412000,4.6,13,12,1,1
SYSN10006038,SH1396584,Clean & Clear Phục hồi Micellar Cleanser,114000,4.9,26,48,6,1
SYSN10006039,SH6012390,Neutrogena Chuyên sâu Peptide Serum,472000,4.4,20,34,20,3
SYSN10006040,SH9622363,Innisfree Cao cấp Retinol Serum,427000,4.7,22,13,13,3
SYSN10006041,SH3007231,Bioderma Sáng da Exfoliating Toner,245000,5.0,23,45,3,5
SYSN10006042,SH7882197,CeraVe Sáng da Brightening Toner,231000,4.2,1,0,4,5
SYSN10006043,SH6700339,Beauty of Joseon VN Sáng da Micellar Cleanser,220000,4.2,12,6,2,1
SYSN10006044,SH1100213,Beauty of Joseon VN Chống lão hóa Peptide Serum,454000,4.5,5,3,2,3
SYSN10006045,SH7337844,Simple Trắng sáng Night Cream Moisturizer,90000,4.6,10,13,28,2
SYSN10006046,SH6543941,Some By Mi Hiệu quả Water Resistant Sunscreen,330000,4.8,31,61,29,4
SYSN10006047,SH4285178,L'Oreal Trắng sáng Eye Cream Moisturizer,102000,4.4,52,64,16,2
SYSN10006048,SH3663146,Some By Mi Thiên nhiên Brightening Toner,242000,4.8,1,0,29,5
SYSN10006049,SH9831303,Garnier Phục hồi Peptide Serum,142000,4.4,73,74,10,3
SYSN10006050,SH8276736,Cosrx Nhẹ nhàng PA++++ Sunscreen,322000,5.0,0,0,8,4
SYSN10006051,SH2685518,Paula's Choice Dưỡng ẩm Pore Care Toner,255000,4.5,0,0,22,5
SYSN10006052,SH6720037,SK-II Cao cấp Low pH Cleanser,1371000,4.8,102,155,25,1
SYSN10006053,SH5785479,CeraVe Trắng sáng SPF 50+ Sunscreen,318000,5.0,835,898,4,4
SYSN10006054,SH9545843,Cetaphil Cấp nước Pore Care Toner,254000,4.6,12,8,5,5
SYSN10006055,SH5065659,Some By Mi Nhẹ nhàng Retinol Serum,468000,4.8,130,130,29,3
SYSN10006056,SH2595184,Hada Labo Làm mềm Retinol Serum,537000,4.3,36,39,11,3
SYSN10006057,SH8715461,Ohui VN Kiểm soát nhờn Tint Sunscreen,2125000,4.3,21,40,21,4
SYSN10006058,SH8442808,The Face Shop Chuyên sâu Brightening Toner,213000,4.7,6,9,32,5
SYSN10006059,SH1513939,Pond's Chuyên sâu Vitamin C Serum,137000,4.6,9,6,23,3
SYSN10006060,SH6218479,Cosrx Chống lão hóa Eye Cream Moisturizer,325000,4.7,140,202,8,2
SYSN10006061,SH7405376,Senka Làm dịu Hydrating Toner,68000,4.4,208,280,26,5
SYSN10006062,SH1263401,SK-II Làm dịu Foam Cleanser,1271000,4.4,43,70,25,1
SYSN10006063,SH1121334,Klairs Tăng cường PA++++ Sunscreen,360000,4.4,46,27,15,4
SYSN10006064,SH8437237,L'Oreal Dưỡng ẩm SPF 30 Sunscreen,77000,4.6,19,31,16,4
SYSN10006065,SH5490136,Cosrx Cấp nước Daily Sunscreen,336000,4.7,298,531,8,4
SYSN10006066,SH9761179,Garnier Thiên nhiên Gel Cleanser,78000,4.5,67,82,10,1
SYSN10006067,SH7596732,Cocoon Cấp nước Pore Care Toner,116000,4.4,5,7,7,5
SYSN10006068,SH6185646,Cocoon Chống lão hóa Tint Sunscreen,100000,4.4,146,182,7,4
SYSN10006069,SH7773685,Klairs Chuyên sâu Retinol Serum,410000,4.4,74,53,15,3
SYSN10006070,SH5941656,Rovectin Chuyên sâu Balm Cleanser,260000,4.7,91,175,24,1
SYSN10006071,SH8363199,Cocoon Trắng sáng Essence Toner,104000,4.6,130,75,7,5
SYSN10006072,SH2675543,Hada Labo Chống lão hóa Night Cream Moisturizer,562000,4.7,265,409,11,2
SYSN10006073,SH1855654,Cetaphil Nhẹ nhàng Micellar Cleanser,230000,4.9,41,70,5,1
SYSN10006074,SH3666472,Hasaki Cao cấp Vitamin C Serum,153000,4.7,22,38,12,3
SYSN10006075,SH7627695,Neutrogena Tăng cường Night Cream Moisturizer,403000,4.7,203,220,20,2
SYSN10006076,SH1653993,Simple Chống lão hóa SPF 50+ Sunscreen,172000,4.4,64,121,28,4
SYSN10006077,SH7160963,Vaseline Phục hồi Balm Cleanser,117000,4.6,1,1,34,1
SYSN10006078,SH6688698,Hada Labo Cao cấp Low pH Cleanser,295000,4.1,5,3,11,1
SYSN10006079,SH9611152,Paula's Choice Hiệu quả Peptide Serum,395000,4.8,186,273,22,3
SYSN10006080,SH4207437,The Face Shop Nhẹ nhàng Pore Care Toner,310000,4.2,40,65,32,5
SYSN10006081,SH3078240,Laneige Chống lão hóa SPF 30 Sunscreen,642000,4.3,28,43,18,4
SYSN10006082,SH1229688,Klairs Dưỡng ẩm Exfoliating Toner,254000,4.5,75,69,15,5
SYSN10006083,SH1266694,Clean & Clear Cao cấp PA++++ Sunscreen,143000,4.7,56,36,6,4
SYSN10006084,SH9194715,Some By Mi Làm mềm Lotion Moisturizer,549000,4.7,117,65,29,2
SYSN10006085,SH1116384,Garnier Nhẹ nhàng Oil Cleanser,142000,4.8,7,6,10,1
SYSN10006086,SH9752411,CeraVe Hiệu quả Foam Cleanser,213000,4.1,27,30,4,1
SYSN10006087,SH7929238,Anessa Trắng sáng Brightening Toner,306000,4.6,33,51,1,5
SYSN10006088,SH6339855,Cocoon Làm mềm Daily Sunscreen,104000,4.6,251,195,7,4
SYSN10006089,SH7454700,Neutrogena Nhẹ nhàng Gel Moisturizer,602000,5.0,8,11,20,2
SYSN10006090,SH2475212,Klairs Kiểm soát nhờn Peptide Serum,461000,4.6,13,19,15,3
SYSN10006091,SH7066905,Anessa Dưỡng ẩm Oil Cleanser,280000,4.6,16,8,1,1
SYSN10006092,SH5454562,Cetaphil Chống lão hóa Night Cream Moisturizer,234000,4.7,147,138,5,2
SYSN10006093,SH9939908,Kiehl's VN Kiểm soát nhờn Low pH Cleanser,822000,4.1,62,92,14,1
SYSN10006094,SH2894109,Cetaphil Phục hồi Gel Cleanser,238000,4.8,22,41,5,1
SYSN10006095,SH3822593,Neutrogena Làm dịu SPF 50+ Sunscreen,338000,4.9,119,63,20,4
SYSN10006096,SH2260988,Pond's Kiểm soát nhờn Exfoliating Toner,109000,4.7,40,76,23,5
SYSN10006097,SH4288660,Innisfree Nhẹ nhàng Daily Sunscreen,415000,4.4,27,45,13,4
SYSN10006098,SH1795645,Rovectin Phục hồi Exfoliating Toner,297000,4.8,63,78,24,5
SYSN10006099,SH5753188,Neutrogena Kiểm soát nhờn AHA/BHA Serum,392000,5.0,19,32,20,3
SYSN10006100,SH5964636,Senka Tăng cường Pore Care Toner,132000,4.8,164,317,26,5
SYSN10006101,SH1050043,Rovectin Sáng da Tint Sunscreen,340000,4.3,2034,2764,24,4
SYSN10006102,SH9404704,Rovectin Chuyên sâu Barrier Repair Moisturizer,367000,4.5,11,19,24,2
SYSN10006103,SH2554794,La Roche-Posay Trắng sáng PA++++ Sunscreen,244000,4.2,24,39,17,4
SYSN10006104,SH2156961,Anessa Chống lão hóa Brightening Toner,156000,4.2,31,18,1,5
SYSN10006105,SH6761812,Cetaphil Nhẹ nhàng Peptide Serum,502000,4.1,4,4,5,3
SYSN10006106,SH7412862,Neutrogena Cao cấp Niacinamide Serum,658000,4.7,9,13,20,3
SYSN10006107,SH4143804,Garnier Chống lão hóa Night Cream Moisturizer,129000,4.7,48,25,10,2
SYSN10006108,SH6375798,The Face Shop Dưỡng ẩm Daily Sunscreen,225000,4.4,4,3,32,4
SYSN10006109,SH8657036,Clean & Clear Chuyên sâu Essence Toner,160000,5.0,267,207,6,5
SYSN10006110,SH3361901,Hasaki Phục hồi Peptide Serum,210000,4.4,2,1,12,3
SYSN10006111,SH5546237,Beauty of Joseon VN Thiên nhiên Eye Cream Moisturizer,346000,4.2,2,3,2,2
SYSN10006112,SH5746584,Anessa Kiểm soát nhờn Micellar Cleanser,216000,4.4,15,11,1,1
SYSN10006113,SH7023053,The Face Shop Làm mềm Oil Cleanser,285000,4.7,2,2,32,1
SYSN10006114,SH7236364,Vaseline Kiểm soát nhờn Tint Sunscreen,65000,4.8,50,54,34,4
SYSN10006115,SH5061364,Garnier Sáng da Niacinamide Serum,151000,4.8,15,13,10,3
SYSN10006116,SH4080123,Vaseline Chống lão hóa Hyaluronic Acid Serum,113000,4.1,85,127,34,3
SYSN10006117,SH7598577,Cosrx Kiểm soát nhờn Night Cream Moisturizer,499000,4.6,30,25,8,2
SYSN10006118,SH8464950,Innisfree Làm dịu Niacinamide Serum,324000,4.9,1175,2245,13,3
SYSN10006119,SH8362559,Senka Kiểm soát nhờn Water Resistant Sunscreen,89000,5.0,2,3,26,4
SYSN10006120,SH9481156,Hada Labo Chuyên sâu Tint Sunscreen,178000,4.4,14,23,11,4
SYSN10006121,SH6545057,Pond's Dưỡng ẩm SPF 30 Sunscreen,151000,4.5,43,65,23,4
SYSN10006122,SH3419969,The Face Shop Chống lão hóa Brightening Toner,297000,5.0,20,34,32,5
SYSN10006123,SH6334997,Cosrx Cao cấp Niacinamide Serum,424000,4.4,31,51,8,3
SYSN10006124,SH9745409,CeraVe Nhẹ nhàng Retinol Serum,462000,4.3,67,46,4,3
SYSN10006125,SH9539673,Some By Mi Cấp nước Low pH Cleanser,254000,4.4,47,53,29,1
SYSN10006126,SH1236164,Hada Labo Làm mềm Gel Cleanser,314000,4.7,59,100,11,1
SYSN10006127,SH7200724,Some By Mi Tăng cường AHA/BHA Serum,501000,4.7,969,1490,29,3
SYSN10006128,SH7275637,The Ordinary Thiên nhiên Tint Sunscreen,424000,4.3,5,5,33,4
SYSN10006129,SH6321178,St. Ives Thiên nhiên Gel Moisturizer,65000,4.7,0,0,30,2
SYSN10006130,SH3086053,Murad VN Nhẹ nhàng Niacinamide Serum,2385000,4.4,2,1,19,3
SYSN10006131,SH1863950,CeraVe Kiểm soát nhờn Balm Cleanser,410000,4.8,75,41,4,1
SYSN10006132,SH5137249,Vaseline Làm mềm Daily Sunscreen,166000,4.1,114,106,34,4
SYSN10006133,SH2112175,Klairs Chuyên sâu Retinol Serum,455000,5.0,13,17,15,3
SYSN10006134,SH9606126,Neutrogena Tăng cường SPF 30 Sunscreen,202000,4.6,20,29,20,4
SYSN10006135,SH8602690,Innisfree Hiệu quả Water Resistant Sunscreen,329000,4.5,53,97,13,4
SYSN10006136,SH1894765,Innisfree Làm mềm Exfoliating Toner,193000,4.8,10,14,13,5
SYSN10006137,SH1488297,Pond's Sáng da Water Resistant Sunscreen,118000,4.5,0,0,23,4
SYSN10006138,SH7990607,Estee Lauder Dưỡng ẩm Gel Moisturizer,3098000,4.5,16,11,9,2
SYSN10006139,SH9383571,Ohui VN Sáng da Water Resistant Sunscreen,1368000,4.5,8,6,21,4
SYSN10006140,SH5700131,Bioderma Chuyên sâu Pore Care Toner,402000,4.9,299,506,3,5
SYSN10006141,SH1743013,Beauty of Joseon VN Chuyên sâu Retinol Serum,430000,4.7,7,9,2,3
SYSN10006142,SH2616421,The Ordinary Tăng cường Vitamin C Serum,362000,5.0,721,1428,33,3
SYSN10006143,SH5876388,Sulwhasoo Tăng cường Gel Cleanser,1687000,4.5,7,12,31,1
SYSN10006144,SH8583681,Bioderma Hiệu quả Gel Cleanser,445000,4.8,42,52,3,1
SYSN10006145,SH1446004,L'Oreal Cấp nước Low pH Cleanser,93000,4.3,895,1086,16,1
SYSN10006146,SH5304798,Neutrogena Làm mềm Night Cream Moisturizer,499000,4.9,166,302,20,2
SYSN10006147,SH4661954,Simple Chống lão hóa Retinol Serum,199000,4.6,4,7,28,3
SYSN10006148,SH9071594,Neutrogena Cấp nước Low pH Cleanser,316000,4.7,309,263,20,1
SYSN10006149,SH6725685,Klairs Làm dịu Daily Sunscreen,481000,4.5,1,1,15,4
SYSN10006150,SH2340992,Paula's Choice Chuyên sâu Foam Cleanser,240000,5.0,30,21,22,1
SYSN10006151,SH4456150,L'Oreal Nhẹ nhàng Foam Cleanser,74000,4.2,15,7,16,1
SYSN10006152,SH8558675,SK-II Cấp nước AHA/BHA Serum,1411000,4.7,77,142,25,3
SYSN10006153,SH6763742,Garnier Làm dịu Hydrating Toner,57000,4.9,1288,1224,10,5
SYSN10006154,SH7966165,Cocoon Tăng cường Gel Cleanser,77000,5.0,45,76,7,1
SYSN10006155,SH8201680,Estee Lauder Tăng cường Hyaluronic Acid Serum,1650000,4.9,7,12,9,3
SYSN10006156,SH2670101,Neutrogena Nhẹ nhàng Retinol Serum,408000,4.4,48,82,20,3
SYSN10006157,SH3268971,Rovectin Làm mềm AHA/BHA Serum,571000,4.6,26,27,24,3
SYSN10006158,SH2190263,Some By Mi Chuyên sâu Oil Cleanser,291000,4.5,21,29,29,1
SYSN10006159,SH3724162,Garnier Cao cấp Niacinamide Serum,194000,4.9,11,20,10,3
SYSN10006160,SH6160074,Paula's Choice Thiên nhiên Brightening Toner,170000,4.9,15,20,22,5
SYSN10006161,SH2962934,Vaseline Dưỡng ẩm Water Resistant Sunscreen,201000,4.4,22,29,34,4
SYSN10006162,SH7946564,Rovectin Tăng cường Foam Cleanser,222000,4.7,168,120,24,1
SYSN10006163,SH1090089,Cosrx Làm mềm Pore Care Toner,296000,4.6,29,44,8,5
SYSN10006164,SH3202126,The Ordinary Phục hồi Micellar Cleanser,336000,4.5,17,27,33,1
SYSN10006165,SH9864053,Cetaphil Kiểm soát nhờn Gel Cleanser,289000,4.6,2180,1189,5,1
SYSN10006166,SH4042571,Some By Mi Làm mềm Hyaluronic Acid Serum,430000,4.1,15,13,29,3
SYSN10006167,SH1737872,Cosrx Phục hồi Tint Sunscreen,396000,4.6,3310,5580,8,4
SYSN10006168,SH8751883,The Face Shop Tăng cường Peptide Serum,313000,4.6,54,85,32,3
SYSN10006169,SH6844936,Cocoon Cao cấp SPF 30 Sunscreen,169000,4.6,7,4,7,4
SYSN10006170,SH8768138,Hada Labo Chống lão hóa Gel Moisturizer,247000,4.8,13,21,11,2
SYSN10006171,SH2476653,Garnier Thiên nhiên Micellar Cleanser,114000,4.5,37,55,10,1
SYSN10006172,SH7974007,Vaseline Cấp nước Hydrating Toner,82000,4.8,17,18,34,5
SYSN10006173,SH3782061,Pond's Làm dịu Gel Cleanser,169000,4.7,50,78,23,1
SYSN10006174,SH4552199,Kiehl's VN Trắng sáng AHA/BHA Serum,2575000,5.0,2,3,14,3
SYSN10006175,SH8964187,Innisfree Hiệu quả Vitamin C Serum,356000,4.5,2,1,13,3
SYSN10006176,SH3758751,Paula's Choice Hiệu quả Night Cream Moisturizer,202000,4.7,104,152,22,2
SYSN10006177,SH5629556,Pond's Tăng cường Cream Moisturizer,96000,4.6,13,8,23,2
SYSN10006178,SH1709675,Hada Labo Trắng sáng Tint Sunscreen,285000,4.8,23,35,11,4
SYSN10006179,SH7395704,Cosrx Kiểm soát nhờn Vitamin C Serum,377000,4.8,2,1,8,3
SYSN10006180,SH9526211,Bioderma Làm dịu Foam Cleanser,180000,4.8,8,11,3,1
SYSN10006181,SH4779785,Klairs Thiên nhiên Niacinamide Serum,349000,4.7,267,168,15,3
SYSN10006182,SH7216582,Senka Làm mềm Balm Cleanser,77000,4.5,179,223,26,1
SYSN10006183,SH3278556,Murad VN Nhẹ nhàng SPF 30 Sunscreen,1219000,4.6,82,156,19,4
SYSN10006184,SH6363402,Neutrogena Thiên nhiên Balm Cleanser,298000,4.5,13,6,20,1
SYSN10006185,SH2831167,SK-II Làm dịu Low pH Cleanser,680000,4.6,6,7,25,1
SYSN10006186,SH1770650,Hada Labo Làm mềm Micellar Cleanser,277000,4.3,192,114,11,1
SYSN10006187,SH7062488,Shiseido VN Cấp nước Vitamin C Serum,1186000,4.9,85,67,27,3
SYSN10006188,SH4908330,St. Ives Sáng da Tint Sunscreen,173000,4.6,0,0,30,4
SYSN10006189,SH8019596,Rovectin Tăng cường Niacinamide Serum,588000,4.5,23,40,24,3
SYSN10006190,SH9479788,Clean & Clear Trắng sáng Hydrating Toner,81000,4.8,32,36,6,5
SYSN10006191,SH4135173,Hada Labo Trắng sáng Gel Cleanser,383000,5.0,27,35,11,1
SYSN10006192,SH4680485,Laneige Làm dịu Niacinamide Serum,2263000,4.6,73,76,18,3
SYSN10006193,SH5393142,Bioderma Trắng sáng Foam Cleanser,354000,4.7,4,5,3,1
SYSN10006194,SH3014560,Klairs Cấp nước Low pH Cleanser,267000,4.9,15,22,15,1
SYSN10006195,SH7409686,Neutrogena Làm dịu Daily Sunscreen,193000,4.6,48,91,20,4
SYSN10006196,SH5036638,The Ordinary Kiểm soát nhờn Hyaluronic Acid Serum,652000,4.4,225,130,33,3
SYSN10006197,SH8717767,Rovectin Hiệu quả Pore Care Toner,369000,4.4,29,30,24,5
SYSN10006198,SH9686124,Simple Kiểm soát nhờn Vitamin C Serum,97000,4.5,28,28,28,3
SYSN10006199,SH4127671,Murad VN Cao cấp Eye Cream Moisturizer,1536000,4.7,101,117,19,2
SYSN10006200,SH1789923,Beauty of Joseon VN Làm dịu SPF 30 Sunscreen,351000,4.7,5,6,2,4
SYSN10006201,SH8949535,CeraVe Cấp nước Essence Toner,302000,4.5,12,7,4,5
SYSN10006202,SH9244976,Paula's Choice Dưỡng ẩm Foam Cleanser,350000,4.7,2,3,22,1
SYSN10006203,SH2113213,Neutrogena Sáng da Daily Sunscreen,286000,4.3,45,56,20,4
SYSN10006204,SH5006371,Senka Phục hồi Vitamin C Serum,231000,4.5,7,4,26,3
SYSN10006205,SH2571232,La Roche-Posay Trắng sáng Vitamin C Serum,791000,4.2,53,84,17,3
SYSN10006206,SH2308844,Garnier Cao cấp Pore Care Toner,112000,4.7,1,1,10,5
SYSN10006207,SH8054923,Estee Lauder Nhẹ nhàng Tint Sunscreen,2187000,4.9,79,152,9,4
SYSN10006208,SH2655201,Pond's Thiên nhiên Peptide Serum,191000,4.9,4,4,23,3
SYSN10006209,SH8434464,L'Oreal Sáng da Micellar Cleanser,61000,4.5,83,80,16,1
SYSN10006210,SH2991456,Cocoon Nhẹ nhàng Night Cream Moisturizer,300000,4.7,140,196,7,2
SYSN10006211,SH3202904,Paula's Choice Thiên nhiên Balm Cleanser,209000,4.5,0,0,22,1
SYSN10006212,SH2182480,The Face Shop Cấp nước Water Resistant Sunscreen,274000,4.5,83,58,32,4
SYSN10006213,SH3647904,Hada Labo Cao cấp Balm Cleanser,219000,4.4,11,17,11,1
SYSN10006214,SH8649591,Sulwhasoo Tăng cường Tint Sunscreen,2758000,4.8,80,150,31,4
SYSN10006215,SH8784269,Klairs Tăng cường Low pH Cleanser,293000,4.6,107,132,15,1
SYSN10006216,SH1570320,Senka Tăng cường Oil Cleanser,123000,4.4,241,385,26,1
SYSN10006217,SH4757707,L'Oreal Cao cấp Retinol Serum,145000,4.7,22,29,16,3
SYSN10006218,SH7783672,Garnier Kiểm soát nhờn Pore Care Toner,74000,4.9,742,1279,10,5
SYSN10006219,SH7029753,Vaseline Dưỡng ẩm Tint Sunscreen,114000,4.6,46,33,34,4
SYSN10006220,SH9622743,Paula's Choice Tăng cường Barrier Repair Moisturizer,255000,4.4,0,0,22,2
SYSN10006221,SH3624399,Senka Hiệu quả Low pH Cleanser,59000,4.6,111,153,26,1
SYSN10006222,SH9591066,Beauty of Joseon VN Dưỡng ẩm Exfoliating Toner,257000,4.6,1044,1340,2,5
SYSN10006223,SH1170355,CeraVe Hiệu quả Pore Care Toner,330000,4.5,139,156,4,5
SYSN10006224,SH2320971,Estee Lauder Làm dịu Micellar Cleanser,1444000,4.5,381,512,9,1
SYSN10006225,SH7660559,Rovectin Kiểm soát nhờn Lotion Moisturizer,293000,4.1,118,145,24,2
SYSN10006226,SH7327218,Pond's Tăng cường Daily Sunscreen,92000,4.6,39,33,23,4
SYSN10006227,SH8005329,Senka Trắng sáng PA++++ Sunscreen,71000,4.5,60,114,26,4
SYSN10006228,SH7365892,St. Ives Kiểm soát nhờn Essence Toner,60000,4.6,39,29,30,5
SYSN10006229,SH7679581,Murad VN Tăng cường Vitamin C Serum,1481000,4.7,114,129,19,3
SYSN10006230,SH5492325,St. Ives Dưỡng ẩm Gel Cleanser,58000,4.7,174,292,30,1
SYSN10006231,SH9652279,Some By Mi Thiên nhiên Gel Cleanser,250000,4.2,134,241,29,1
SYSN10006232,SH7670460,The Ordinary Kiểm soát nhờn Gel Cleanser,299000,4.3,64,35,33,1
SYSN10006233,SH2508228,Rovectin Làm dịu Gel Moisturizer,371000,4.5,58,110,24,2
SYSN10006234,SH6033709,Hasaki Tăng cường Hydrating Toner,158000,4.7,0,0,12,5
SYSN10006235,SH6061591,Cetaphil Cấp nước Vitamin C Serum,392000,5.0,16,25,5,3
SYSN10006236,SH4903972,Some By Mi Phục hồi Oil Cleanser,242000,4.5,1775,2252,29,1
SYSN10006237,SH4502954,Some By Mi Làm dịu Micellar Cleanser,159000,4.6,1527,1509,29,1
SYSN10006238,SH5356184,CeraVe Cấp nước Foam Cleanser,168000,4.2,469,558,4,1
SYSN10006239,SH9510655,Rovectin Làm mềm Tint Sunscreen,280000,4.8,2,2,24,4
SYSN10006240,SH8267899,Garnier Kiểm soát nhờn Hyaluronic Acid Serum,156000,4.6,20,18,10,3
SYSN10006241,SH5454133,Cetaphil Dưỡng ẩm Balm Cleanser,280000,4.8,68,54,5,1
SYSN10006242,SH3573901,Pond's Phục hồi Brightening Toner,124000,4.3,5,7,23,5
SYSN10006243,SH1824858,Bioderma Trắng sáng Brightening Toner,367000,4.9,1,0,3,5
SYSN10006244,SH4951444,Beauty of Joseon VN Hiệu quả Micellar Cleanser,165000,4.8,22,42,2,1
SYSN10006245,SH1288427,CeraVe Chuyên sâu SPF 30 Sunscreen,233000,4.9,7,7,4,4
SYSN10006246,SH5091546,Murad VN Chống lão hóa Barrier Repair Moisturizer,1462000,5.0,5,8,19,2
SYSN10006247,SH9214082,Murad VN Tăng cường Tint Sunscreen,1642000,4.9,22,35,19,4
SYSN10006248,SH2814314,Ohui VN Sáng da Lotion Moisturizer,1865000,4.1,7,4,21,2
SYSN10006249,SH4554219,Bioderma Kiểm soát nhờn Cream Moisturizer,346000,4.9,70,130,3,2
SYSN10006250,SH8552180,Hada Labo Làm mềm Vitamin C Serum,705000,4.5,42,46,11,3
SYSN10006251,SH3505468,CeraVe Sáng da Foam Cleanser,418000,4.6,2,1,4,1
SYSN10006252,SH7263627,Bioderma Thiên nhiên Gel Cleanser,209000,4.4,226,196,3,1
SYSN10006253,SH1368711,Innisfree Tăng cường Hydrating Toner,297000,4.9,2,3,13,5
SYSN10006254,SH9328682,Pond's Chuyên sâu Night Cream Moisturizer,88000,4.4,31,19,23,2
SYSN10006255,SH5869172,Garnier Chống lão hóa AHA/BHA Serum,103000,4.7,34,31,10,3
SYSN10006256,SH1065574,Paula's Choice Làm mềm Pore Care Toner,421000,4.5,33,26,22,5
SYSN10006257,SH3724268,St. Ives Nhẹ nhàng Foam Cleanser,118000,4.2,490,405,30,1
SYSN10006258,SH4604390,Hada Labo Nhẹ nhàng Peptide Serum,472000,4.6,61,66,11,3
SYSN10006259,SH9139299,SK-II Hiệu quả Water Resistant Sunscreen,1096000,4.6,6,11,25,4
SYSN10006260,SH2514619,Pond's Nhẹ nhàng PA++++ Sunscreen,116000,4.7,4,4,23,4
SYSN10006261,SH1564215,SK-II Chuyên sâu Hyaluronic Acid Serum,3532000,4.8,49,52,25,3
SYSN10006262,SH6014814,Klairs Làm dịu Exfoliating Toner,427000,4.5,190,333,15,5
SYSN10006263,SH6356201,Cetaphil Tăng cường Pore Care Toner,239000,4.4,9,16,5,5
SYSN10006264,SH3286582,Cetaphil Làm mềm Micellar Cleanser,353000,4.6,256,403,5,1
SYSN10006265,SH1008908,Hada Labo Hiệu quả PA++++ Sunscreen,338000,4.5,63,41,11,4
SYSN10006266,SH3095676,Paula's Choice Làm mềm Niacinamide Serum,448000,4.6,9,7,22,3
SYSN10006267,SH2965470,The Face Shop Cấp nước Gel Moisturizer,203000,4.8,20,20,32,2
SYSN10006268,SH3239912,Murad VN Kiểm soát nhờn Brightening Toner,665000,4.1,21,33,19,5
SYSN10006269,SH9414386,Innisfree Sáng da Vitamin C Serum,481000,4.3,4,5,13,3
SYSN10006270,SH1065629,Anessa Trắng sáng Barrier Repair Moisturizer,314000,4.3,1985,2918,1,2
SYSN10006271,SH2375726,Cetaphil Sáng da Brightening Toner,366000,4.9,40,32,5,5
SYSN10006272,SH3810620,Klairs Dưỡng ẩm Eye Cream Moisturizer,252000,4.4,57,55,15,2
SYSN10006273,SH3284923,Murad VN Thiên nhiên Pore Care Toner,724000,4.2,74,130,19,5
SYSN10006274,SH5205147,The Face Shop Tăng cường Gel Moisturizer,268000,5.0,183,346,32,2
SYSN10006275,SH8848119,Anessa Dưỡng ẩm Pore Care Toner,148000,4.8,699,846,1,5
SYSN10006276,SH7371808,Simple Dưỡng ẩm Hyaluronic Acid Serum,159000,4.5,180,236,28,3
SYSN10006277,SH3712051,The Face Shop Cao cấp PA++++ Sunscreen,251000,4.7,62,119,32,4
SYSN10006278,SH9560164,Cocoon Chuyên sâu SPF 30 Sunscreen,159000,4.7,40,44,7,4
SYSN10006279,SH5861273,Ohui VN Nhẹ nhàng Niacinamide Serum,1287000,4.5,28,38,21,3
SYSN10006280,SH9402368,La Roche-Posay Cao cấp Hydrating Toner,206000,4.6,70,110,17,5
SYSN10006281,SH2772927,Rovectin Hiệu quả Vitamin C Serum,624000,4.9,19,13,24,3
SYSN10006282,SH3270109,Bioderma Nhẹ nhàng SPF 30 Sunscreen,422000,4.5,102,201,3,4
SYSN10006283,SH6238526,Beauty of Joseon VN Tăng cường SPF 50+ Sunscreen,401000,4.6,56,110,2,4
SYSN10006284,SH6436196,Vaseline Hiệu quả Peptide Serum,117000,4.8,9,15,34,3
SYSN10006285,SH2481471,Rovectin Làm mềm Gel Cleanser,234000,4.3,7,9,24,1
SYSN10006286,SH7737944,Senka Phục hồi Foam Cleanser,119000,4.4,61,105,26,1
SYSN10006287,SH6677560,St. Ives Dưỡng ẩm Hyaluronic Acid Serum,234000,4.9,91,148,30,3
SYSN10006288,SH5154091,Ohui VN Cấp nước Tint Sunscreen,829000,4.5,13,22,21,4
SYSN10006289,SH6752060,St. Ives Trắng sáng Gel Cleanser,157000,4.2,133,127,30,1
SYSN10006290,SH2923967,Vaseline Nhẹ nhàng Pore Care Toner,91000,4.5,220,315,34,5
SYSN10006291,SH7542924,Cosrx Cấp nước SPF 30 Sunscreen,389000,4.7,9,10,8,4
SYSN10006292,SH1010284,Laneige Hiệu quả Vitamin C Serum,1232000,4.8,11,17,18,3
SYSN10006293,SH3761979,CeraVe Phục hồi Niacinamide Serum,288000,4.4,384,296,4,3
SYSN10006294,SH6272038,Neutrogena Cao cấp Peptide Serum,483000,4.7,11,6,20,3
SYSN10006295,SH6542159,Rovectin Chuyên sâu Balm Cleanser,319000,4.7,17,30,24,1
SYSN10006296,SH1684538,Bioderma Thiên nhiên Balm Cleanser,371000,4.5,460,845,3,1
SYSN10006297,SH5576740,L'Oreal Sáng da PA++++ Sunscreen,55000,4.4,61,35,16,4
SYSN10006298,SH2566764,La Roche-Posay Cấp nước Lotion Moisturizer,336000,5.0,6,8,17,2
SYSN10006299,SH3826036,Murad VN Sáng da Niacinamide Serum,2259000,4.6,5,5,19,3
SYSN10006300,SH6821441,Shiseido VN Làm mềm Vitamin C Serum,2850000,4.9,49,24,27,3
SYSN10006301,SH2009708,Sulwhasoo Trắng sáng Balm Cleanser,1549000,4.8,31,32,31,1
SYSN10006302,SH6470011,Hada Labo Hiệu quả Gel Cleanser,330000,4.4,5,7,11,1
SYSN10006303,SH6995682,Innisfree Tăng cường PA++++ Sunscreen,185000,4.8,119,186,13,4
SYSN10006304,SH5296397,Hada Labo Tăng cường AHA/BHA Serum,258000,4.3,177,323,11,3
SYSN10006305,SH9622958,Cocoon Kiểm soát nhờn Night Cream Moisturizer,190000,5.0,32,51,7,2
SYSN10006306,SH4997939,Clean & Clear Chuyên sâu Low pH Cleanser,78000,4.5,23,17,6,1
SYSN10006307,SH9812089,L'Oreal Hiệu quả Daily Sunscreen,75000,4.6,99,67,16,4
SYSN10006308,SH2912144,Vaseline Kiểm soát nhờn Peptide Serum,151000,4.2,67,42,34,3
SYSN10006309,SH7083471,Laneige Thiên nhiên Gel Cleanser,696000,4.7,102,181,18,1
SYSN10006310,SH8856712,Neutrogena Cấp nước PA++++ Sunscreen,252000,5.0,130,149,20,4
SYSN10006311,SH8445119,The Ordinary Sáng da Lotion Moisturizer,283000,4.6,32,58,33,2
SYSN10006312,SH8389391,Neutrogena Làm dịu Peptide Serum,474000,4.8,478,646,20,3
SYSN10006313,SH5439814,La Roche-Posay Cao cấp Gel Cleanser,166000,4.1,3,1,17,1
SYSN10006314,SH3851493,Rovectin Cấp nước Peptide Serum,359000,4.8,525,773,24,3
SYSN10006315,SH4642197,Bioderma Làm mềm Pore Care Toner,385000,4.8,57,96,3,5
SYSN10006316,SH5307721,Hada Labo Chống lão hóa Daily Sunscreen,343000,4.4,28,41,11,4
SYSN10006317,SH1151917,Cetaphil Làm mềm Eye Cream Moisturizer,192000,4.3,59,65,5,2
SYSN10006318,SH8932249,The Ordinary Hiệu quả Gel Cleanser,226000,4.5,0,0,33,1
SYSN10006319,SH2726899,Sulwhasoo Cao cấp Vitamin C Serum,2769000,4.8,20,27,31,3
SYSN10006320,SH4840865,Clean & Clear Chuyên sâu Peptide Serum,124000,4.5,11,11,6,3
SYSN10006321,SH6633294,Beauty of Joseon VN Tăng cường Niacinamide Serum,315000,4.6,21,26,2,3
SYSN10006322,SH8589943,Bioderma Chống lão hóa Hydrating Toner,321000,4.8,17,31,3,5
SYSN10006323,SH3224951,Kiehl's VN Phục hồi Foam Cleanser,569000,4.7,461,675,14,1
SYSN10006324,SH7695058,Shiseido VN Cao cấp Hyaluronic Acid Serum,1994000,4.4,3,3,27,3
SYSN10006325,SH2300536,SK-II Hiệu quả Essence Toner,1773000,5.0,24,24,25,5
SYSN10006326,SH8729987,Hada Labo Kiểm soát nhờn Low pH Cleanser,409000,4.8,20,20,11,1
SYSN10006327,SH3527828,Bioderma Sáng da Hydrating Toner,351000,4.7,114,75,3,5
SYSN10006328,SH2059147,Beauty of Joseon VN Làm mềm Pore Care Toner,398000,4.3,161,171,2,5
SYSN10006329,SH8282041,L'Oreal Trắng sáng Foam Cleanser,78000,4.2,16,26,16,1
SYSN10006330,SH2403922,La Roche-Posay Cao cấp Exfoliating Toner,166000,4.9,154,269,17,5
SYSN10006331,SH7168602,Kiehl's VN Hiệu quả SPF 30 Sunscreen,1736000,4.5,28,18,14,4
SYSN10006332,SH2307829,Shiseido VN Cao cấp Gel Cleanser,1110000,5.0,142,170,27,1
SYSN10006333,SH8331203,Cetaphil Thiên nhiên Oil Cleanser,155000,4.7,54,86,5,1
SYSN10006334,SH9145476,Bioderma Trắng sáng Essence Toner,287000,4.7,12,8,3,5
SYSN10006335,SH3049189,Shiseido VN Làm dịu AHA/BHA Serum,3618000,4.5,10,14,27,3
SYSN10006336,SH1097563,Kiehl's VN Phục hồi SPF 30 Sunscreen,2855000,4.8,42,23,14,4
SYSN10006337,SH7751464,Bioderma Trắng sáng Tint Sunscreen,287000,4.7,189,375,3,4
SYSN10006338,SH2417232,L'Oreal Tăng cường Barrier Repair Moisturizer,114000,5.0,30,51,16,2
SYSN10006339,SH3712737,Simple Chống lão hóa PA++++ Sunscreen,86000,4.6,25,29,28,4
SYSN10006340,SH8904748,L'Oreal Hiệu quả Brightening Toner,122000,4.6,311,355,16,5
SYSN10006341,SH2567533,Shiseido VN Hiệu quả AHA/BHA Serum,2131000,4.2,6,7,27,3
SYSN10006342,SH5402509,CeraVe Dưỡng ẩm Cream Moisturizer,199000,4.4,12,13,4,2
SYSN10006343,SH7493864,Senka Cao cấp PA++++ Sunscreen,168000,4.3,10,18,26,4
SYSN10006344,SH4532603,Some By Mi Tăng cường Water Resistant Sunscreen,377000,4.7,4,4,29,4
SYSN10006345,SH1136909,L'Oreal Nhẹ nhàng Retinol Serum,160000,4.8,142,106,16,3
SYSN10006346,SH7865459,The Face Shop Làm mềm SPF 50+ Sunscreen,325000,4.8,34,47,32,4
SYSN10006347,SH6914100,Hada Labo Sáng da SPF 30 Sunscreen,276000,4.4,0,0,11,4
SYSN10006348,SH5956763,Bioderma Cao cấp Foam Cleanser,293000,4.5,15,15,3,1
SYSN10006349,SH7815071,Rovectin Trắng sáng SPF 50+ Sunscreen,367000,4.4,15,8,24,4
SYSN10006350,SH3432681,Rovectin Chống lão hóa Balm Cleanser,288000,4.6,66,49,24,1
SYSN10006351,SH6067992,Klairs Làm mềm Hyaluronic Acid Serum,552000,4.5,24,31,15,3
SYSN10006352,SH6512493,Klairs Làm dịu Hydrating Toner,159000,4.7,332,206,15,5
SYSN10006353,SH5307116,Anessa Trắng sáng Peptide Serum,422000,4.5,23,16,1,3
SYSN10006354,SH9977074,Klairs Thiên nhiên SPF 30 Sunscreen,237000,3.9,96,66,15,4
SYSN10006355,SH6411834,Anessa Tăng cường Water Resistant Sunscreen,518000,4.8,12,10,1,4
SYSN10006356,SH3898962,Klairs Làm mềm Retinol Serum,567000,5.0,2470,4342,15,3
SYSN10006357,SH8731957,Rovectin Dưỡng ẩm SPF 30 Sunscreen,401000,4.9,12,16,24,4
SYSN10006358,SH1853425,Pond's Chống lão hóa Oil Cleanser,96000,4.2,1,1,23,1
SYSN10006359,SH4192759,Cosrx Hiệu quả Cream Moisturizer,360000,4.8,143,189,8,2
SYSN10006360,SH6376423,Cosrx Phục hồi Barrier Repair Moisturizer,251000,4.7,31,16,8,2
SYSN10006361,SH7563364,Cetaphil Dưỡng ẩm Micellar Cleanser,316000,4.9,15,18,5,1
SYSN10006362,SH7631693,Anessa Tăng cường Balm Cleanser,324000,4.6,16,26,1,1
SYSN10006363,SH3972109,Hada Labo Làm mềm AHA/BHA Serum,717000,4.8,65,62,11,3
SYSN10006364,SH6887244,Hasaki Cao cấp Niacinamide Serum,276000,4.4,14,8,12,3
SYSN10006365,SH7458007,Rovectin Làm dịu Micellar Cleanser,295000,4.4,26,42,24,1
SYSN10006366,SH3387063,Cetaphil Chống lão hóa Vitamin C Serum,383000,4.7,37,26,5,3
SYSN10006367,SH2323761,The Face Shop Phục hồi Gel Cleanser,154000,4.8,23,15,32,1
SYSN10006368,SH4929282,Senka Sáng da Water Resistant Sunscreen,164000,4.9,3,1,26,4
SYSN10006369,SH6180104,Murad VN Nhẹ nhàng Retinol Serum,3357000,4.8,0,0,19,3
SYSN10006370,SH9900275,St. Ives Cấp nước Daily Sunscreen,199000,4.5,11,8,30,4
SYSN10006371,SH1308533,Hada Labo Chuyên sâu Gel Cleanser,340000,4.3,183,274,11,1
SYSN10006372,SH7870389,Bioderma Sáng da Lotion Moisturizer,447000,4.3,44,34,3,2
SYSN10006373,SH6577016,Cosrx Tăng cường Foam Cleanser,275000,4.6,4,7,8,1
SYSN10006374,SH5336110,Rovectin Nhẹ nhàng Niacinamide Serum,415000,4.6,2,2,24,3
SYSN10006375,SH5873283,Rovectin Làm dịu Tint Sunscreen,257000,4.4,40,21,24,4
SYSN10006376,SH6544571,Cosrx Làm dịu AHA/BHA Serum,406000,4.7,40,77,8,3
SYSN10006377,SH2691567,Hasaki Chống lão hóa Retinol Serum,149000,5.0,504,551,12,3
SYSN10006378,SH1013388,Kiehl's VN Tăng cường Hydrating Toner,1182000,4.7,226,165,14,5
SYSN10006379,SH3667220,Paula's Choice Làm mềm Essence Toner,304000,4.5,246,177,22,5
SYSN10006380,SH9926748,Bioderma Chống lão hóa Water Resistant Sunscreen,418000,4.6,93,134,3,4
SYSN10006381,SH2643448,Hada Labo Dưỡng ẩm Pore Care Toner,175000,4.6,1069,584,11,5
SYSN10006382,SH4282766,Garnier Làm dịu PA++++ Sunscreen,129000,4.5,26,14,10,4
SYSN10006383,SH4918413,Cocoon Cấp nước Vitamin C Serum,292000,4.2,23,34,7,3
SYSN10006384,SH6864281,Neutrogena Dưỡng ẩm Gel Cleanser,169000,4.6,386,223,20,1
SYSN10006385,SH8429684,St. Ives Sáng da SPF 30 Sunscreen,120000,4.7,25,30,30,4
SYSN10006386,SH6839683,Estee Lauder Trắng sáng Pore Care Toner,840000,4.5,0,0,9,5
SYSN10006387,SH5740955,Neutrogena Kiểm soát nhờn Tint Sunscreen,249000,4.7,27,39,20,4
SYSN10006388,SH9693792,Cosrx Cao cấp Pore Care Toner,206000,4.5,91,108,8,5
SYSN10006389,SH3694370,Vaseline Sáng da Tint Sunscreen,83000,4.6,1377,964,34,4
SYSN10006390,SH9782849,Klairs Cấp nước Gel Cleanser,224000,4.1,1,0,15,1
SYSN10006391,SH6198692,L'Oreal Nhẹ nhàng Balm Cleanser,72000,4.4,4,4,16,1
SYSN10006392,SH9410136,SK-II Chống lão hóa Peptide Serum,1001000,4.8,22,20,25,3
SYSN10006393,SH5060278,Innisfree Tăng cường Night Cream Moisturizer,242000,4.3,932,1554,13,2
SYSN10006394,SH8436951,Innisfree Phục hồi Tint Sunscreen,572000,4.3,55,35,13,4
SYSN10006395,SH9689307,Simple Hiệu quả Tint Sunscreen,96000,4.7,136,143,28,4
SYSN10006396,SH6046644,Laneige Làm mềm Peptide Serum,2131000,4.6,704,870,18,3
SYSN10006397,SH3056200,Bioderma Dưỡng ẩm SPF 50+ Sunscreen,554000,4.8,7,12,3,4
SYSN10006398,SH2134464,L'Oreal Sáng da Micellar Cleanser,84000,4.3,8,7,16,1
SYSN10006399,SH5331980,CeraVe Làm mềm Hyaluronic Acid Serum,294000,4.2,55,85,4,3
SYSN10006400,SH3171957,Cosrx Thiên nhiên Micellar Cleanser,188000,4.9,3,2,8,1
SYSN10006401,SH3585589,Estee Lauder Kiểm soát nhờn AHA/BHA Serum,922000,4.8,83,74,9,3
SYSN10006402,SH8740047,Shiseido VN Chống lão hóa Peptide Serum,2061000,4.1,3,3,27,3
SYSN10006403,SH6194058,Neutrogena Chống lão hóa Hyaluronic Acid Serum,365000,4.6,26,39,20,3
SYSN10006404,SH7685461,Simple Làm dịu AHA/BHA Serum,126000,4.8,11,12,28,3
SYSN10006405,SH8702631,Beauty of Joseon VN Sáng da Retinol Serum,514000,4.3,60,43,2,3
SYSN10006406,SH7882752,Shiseido VN Kiểm soát nhờn Vitamin C Serum,1814000,4.6,52,99,27,3
SYSN10006407,SH7038122,Neutrogena Làm mềm Pore Care Toner,248000,4.6,118,213,20,5
SYSN10006408,SH6405242,Cocoon Nhẹ nhàng Peptide Serum,185000,4.9,115,124,7,3
SYSN10006409,SH9682767,Estee Lauder Làm mềm Retinol Serum,2825000,4.6,1302,1041,9,3
SYSN10006410,SH5921118,Neutrogena Trắng sáng Micellar Cleanser,184000,4.6,14,23,20,1
SYSN10006411,SH9230095,Cetaphil Thiên nhiên Retinol Serum,684000,4.0,42,60,5,3
SYSN10006412,SH3167069,Sulwhasoo Hiệu quả Eye Cream Moisturizer,2250000,4.4,5,4,31,2
SYSN10006413,SH8928710,Senka Sáng da Retinol Serum,150000,4.5,116,151,26,3
SYSN10006414,SH6259911,Garnier Tăng cường Tint Sunscreen,120000,4.1,9,7,10,4
SYSN10006415,SH7689438,Cocoon Trắng sáng Peptide Serum,203000,5.0,24,34,7,3
SYSN10006416,SH3507839,L'Oreal Nhẹ nhàng Gel Moisturizer,107000,4.6,106,89,16,2
SYSN10006417,SH1971410,Neutrogena Cao cấp Niacinamide Serum,472000,4.5,64,81,20,3
SYSN10006418,SH5547063,Pond's Chuyên sâu Eye Cream Moisturizer,89000,4.7,2,2,23,2
SYSN10006419,SH9424046,Rovectin Chống lão hóa Gel Moisturizer,357000,4.9,350,668,24,2
SYSN10006420,SH2360342,Cocoon Làm mềm Pore Care Toner,91000,4.0,46,26,7,5
SYSN10006421,SH4804674,Anessa Phục hồi Essence Toner,163000,4.3,35,40,1,5
SYSN10006422,SH6992546,Garnier Tăng cường Hydrating Toner,128000,4.5,5,8,10,5
SYSN10006423,SH9261459,Some By Mi Thiên nhiên Peptide Serum,287000,4.8,22,37,29,3
SYSN10006424,SH5245741,St. Ives Làm mềm Gel Moisturizer,148000,4.5,22,27,30,2
SYSN10006425,SH1845458,Innisfree Chống lão hóa Retinol Serum,334000,4.6,129,209,13,3
SYSN10006426,SH5079617,L'Oreal Làm mềm Oil Cleanser,103000,4.2,27,52,16,1
SYSN10006427,SH9162551,The Face Shop Làm mềm Water Resistant Sunscreen,316000,4.6,31,59,32,4
SYSN10006428,SH9368760,Cetaphil Phục hồi Pore Care Toner,361000,4.7,16,26,5,5
SYSN10006429,SH1939836,Klairs Hiệu quả Hyaluronic Acid Serum,610000,4.5,36,35,15,3
SYSN10006430,SH8773463,Clean & Clear Chống lão hóa Water Resistant Sunscreen,99000,4.8,197,376,6,4
SYSN10006431,SH3596185,Senka Cấp nước AHA/BHA Serum,274000,4.2,13,11,26,3
SYSN10006432,SH8626061,Garnier Chống lão hóa Low pH Cleanser,64000,4.5,151,149,10,1
SYSN10006433,SH1381592,Innisfree Làm mềm SPF 50+ Sunscreen,422000,4.8,297,176,13,4
SYSN10006434,SH5157325,Hada Labo Làm mềm Micellar Cleanser,278000,4.6,63,66,11,1
SYSN10006435,SH9524370,Pond's Hiệu quả Water Resistant Sunscreen,135000,4.5,129,173,23,4
SYSN10006436,SH9644379,Shiseido VN Kiểm soát nhờn Brightening Toner,967000,4.0,15,8,27,5
SYSN10006437,SH1032500,Klairs Chuyên sâu Retinol Serum,256000,4.5,111,218,15,3
SYSN10006438,SH6371156,The Face Shop Hiệu quả Vitamin C Serum,403000,4.4,159,248,32,3
SYSN10006439,SH1163850,Rovectin Kiểm soát nhờn Gel Moisturizer,369000,4.5,1,0,24,2
SYSN10006440,SH3533488,L'Oreal Trắng sáng Retinol Serum,170000,4.7,60,113,16,3
SYSN10006441,SH2817434,Estee Lauder Chuyên sâu Pore Care Toner,2672000,4.5,313,518,9,5
SYSN10006442,SH3976521,Klairs Nhẹ nhàng Exfoliating Toner,419000,4.6,882,1290,15,5
SYSN10006443,SH7645541,Klairs Phục hồi Pore Care Toner,498000,4.9,82,66,15,5
SYSN10006444,SH8717244,Some By Mi Cao cấp Oil Cleanser,382000,4.7,70,93,29,1
SYSN10006445,SH5319058,Cosrx Trắng sáng Peptide Serum,393000,4.9,29,38,8,3
SYSN10006446,SH5301693,Klairs Cấp nước Daily Sunscreen,490000,4.6,208,189,15,4
SYSN10006447,SH3793032,Cosrx Làm dịu Hyaluronic Acid Serum,239000,4.5,78,90,8,3
SYSN10006448,SH1779529,Some By Mi Nhẹ nhàng Water Resistant Sunscreen,389000,4.1,15,19,29,4
SYSN10006449,SH8975793,Bioderma Chuyên sâu Foam Cleanser,267000,4.8,50,94,3,1
SYSN10006450,SH3819106,Garnier Cao cấp Micellar Cleanser,81000,4.9,28,34,10,1
SYSN10006451,SH7477665,Shiseido VN Trắng sáng Hyaluronic Acid Serum,2308000,4.8,78,83,27,3
SYSN10006452,SH8803483,Cetaphil Chống lão hóa Niacinamide Serum,293000,4.3,164,190,5,3
SYSN10006453,SH6053387,Clean & Clear Nhẹ nhàng Foam Cleanser,146000,5.0,5,9,6,1
SYSN10006454,SH5354752,Some By Mi Phục hồi Eye Cream Moisturizer,515000,4.8,154,236,29,2
SYSN10006455,SH7720115,St. Ives Làm dịu Daily Sunscreen,105000,4.6,84,141,30,4
SYSN10006456,SH1326187,St. Ives Hiệu quả Oil Cleanser,99000,4.5,223,220,30,1
SYSN10006457,SH1536177,Cocoon Dưỡng ẩm Cream Moisturizer,150000,5.0,17,20,7,2
SYSN10006458,SH3625266,Cocoon Cao cấp Balm Cleanser,140000,4.7,542,866,7,1
SYSN10006459,SH4077319,Laneige Phục hồi Gel Cleanser,1207000,4.6,60,46,18,1
SYSN10006460,SH8964822,L'Oreal Chống lão hóa Foam Cleanser,101000,4.7,10,19,16,1
SYSN10006461,SH5751267,Rovectin Làm dịu Daily Sunscreen,379000,4.6,497,928,24,4
SYSN10006462,SH8348027,Klairs Làm dịu Micellar Cleanser,244000,4.1,180,310,15,1
SYSN10006463,SH7500931,Estee Lauder Kiểm soát nhờn Night Cream Moisturizer,2155000,4.2,80,93,9,2
SYSN10006464,SH8925295,Shiseido VN Phục hồi Vitamin C Serum,2462000,4.6,8,9,27,3
SYSN10006465,SH4427662,Cosrx Tăng cường Retinol Serum,319000,4.3,40,74,8,3
SYSN10006466,SH2286849,Senka Kiểm soát nhờn Foam Cleanser,96000,4.3,45,34,26,1
SYSN10006467,SH2873198,Cetaphil Hiệu quả AHA/BHA Serum,527000,4.5,11,11,5,3
SYSN10006468,SH2714070,Beauty of Joseon VN Tăng cường AHA/BHA Serum,487000,4.9,39,55,2,3
SYSN10006469,SH4075057,Pond's Chuyên sâu Tint Sunscreen,140000,4.7,10,16,23,4
SYSN10006470,SH3225423,Cosrx Thiên nhiên Lotion Moisturizer,383000,4.8,289,169,8,2
SYSN10006471,SH2974711,Cosrx Hiệu quả Peptide Serum,235000,4.4,336,245,8,3
SYSN10006472,SH9607922,Clean & Clear Làm mềm Low pH Cleanser,135000,4.7,188,152,6,1
SYSN10006473,SH8978811,Neutrogena Phục hồi Peptide Serum,317000,4.3,938,961,20,3
SYSN10006474,SH2884626,Ohui VN Kiểm soát nhờn PA++++ Sunscreen,1620000,4.2,84,80,21,4
SYSN10006475,SH5874943,St. Ives Kiểm soát nhờn Essence Toner,56000,4.4,13,22,30,5
SYSN10006476,SH6876634,Neutrogena Cấp nước AHA/BHA Serum,660000,4.7,840,734,20,3
SYSN10006477,SH5865896,Some By Mi Kiểm soát nhờn Niacinamide Serum,240000,4.6,181,295,29,3
SYSN10006478,SH2664822,Bioderma Thiên nhiên Essence Toner,382000,4.7,40,22,3,5
SYSN10006479,SH6698851,Klairs Chống lão hóa Gel Moisturizer,494000,4.6,56,67,15,2
SYSN10006480,SH2973832,The Ordinary Thiên nhiên SPF 30 Sunscreen,523000,4.5,3,4,33,4
SYSN10006481,SH7135890,Neutrogena Hiệu quả Water Resistant Sunscreen,476000,4.9,2,3,20,4
SYSN10006482,SH8179741,SK-II Làm dịu Hyaluronic Acid Serum,1957000,4.9,44,52,25,3
SYSN10006483,SH1183462,Rovectin Sáng da Retinol Serum,448000,4.5,158,306,24,3
SYSN10006484,SH9100571,Some By Mi Cấp nước Retinol Serum,568000,4.8,142,203,29,3
SYSN10006485,SH3285489,Some By Mi Nhẹ nhàng Oil Cleanser,316000,4.9,319,240,29,1
SYSN10006486,SH6969923,Bioderma Chuyên sâu PA++++ Sunscreen,304000,4.7,103,98,3,4
SYSN10006487,SH6450867,Klairs Dưỡng ẩm Hydrating Toner,343000,4.5,28,45,15,5
SYSN10006488,SH4756768,Hasaki Kiểm soát nhờn SPF 30 Sunscreen,152000,4.9,16,28,12,4
SYSN10006489,SH9180640,Paula's Choice Trắng sáng Vitamin C Serum,466000,4.6,2438,4046,22,3
SYSN10006490,SH6874014,Bioderma Dưỡng ẩm Daily Sunscreen,433000,4.3,1828,2391,3,4
SYSN10006491,SH2760067,Estee Lauder Nhẹ nhàng AHA/BHA Serum,1366000,4.3,188,231,9,3
SYSN10006492,SH5408395,Cosrx Kiểm soát nhờn Vitamin C Serum,533000,4.7,13,12,8,3
SYSN10006493,SH2744636,Pond's Cấp nước Balm Cleanser,146000,4.9,17,28,23,1
SYSN10006494,SH9483147,Klairs Tăng cường Hyaluronic Acid Serum,378000,4.7,32,55,15,3
SYSN10006495,SH2364330,St. Ives Cao cấp Water Resistant Sunscreen,78000,4.9,625,711,30,4
SYSN10006496,SH9512372,Vaseline Kiểm soát nhờn Balm Cleanser,95000,4.6,145,192,34,1
SYSN10006497,SH9537279,Anessa Làm mềm Daily Sunscreen,387000,4.8,222,365,1,4
SYSN10006498,SH9739520,Shiseido VN Dưỡng ẩm Tint Sunscreen,2159000,4.6,55,91,27,4
SYSN10006499,SH7948929,L'Oreal Cao cấp PA++++ Sunscreen,94000,4.4,12,11,16,4
SYSN10006500,SH6398116,Cetaphil Nhẹ nhàng Vitamin C Serum,445000,4.7,1,1,5,3
SYSN10006501,SH7538789,Shiseido VN Chống lão hóa Tint Sunscreen,1093000,4.7,276,303,27,4
SYSN10006502,SH1444807,Cetaphil Chống lão hóa Balm Cleanser,325000,4.4,40,22,5,1
SYSN10006503,SH7862890,Clean & Clear Thiên nhiên PA++++ Sunscreen,112000,3.9,204,113,6,4
SYSN10006504,SH6615855,Bioderma Làm mềm Foam Cleanser,179000,4.5,53,52,3,1
SYSN10006505,SH5177474,Bioderma Làm dịu Gel Cleanser,243000,4.6,14,20,3,1
SYSN10006506,SH3916847,Klairs Hiệu quả Water Resistant Sunscreen,422000,4.8,0,0,15,4
SYSN10006507,SH2470805,Innisfree Hiệu quả Daily Sunscreen,294000,4.3,47,25,13,4
SYSN10006508,SH3815291,Cosrx Phục hồi Vitamin C Serum,271000,4.6,4,6,8,3
SYSN10006509,SH7812225,Some By Mi Cao cấp Pore Care Toner,272000,4.7,2,3,29,5
SYSN10006510,SH9158107,Simple Làm mềm Foam Cleanser,85000,4.3,209,348,28,1
SYSN10006511,SH2047377,Pond's Tăng cường Retinol Serum,217000,4.8,2,3,23,3
SYSN10006512,SH8658887,Cetaphil Phục hồi Hydrating Toner,223000,4.1,13,12,5,5
SYSN10006513,SH7616537,Klairs Nhẹ nhàng Niacinamide Serum,493000,4.5,2,3,15,3
SYSN10006514,SH1812880,L'Oreal Trắng sáng SPF 50+ Sunscreen,107000,5.0,20,32,16,4
SYSN10006515,SH7647856,Laneige Làm dịu Micellar Cleanser,996000,4.5,176,93,18,1
SYSN10006516,SH6426400,Hasaki Nhẹ nhàng Night Cream Moisturizer,165000,4.7,13,6,12,2
SYSN10006517,SH6349518,Anessa Trắng sáng Exfoliating Toner,273000,4.9,206,366,1,5
SYSN10006518,SH1500304,Cosrx Trắng sáng Micellar Cleanser,391000,4.4,2,3,8,1
SYSN10006519,SH7851032,CeraVe Nhẹ nhàng Water Resistant Sunscreen,497000,4.8,101,155,4,4
SYSN10006520,SH4232534,Bioderma Chuyên sâu Oil Cleanser,286000,4.9,113,218,3,1
SYSN10006521,SH7037153,Estee Lauder Phục hồi Oil Cleanser,1289000,4.7,11,11,9,1
SYSN10006522,SH2358013,The Ordinary Chuyên sâu Balm Cleanser,370000,4.4,48,42,33,1
SYSN10006523,SH7129152,Cetaphil Sáng da Hydrating Toner,271000,4.7,7,5,5,5
SYSN10006524,SH6649498,Neutrogena Dưỡng ẩm Brightening Toner,319000,4.9,11,18,20,5
SYSN10006525,SH5358556,Rovectin Trắng sáng Water Resistant Sunscreen,350000,4.7,822,796,24,4
SYSN10006526,SH1027590,L'Oreal Làm mềm AHA/BHA Serum,89000,4.5,26,37,16,3
SYSN10006527,SH3368783,Senka Trắng sáng Exfoliating Toner,113000,5.0,14,27,26,5
SYSN10006528,SH6933633,Sulwhasoo Làm mềm Eye Cream Moisturizer,2038000,4.4,65,46,31,2
SYSN10006529,SH6555770,Hada Labo Tăng cường Retinol Serum,534000,4.6,639,997,11,3
SYSN10006530,SH6406221,The Ordinary Chuyên sâu Daily Sunscreen,265000,4.2,5,8,33,4
SYSN10006531,SH4603936,SK-II Làm mềm Niacinamide Serum,1898000,5.0,633,886,25,3
SYSN10006532,SH1552858,Shiseido VN Cao cấp Peptide Serum,1462000,5.0,41,49,27,3
SYSN10006533,SH9798981,St. Ives Tăng cường SPF 30 Sunscreen,67000,4.8,503,978,30,4
SYSN10006534,SH8753058,Shiseido VN Trắng sáng Micellar Cleanser,859000,4.7,48,87,27,1
SYSN10006535,SH1122261,Some By Mi Phục hồi Peptide Serum,309000,4.8,11,16,29,3
SYSN10006536,SH3644409,Murad VN Kiểm soát nhờn Retinol Serum,1912000,4.8,215,255,19,3
SYSN10006537,SH3139046,Hada Labo Cao cấp Foam Cleanser,208000,3.9,53,53,11,1
SYSN10006538,SH4890432,Bioderma Thiên nhiên Exfoliating Toner,421000,4.4,1,1,3,5
SYSN10006539,SH9895786,Hada Labo Phục hồi Cream Moisturizer,650000,4.9,29,16,11,2
SYSN10006540,SH2035117,Cosrx Chống lão hóa Daily Sunscreen,310000,4.4,82,67,8,4
SYSN10006541,SH5536636,Simple Làm dịu Essence Toner,148000,5.0,19,15,28,5
SYSN10006542,SH5050177,Some By Mi Thiên nhiên Pore Care Toner,227000,4.9,112,193,29,5
SYSN10006543,SH9065534,Some By Mi Thiên nhiên Balm Cleanser,237000,4.8,560,1016,29,1
SYSN10006544,SH3608728,Cetaphil Làm dịu Daily Sunscreen,396000,5.0,100,74,5,4
SYSN10006545,SH8293482,Cetaphil Nhẹ nhàng PA++++ Sunscreen,214000,4.7,8,14,5,4
SYSN10006546,SH4526360,Innisfree Trắng sáng Cream Moisturizer,285000,4.5,9,6,13,2
SYSN10006547,SH4137782,Pond's Cao cấp Exfoliating Toner,61000,4.4,226,371,23,5
SYSN10006548,SH2716504,SK-II Hiệu quả Water Resistant Sunscreen,1089000,4.0,102,200,25,4
SYSN10006549,SH4731316,Garnier Thiên nhiên Daily Sunscreen,154000,5.0,79,118,10,4
SYSN10006550,SH5116863,Simple Làm dịu SPF 50+ Sunscreen,63000,4.5,101,128,28,4
SYSN10006551,SH6892384,Paula's Choice Tăng cường Niacinamide Serum,489000,4.8,583,469,22,3
SYSN10006552,SH8288489,Beauty of Joseon VN Dưỡng ẩm Foam Cleanser,206000,4.6,38,37,2,1
SYSN10006553,SH7515937,Hada Labo Thiên nhiên Micellar Cleanser,149000,4.4,21,37,11,1
SYSN10006554,SH4675766,Rovectin Làm mềm Eye Cream Moisturizer,487000,4.7,41,59,24,2
SYSN10006555,SH5501897,Vaseline Thiên nhiên Essence Toner,99000,4.7,2,3,34,5
SYSN10006556,SH4345703,Anessa Cao cấp Eye Cream Moisturizer,359000,4.6,45,50,1,2
SYSN10006557,SH2663361,SK-II Trắng sáng Niacinamide Serum,2104000,5.0,19,35,25,3
SYSN10006558,SH3057272,Cosrx Hiệu quả Hydrating Toner,182000,4.9,11,14,8,5
SYSN10006559,SH1461596,Cocoon Kiểm soát nhờn Pore Care Toner,154000,4.9,839,500,7,5
SYSN10006560,SH4122380,St. Ives Nhẹ nhàng Gel Cleanser,74000,4.7,40,72,30,1
SYSN10006561,SH2011048,Hada Labo Chống lão hóa Micellar Cleanser,378000,5.0,36,39,11,1
SYSN10006562,SH1176225,CeraVe Cấp nước Night Cream Moisturizer,549000,4.7,86,87,4,2
SYSN10006563,SH5988998,Ohui VN Sáng da Essence Toner,1443000,4.3,128,200,21,5
SYSN10006564,SH8949803,L'Oreal Dưỡng ẩm Essence Toner,84000,4.4,336,561,16,5
SYSN10006565,SH1599507,Anessa Phục hồi Gel Moisturizer,244000,4.9,25,42,1,2
SYSN10006566,SH4428385,Senka Làm dịu Daily Sunscreen,71000,4.4,53,105,26,4
SYSN10006567,SH7628708,Shiseido VN Làm dịu AHA/BHA Serum,1543000,4.5,5,4,27,3
SYSN10006568,SH9303632,St. Ives Trắng sáng AHA/BHA Serum,119000,4.5,23,29,30,3
SYSN10006569,SH2788506,Neutrogena Trắng sáng Retinol Serum,443000,4.6,18,15,20,3
SYSN10006570,SH9382373,Cocoon Sáng da Water Resistant Sunscreen,154000,4.5,30,23,7,4
SYSN10006571,SH1105716,Senka Nhẹ nhàng PA++++ Sunscreen,154000,4.7,80,93,26,4
SYSN10006572,SH3179290,Rovectin Nhẹ nhàng Brightening Toner,198000,4.5,21,30,24,5
SYSN10006573,SH4924251,L'Oreal Thiên nhiên PA++++ Sunscreen,112000,4.8,13,21,16,4
SYSN10006574,SH9925071,Garnier Hiệu quả Oil Cleanser,94000,4.7,105,186,10,1
SYSN10006575,SH3711462,The Face Shop Chống lão hóa Gel Moisturizer,357000,4.2,98,114,32,2
SYSN10006576,SH9135262,La Roche-Posay Cao cấp Oil Cleanser,249000,4.3,71,48,17,1
SYSN10006577,SH3062313,Pond's Tăng cường Micellar Cleanser,104000,4.2,238,373,23,1
SYSN10006578,SH1130320,Rovectin Cao cấp Daily Sunscreen,367000,4.6,12,21,24,4
SYSN10006579,SH2725315,Neutrogena Làm mềm AHA/BHA Serum,327000,4.4,55,29,20,3
SYSN10006580,SH4843178,Cetaphil Hiệu quả Retinol Serum,471000,4.6,857,1020,5,3
SYSN10006581,SH8036335,Innisfree Kiểm soát nhờn Hyaluronic Acid Serum,493000,4.8,9,11,13,3
SYSN10006582,SH4710248,L'Oreal Cao cấp Lotion Moisturizer,151000,4.9,74,74,16,2
SYSN10006583,SH1122968,Innisfree Chuyên sâu Night Cream Moisturizer,262000,4.1,110,86,13,2
SYSN10006584,SH9289747,Laneige Kiểm soát nhờn PA++++ Sunscreen,3139000,4.3,20,36,18,4
SYSN10006585,SH1757292,The Ordinary Nhẹ nhàng Exfoliating Toner,231000,4.6,349,192,33,5
SYSN10006586,SH4793217,Neutrogena Phục hồi Gel Cleanser,413000,4.5,24,36,20,1
SYSN10006587,SH1551649,Cetaphil Tăng cường Foam Cleanser,177000,4.6,73,123,5,1
SYSN10006588,SH7970964,L'Oreal Cấp nước Tint Sunscreen,144000,4.8,28,37,16,4
SYSN10006589,SH6103567,Ohui VN Thiên nhiên Peptide Serum,1685000,4.9,89,126,21,3
SYSN10006590,SH4688526,Vaseline Cao cấp SPF 50+ Sunscreen,138000,4.4,69,107,34,4
SYSN10006591,SH9355065,L'Oreal Cấp nước Pore Care Toner,60000,4.9,186,231,16,5
SYSN10006592,SH9813842,Anessa Kiểm soát nhờn SPF 50+ Sunscreen,212000,4.4,10,14,1,4
SYSN10006593,SH9592429,Bioderma Hiệu quả Gel Moisturizer,360000,4.3,36,61,3,2
SYSN10006594,SH8791066,Cosrx Làm dịu Retinol Serum,637000,4.2,495,586,8,3
SYSN10006595,SH5373061,Simple Thiên nhiên Barrier Repair Moisturizer,72000,4.3,12,21,28,2
SYSN10006596,SH8114745,Beauty of Joseon VN Thiên nhiên Foam Cleanser,324000,5.0,8,9,2,1
SYSN10006597,SH4785697,Klairs Tăng cường Oil Cleanser,315000,4.7,0,0,15,1
SYSN10006598,SH4708255,Beauty of Joseon VN Phục hồi Peptide Serum,271000,4.7,5,4,2,3
SYSN10006599,SH4584582,Cetaphil Chống lão hóa SPF 30 Sunscreen,374000,4.5,47,83,5,4
SYSN10006600,SH7849905,Some By Mi Làm mềm Night Cream Moisturizer,282000,4.3,249,490,29,2
SYSN10006601,SH4665598,Estee Lauder Chuyên sâu Pore Care Toner,1484000,4.5,43,36,9,5
SYSN10006602,SH4434115,Klairs Nhẹ nhàng Peptide Serum,256000,4.3,41,51,15,3
SYSN10006603,SH4753496,Simple Sáng da Low pH Cleanser,92000,4.3,166,313,28,1
SYSN10006604,SH4769680,Garnier Thiên nhiên Water Resistant Sunscreen,93000,4.6,149,93,10,4
SYSN10006605,SH5422464,Clean & Clear Thiên nhiên PA++++ Sunscreen,105000,4.8,14,23,6,4
SYSN10006606,SH2062174,St. Ives Làm mềm Cream Moisturizer,89000,4.4,35,45,30,2
SYSN10006607,SH9356859,Cosrx Cấp nước Foam Cleanser,286000,4.8,0,0,8,1
SYSN10006608,SH8756150,Senka Phục hồi Micellar Cleanser,104000,4.3,49,44,26,1
SYSN10006609,SH6020258,CeraVe Sáng da Pore Care Toner,229000,4.9,13,20,4,5
SYSN10006610,SH3829896,Cosrx Làm dịu Oil Cleanser,255000,5.0,131,142,8,1
SYSN10006611,SH3792369,Some By Mi Chống lão hóa Vitamin C Serum,375000,5.0,1,1,29,3
SYSN10006612,SH2933937,L'Oreal Kiểm soát nhờn Essence Toner,86000,5.0,3,1,16,5
SYSN10006613,SH1496323,Cosrx Dưỡng ẩm SPF 50+ Sunscreen,309000,4.7,31,29,8,4
SYSN10006614,SH7019155,Cosrx Kiểm soát nhờn Retinol Serum,406000,4.9,73,64,8,3
SYSN10006615,SH4824723,St. Ives Hiệu quả Oil Cleanser,62000,4.7,187,121,30,1
SYSN10006616,SH3169334,Sulwhasoo Làm dịu Gel Cleanser,2022000,4.6,260,417,31,1
SYSN10006617,SH7498751,Bioderma Dưỡng ẩm Low pH Cleanser,221000,4.8,13,11,3,1
SYSN10006618,SH9938866,Ohui VN Hiệu quả Hyaluronic Acid Serum,1769000,4.7,8,10,21,3
SYSN10006619,SH5738866,Clean & Clear Nhẹ nhàng Eye Cream Moisturizer,242000,4.8,17,10,6,2
SYSN10006620,SH4426599,Hada Labo Thiên nhiên Peptide Serum,248000,4.7,33,53,11,3
SYSN10006621,SH4518851,Bioderma Làm dịu Tint Sunscreen,591000,4.8,22,23,3,4
SYSN10006622,SH6374140,Kiehl's VN Dưỡng ẩm Brightening Toner,590000,4.8,180,216,14,5
SYSN10006623,SH9269258,Innisfree Kiểm soát nhờn Hydrating Toner,140000,4.5,75,145,13,5
SYSN10006624,SH9631208,Neutrogena Làm dịu Water Resistant Sunscreen,273000,4.8,62,53,20,4
SYSN10006625,SH6680184,Some By Mi Kiểm soát nhờn Night Cream Moisturizer,282000,4.7,43,57,29,2
SYSN10006626,SH6149129,Klairs Chống lão hóa Barrier Repair Moisturizer,544000,4.5,57,81,15,2
SYSN10006627,SH4498805,Bioderma Cao cấp Vitamin C Serum,631000,4.5,106,73,3,3
SYSN10006628,SH7226752,Shiseido VN Chuyên sâu Essence Toner,1850000,4.6,28,44,27,5
SYSN10006629,SH7592738,Kiehl's VN Phục hồi Barrier Repair Moisturizer,801000,4.7,150,195,14,2
SYSN10006630,SH8269737,St. Ives Kiểm soát nhờn Gel Cleanser,70000,4.8,196,192,30,1
SYSN10006631,SH5216748,Kiehl's VN Dưỡng ẩm SPF 30 Sunscreen,849000,4.6,71,124,14,4
SYSN10006632,SH4519215,Hada Labo Nhẹ nhàng Tint Sunscreen,394000,4.1,298,323,11,4
SYSN10006633,SH3952620,The Ordinary Thiên nhiên Foam Cleanser,176000,5.0,995,812,33,1
SYSN10006634,SH4120277,Simple Sáng da Tint Sunscreen,119000,4.3,257,476,28,4
SYSN10006635,SH2552200,Bioderma Thiên nhiên Gel Cleanser,229000,4.5,29,22,3,1
SYSN10006636,SH6822202,L'Oreal Nhẹ nhàng Brightening Toner,67000,5.0,173,241,16,5
SYSN10006637,SH1403620,Rovectin Chống lão hóa Balm Cleanser,270000,4.7,546,328,24,1
SYSN10006638,SH6399789,Innisfree Dưỡng ẩm AHA/BHA Serum,541000,4.4,5344,3067,13,3
SYSN10006639,SH3256479,Simple Chống lão hóa Water Resistant Sunscreen,191000,4.5,13,10,28,4
SYSN10006640,SH8258611,Bioderma Hiệu quả SPF 30 Sunscreen,217000,4.6,71,95,3,4
SYSN10006641,SH4945520,L'Oreal Phục hồi Balm Cleanser,83000,4.6,331,621,16,1
SYSN10006642,SH2047979,Shiseido VN Nhẹ nhàng Hydrating Toner,1905000,3.7,100,92,27,5
SYSN10006643,SH6361399,Cetaphil Trắng sáng Niacinamide Serum,602000,4.8,1454,1895,5,3
SYSN10006644,SH4093525,Estee Lauder Hiệu quả Foam Cleanser,1463000,4.9,197,147,9,1
SYSN10006645,SH9768170,The Face Shop Nhẹ nhàng Hydrating Toner,258000,4.8,16,31,32,5
SYSN10006646,SH9688409,La Roche-Posay Sáng da Balm Cleanser,314000,5.0,48,73,17,1
SYSN10006647,SH9350305,The Ordinary Thiên nhiên AHA/BHA Serum,470000,4.8,15,14,33,3
SYSN10006648,SH9992327,Estee Lauder Kiểm soát nhờn Vitamin C Serum,2115000,4.2,12,9,9,3
SYSN10006649,SH6034623,Neutrogena Hiệu quả Peptide Serum,446000,4.8,13,8,20,3
SYSN10006650,SH3190940,Innisfree Sáng da SPF 30 Sunscreen,264000,4.9,236,297,13,4
SYSN10006651,SH2572322,Vaseline Sáng da Vitamin C Serum,183000,4.9,114,58,34,3
SYSN10006652,SH5023747,Klairs Thiên nhiên Exfoliating Toner,297000,3.9,4,7,15,5
SYSN10006653,SH6402696,Kiehl's VN Dưỡng ẩm Micellar Cleanser,2089000,4.8,3,4,14,1
SYSN10006654,SH5724687,Kiehl's VN Làm dịu Peptide Serum,1940000,4.5,102,188,14,3
SYSN10006655,SH7962906,Hada Labo Sáng da Pore Care Toner,264000,4.5,22,13,11,5
SYSN10006656,SH1332910,Anessa Chống lão hóa Tint Sunscreen,217000,3.8,35,33,1,4
SYSN10006657,SH6177386,Simple Nhẹ nhàng SPF 50+ Sunscreen,78000,4.7,476,283,28,4
SYSN10006658,SH7491167,Klairs Dưỡng ẩm Exfoliating Toner,266000,4.9,211,214,15,5
SYSN10006659,SH3549937,Cetaphil Thiên nhiên PA++++ Sunscreen,244000,4.4,19,34,5,4
SYSN10006660,SH8028142,Sulwhasoo Làm dịu Hyaluronic Acid Serum,3183000,5.0,169,227,31,3
SYSN10006661,SH2461618,Rovectin Chuyên sâu Hyaluronic Acid Serum,365000,5.0,5,6,24,3
SYSN10006662,SH9786538,Pond's Thiên nhiên Vitamin C Serum,173000,4.8,8,13,23,3
SYSN10006663,SH9761244,Anessa Chống lão hóa Exfoliating Toner,356000,4.4,22,39,1,5
SYSN10006664,SH3936149,Vaseline Cao cấp Vitamin C Serum,120000,5.0,432,658,34,3
SYSN10006665,SH4599331,Senka Cao cấp Retinol Serum,234000,4.6,27,26,26,3
SYSN10006666,SH2387142,Cocoon Làm dịu Tint Sunscreen,183000,4.0,14,22,7,4
SYSN10006667,SH3807694,Kiehl's VN Phục hồi Eye Cream Moisturizer,2040000,4.0,2194,2767,14,2
SYSN10006668,SH5691660,CeraVe Cao cấp Hyaluronic Acid Serum,467000,5.0,9,7,4,3
SYSN10006669,SH6291071,The Ordinary Chuyên sâu Micellar Cleanser,214000,4.6,89,104,33,1
SYSN10006670,SH5567227,Bioderma Dưỡng ẩm SPF 30 Sunscreen,209000,4.4,185,319,3,4
SYSN10006671,SH2984618,Vaseline Kiểm soát nhờn Cream Moisturizer,151000,4.5,427,444,34,2
SYSN10006672,SH9982151,Sulwhasoo Tăng cường Retinol Serum,2154000,4.6,94,140,31,3
SYSN10006673,SH4285472,Pond's Thiên nhiên Oil Cleanser,95000,4.6,28,24,23,1
SYSN10006674,SH6919817,L'Oreal Nhẹ nhàng Brightening Toner,79000,4.9,348,349,16,5
SYSN10006675,SH9915144,The Ordinary Chuyên sâu Cream Moisturizer,314000,4.8,2,1,33,2
SYSN10006676,SH4562678,Garnier Trắng sáng Hydrating Toner,72000,5.0,356,636,10,5
SYSN10006677,SH5278382,Rovectin Trắng sáng Water Resistant Sunscreen,430000,4.5,4,4,24,4
SYSN10006678,SH9496736,Senka Thiên nhiên Peptide Serum,243000,4.5,4342,8221,26,3
SYSN10006679,SH2005085,Simple Cấp nước AHA/BHA Serum,236000,4.7,95,61,28,3
SYSN10006680,SH5053281,Simple Hiệu quả Brightening Toner,93000,4.6,17,16,28,5
SYSN10006681,SH5044403,Cosrx Chuyên sâu Foam Cleanser,268000,4.1,372,660,8,1
SYSN10006682,SH7302031,Innisfree Cao cấp Gel Moisturizer,214000,4.5,28,18,13,2
SYSN10006683,SH1789436,Some By Mi Chuyên sâu Low pH Cleanser,366000,4.3,6,3,29,1
SYSN10006684,SH4824678,Vaseline Kiểm soát nhờn Vitamin C Serum,144000,4.7,21,21,34,3
SYSN10006685,SH9238063,Neutrogena Kiểm soát nhờn AHA/BHA Serum,597000,4.8,13,13,20,3
SYSN10006686,SH2360121,Neutrogena Tăng cường Gel Moisturizer,301000,4.5,14,20,20,2
SYSN10006687,SH6059624,Hada Labo Chuyên sâu Essence Toner,173000,4.6,48,66,11,5
SYSN10006688,SH5789180,Paula's Choice Làm dịu Low pH Cleanser,340000,4.8,49,60,22,1
SYSN10006689,SH4334151,Klairs Cao cấp Barrier Repair Moisturizer,437000,4.5,36,51,15,2
SYSN10006690,SH5211224,Vaseline Dưỡng ẩm Tint Sunscreen,70000,4.8,65,111,34,4
SYSN10006691,SH2872664,Neutrogena Làm dịu Pore Care Toner,384000,4.4,34,35,20,5
SYSN10006692,SH4699210,Clean & Clear Làm dịu Lotion Moisturizer,92000,4.9,189,162,6,2
SYSN10006693,SH1353880,Estee Lauder Chống lão hóa Cream Moisturizer,2883000,4.6,32,26,9,2
SYSN10006694,SH2948884,Senka Trắng sáng Gel Cleanser,98000,4.9,42,61,26,1
SYSN10006695,SH2205527,Beauty of Joseon VN Chống lão hóa Tint Sunscreen,287000,4.3,20,35,2,4
SYSN10006696,SH4578159,Pond's Tăng cường Gel Cleanser,128000,4.8,3,2,23,1
SYSN10006697,SH9636545,Hasaki Hiệu quả Essence Toner,146000,5.0,14,10,12,5
SYSN10006698,SH8670074,Simple Phục hồi Vitamin C Serum,181000,4.5,215,318,28,3
SYSN10006699,SH9129457,Some By Mi Thiên nhiên SPF 30 Sunscreen,325000,5.0,17,11,29,4
SYSN10006700,SH7947528,The Face Shop Cao cấp Water Resistant Sunscreen,463000,4.3,12,9,32,4
SYSN10006701,SH3798886,St. Ives Cao cấp Gel Moisturizer,113000,4.8,11,8,30,2
SYSN10006702,SH3359000,La Roche-Posay Phục hồi Hyaluronic Acid Serum,567000,4.4,4,4,17,3
SYSN10006703,SH5400778,Cetaphil Chống lão hóa Peptide Serum,508000,4.7,28,29,5,3
SYSN10006704,SH6943589,Simple Kiểm soát nhờn Vitamin C Serum,254000,4.6,15,22,28,3
SYSN10006705,SH9660477,Rovectin Phục hồi Hyaluronic Acid Serum,297000,4.7,415,532,24,3
SYSN10006706,SH5348813,Pond's Sáng da Vitamin C Serum,130000,4.3,22,32,23,3
SYSN10006707,SH4386928,Shiseido VN Nhẹ nhàng Gel Cleanser,1188000,4.3,33,57,27,1
SYSN10006708,SH4898391,Cosrx Trắng sáng Brightening Toner,190000,4.6,378,311,8,5
SYSN10006709,SH6823746,St. Ives Tăng cường Hyaluronic Acid Serum,279000,4.3,742,1211,30,3
SYSN10006710,SH6930723,Simple Cao cấp Vitamin C Serum,194000,4.7,119,142,28,3
SYSN10006711,SH3416289,Innisfree Chống lão hóa Peptide Serum,677000,4.7,43,69,13,3
SYSN10006712,SH7134938,Hada Labo Kiểm soát nhờn Gel Moisturizer,414000,4.5,31,48,11,2
SYSN10006713,SH6320140,The Ordinary Làm dịu Niacinamide Serum,271000,5.0,10,14,33,3
SYSN10006714,SH7231633,Ohui VN Chống lão hóa Water Resistant Sunscreen,1237000,4.8,387,203,21,4
SYSN10006715,SH4868835,Bioderma Tăng cường Retinol Serum,282000,5.0,362,450,3,3
SYSN10006716,SH6513699,Innisfree Sáng da SPF 50+ Sunscreen,280000,4.7,2,2,13,4
SYSN10006717,SH1833773,Clean & Clear Trắng sáng Retinol Serum,124000,4.5,30,22,6,3
SYSN10006718,SH4356908,Hasaki Làm dịu Daily Sunscreen,146000,4.6,1082,1183,12,4
SYSN10006719,SH1774753,Sulwhasoo Làm dịu SPF 30 Sunscreen,1895000,4.7,55,41,31,4
SYSN10006720,SH4414674,Some By Mi Sáng da Daily Sunscreen,165000,4.2,13,11,29,4
SYSN10006721,SH4294621,Innisfree Thiên nhiên Eye Cream Moisturizer,264000,4.9,121,126,13,2
SYSN10006722,SH6446890,Hada Labo Nhẹ nhàng Essence Toner,314000,4.7,1015,950,11,5
SYSN10006723,SH3650636,St. Ives Kiểm soát nhờn Water Resistant Sunscreen,134000,4.7,121,229,30,4
SYSN10006724,SH4670582,Klairs Làm mềm Niacinamide Serum,306000,4.9,15,11,15,3
SYSN10006725,SH2124104,St. Ives Làm dịu Pore Care Toner,100000,4.7,3,2,30,5
SYSN10006726,SH7497988,Estee Lauder Làm mềm Exfoliating Toner,1486000,4.6,61,84,9,5
SYSN10006727,SH7868469,Innisfree Phục hồi Hyaluronic Acid Serum,314000,4.6,17,25,13,3
SYSN10006728,SH4626282,Laneige Phục hồi SPF 30 Sunscreen,1149000,4.6,10,14,18,4
SYSN10006729,SH7123457,Innisfree Chuyên sâu Barrier Repair Moisturizer,439000,4.3,26,46,13,2
SYSN10006730,SH7443037,Laneige Nhẹ nhàng Vitamin C Serum,2373000,4.3,64,45,18,3
SYSN10006731,SH2965397,Innisfree Chuyên sâu Barrier Repair Moisturizer,567000,4.5,346,654,13,2
SYSN10006732,SH7910876,St. Ives Hiệu quả Micellar Cleanser,94000,4.5,49,62,30,1
SYSN10006733,SH3746334,Rovectin Hiệu quả Low pH Cleanser,288000,4.7,431,593,24,1
SYSN10006734,SH3586700,Shiseido VN Cao cấp Brightening Toner,2048000,4.8,9,16,27,5
SYSN10006735,SH7604903,Laneige Sáng da Foam Cleanser,1060000,4.6,3,3,18,1
SYSN10006736,SH8175206,Shiseido VN Cao cấp Oil Cleanser,718000,4.3,8,6,27,1
SYSN10006737,SH8597181,Innisfree Dưỡng ẩm Vitamin C Serum,268000,4.3,22,22,13,3
SYSN10006738,SH9397114,Cosrx Phục hồi Peptide Serum,382000,4.6,27,36,8,3
SYSN10006739,SH8870858,Kiehl's VN Dưỡng ẩm SPF 30 Sunscreen,2229000,4.7,2087,2913,14,4
SYSN10006740,SH7744287,Shiseido VN Chuyên sâu Pore Care Toner,1353000,4.5,0,0,27,5
SYSN10006741,SH3870511,Clean & Clear Thiên nhiên SPF 50+ Sunscreen,162000,4.2,63,83,6,4
SYSN10006742,SH6048215,Anessa Chuyên sâu Gel Moisturizer,378000,5.0,69,64,1,2
SYSN10006743,SH7029800,Vaseline Cao cấp AHA/BHA Serum,101000,4.8,125,167,34,3
SYSN10006744,SH4664018,Vaseline Làm dịu Cream Moisturizer,90000,4.7,27,35,34,2
SYSN10006745,SH9758437,Bioderma Nhẹ nhàng AHA/BHA Serum,530000,4.3,54,48,3,3
SYSN10006746,SH7798481,Hada Labo Làm mềm Essence Toner,177000,4.1,427,704,11,5
SYSN10006747,SH6286533,Neutrogena Cao cấp SPF 30 Sunscreen,513000,4.8,83,112,20,4
SYSN10006748,SH8859663,St. Ives Làm dịu Hyaluronic Acid Serum,225000,4.2,15,10,30,3
SYSN10006749,SH7926488,Clean & Clear Sáng da SPF 30 Sunscreen,142000,4.9,25,29,6,4
SYSN10006750,SH8204386,The Face Shop Nhẹ nhàng Vitamin C Serum,262000,4.5,18,20,32,3
SYSN10006751,SH8514510,Senka Thiên nhiên Vitamin C Serum,139000,4.9,6,8,26,3
SYSN10006752,SH5193728,Senka Dưỡng ẩm SPF 50+ Sunscreen,164000,4.6,51,78,26,4
SYSN10006753,SH4031259,Anessa Tăng cường Hydrating Toner,284000,4.1,44,31,1,5
SYSN10006754,SH2822168,Hasaki Chống lão hóa Niacinamide Serum,360000,4.7,41,29,12,3
SYSN10006755,SH2776895,Shiseido VN Làm dịu Water Resistant Sunscreen,1054000,4.6,115,71,27,4
SYSN10006756,SH8459906,Cetaphil Trắng sáng Hydrating Toner,222000,4.8,14,23,5,5
SYSN10006757,SH1438173,Hada Labo Tăng cường Pore Care Toner,367000,4.4,3,5,11,5
SYSN10006758,SH1996326,Laneige Chống lão hóa Niacinamide Serum,2122000,4.8,83,162,18,3
SYSN10006759,SH2697154,Hasaki Cấp nước Vitamin C Serum,183000,4.5,68,64,12,3
SYSN10006760,SH1655852,The Face Shop Làm mềm Micellar Cleanser,326000,4.7,0,0,32,1
SYSN10006761,SH3157474,Klairs Trắng sáng Eye Cream Moisturizer,383000,4.8,55,45,15,2
SYSN10006762,SH4750909,Some By Mi Trắng sáng AHA/BHA Serum,368000,4.6,16,23,29,3
SYSN10006763,SH9636027,Clean & Clear Làm mềm Balm Cleanser,106000,5.0,31,30,6,1
SYSN10006764,SH1623816,Laneige Sáng da Oil Cleanser,1416000,4.9,195,195,18,1
SYSN10006765,SH4561255,The Face Shop Tăng cường Pore Care Toner,313000,4.5,30,47,32,5
SYSN10006766,SH8760216,St. Ives Phục hồi Vitamin C Serum,170000,4.5,156,249,30,3
SYSN10006767,SH4249747,Some By Mi Làm dịu Vitamin C Serum,537000,4.7,116,86,29,3
SYSN10006768,SH1133552,Pond's Hiệu quả Essence Toner,75000,4.3,67,116,23,5
SYSN10006769,SH7488421,La Roche-Posay Cao cấp AHA/BHA Serum,456000,4.5,330,345,17,3
SYSN10006770,SH2123516,L'Oreal Kiểm soát nhờn Oil Cleanser,164000,4.6,93,132,16,1
SYSN10006771,SH8863674,Estee Lauder Cấp nước Hyaluronic Acid Serum,2463000,4.7,24,23,9,3
SYSN10006772,SH8042351,Rovectin Thiên nhiên Hyaluronic Acid Serum,313000,4.3,22,13,24,3
SYSN10006773,SH3581058,Anessa Làm mềm Peptide Serum,643000,4.4,4,3,1,3
SYSN10006774,SH6494717,Cosrx Phục hồi Gel Cleanser,277000,4.6,28,40,8,1
SYSN10006775,SH8532094,Clean & Clear Trắng sáng Hyaluronic Acid Serum,202000,5.0,242,177,6,3
SYSN10006776,SH4811403,Innisfree Trắng sáng Hyaluronic Acid Serum,300000,4.5,5,9,13,3
SYSN10006777,SH1919585,Simple Thiên nhiên Hyaluronic Acid Serum,160000,4.8,24,44,28,3
SYSN10006778,SH3544396,Anessa Dưỡng ẩm Foam Cleanser,224000,4.9,1,0,1,1
SYSN10006779,SH9627892,SK-II Phục hồi Cream Moisturizer,999000,5.0,550,612,25,2
SYSN10006780,SH4149609,Some By Mi Làm mềm Peptide Serum,547000,4.4,31,51,29,3
SYSN10006781,SH3447725,Cosrx Chuyên sâu AHA/BHA Serum,394000,4.5,224,292,8,3
SYSN10006782,SH3590801,Bioderma Chuyên sâu Gel Cleanser,230000,4.8,3,3,3,1
SYSN10006783,SH7577072,St. Ives Nhẹ nhàng Lotion Moisturizer,94000,4.4,35,68,30,2
SYSN10006784,SH6334268,Sulwhasoo Thiên nhiên Micellar Cleanser,1279000,4.4,24,40,31,1
SYSN10006785,SH2844139,SK-II Cao cấp Niacinamide Serum,1750000,5.0,64,64,25,3
SYSN10006786,SH2219028,St. Ives Làm dịu Exfoliating Toner,59000,4.2,4,2,30,5
SYSN10006787,SH4563913,The Face Shop Chống lão hóa Hyaluronic Acid Serum,385000,4.6,26,34,32,3
SYSN10006788,SH7001099,Klairs Cao cấp Low pH Cleanser,134000,4.3,41,38,15,1
SYSN10006789,SH9627967,Neutrogena Sáng da Hydrating Toner,262000,4.4,15,26,20,5
SYSN10006790,SH8970099,La Roche-Posay Hiệu quả Balm Cleanser,271000,4.7,250,318,17,1
SYSN10006791,SH6109075,Klairs Cao cấp Balm Cleanser,170000,4.8,273,450,15,1
SYSN10006792,SH6158541,Senka Sáng da Hyaluronic Acid Serum,203000,4.8,68,38,26,3
SYSN10006793,SH1014942,Ohui VN Chống lão hóa Vitamin C Serum,2731000,4.1,355,600,21,3
SYSN10006794,SH4697866,CeraVe Chống lão hóa SPF 50+ Sunscreen,240000,5.0,17,13,4,4
SYSN10006795,SH3293630,Cetaphil Sáng da Night Cream Moisturizer,237000,4.8,208,214,5,2
SYSN10006796,SH4764064,St. Ives Hiệu quả Vitamin C Serum,159000,4.5,12,8,30,3
SYSN10006797,SH6097419,Pond's Dưỡng ẩm AHA/BHA Serum,76000,4.6,212,347,23,3
SYSN10006798,SH6470261,Cosrx Trắng sáng SPF 50+ Sunscreen,364000,4.5,15,14,8,4
SYSN10006799,SH7839010,Cetaphil Làm dịu Low pH Cleanser,284000,4.7,45,69,5,1
SYSN10006800,SH2716130,The Face Shop Làm mềm Gel Cleanser,230000,4.5,406,353,32,1
SYSN10006801,SH6617954,St. Ives Chuyên sâu Balm Cleanser,58000,4.6,880,1680,30,1
SYSN10006802,SH1956609,Senka Chống lão hóa Oil Cleanser,157000,4.6,12,11,26,1
SYSN10006803,SH1343941,Pond's Thiên nhiên Hyaluronic Acid Serum,88000,4.9,13,8,23,3
SYSN10006804,SH6207306,Shiseido VN Thiên nhiên Foam Cleanser,1131000,4.5,28,22,27,1
SYSN10006805,SH5006786,Simple Làm dịu SPF 50+ Sunscreen,132000,5.0,17,10,28,4
SYSN10006806,SH7432505,Hada Labo Tăng cường Night Cream Moisturizer,402000,4.7,94,88,11,2
SYSN10006807,SH3528325,Rovectin Phục hồi Exfoliating Toner,312000,4.6,24,13,24,5
SYSN10006808,SH1028177,Cetaphil Thiên nhiên Pore Care Toner,208000,4.5,5,7,5,5
SYSN10006809,SH1953692,Estee Lauder Làm mềm Eye Cream Moisturizer,1143000,4.6,1,1,9,2
SYSN10006810,SH4879140,Garnier Làm mềm Tint Sunscreen,159000,4.7,7,4,10,4
SYSN10006811,SH3948632,Some By Mi Nhẹ nhàng Water Resistant Sunscreen,384000,4.4,11,9,29,4
SYSN10006812,SH6119689,Klairs Nhẹ nhàng AHA/BHA Serum,414000,4.5,18,35,15,3
SYSN10006813,SH3762900,Anessa Làm dịu Foam Cleanser,316000,4.9,185,260,1,1
SYSN10006814,SH7759547,La Roche-Posay Kiểm soát nhờn Vitamin C Serum,509000,4.3,23,35,17,3
SYSN10006815,SH8512901,Klairs Thiên nhiên SPF 30 Sunscreen,378000,4.5,14,12,15,4
SYSN10006816,SH3817144,Clean & Clear Kiểm soát nhờn Barrier Repair Moisturizer,164000,4.3,117,125,6,2
SYSN10006817,SH2184696,Bioderma Chuyên sâu Balm Cleanser,348000,4.7,32,23,3,1
SYSN10006818,SH5532570,Hada Labo Làm mềm Eye Cream Moisturizer,181000,4.5,11,13,11,2
SYSN10006819,SH7987605,The Ordinary Chống lão hóa Hydrating Toner,236000,4.7,88,85,33,5
SYSN10006820,SH1454152,Neutrogena Dưỡng ẩm Retinol Serum,608000,4.3,20,23,20,3
SYSN10006821,SH4655778,Shiseido VN Hiệu quả Lotion Moisturizer,1643000,4.9,1128,685,27,2
SYSN10006822,SH7372584,L'Oreal Cấp nước Brightening Toner,135000,4.7,35,59,16,5
SYSN10006823,SH3956857,Innisfree Làm dịu Retinol Serum,533000,4.3,16,29,13,3
SYSN10006824,SH9247142,Simple Chuyên sâu Balm Cleanser,118000,4.3,14,20,28,1
SYSN10006825,SH8743823,Hada Labo Làm dịu Exfoliating Toner,175000,4.6,1,1,11,5
SYSN10006826,SH3043098,Simple Cấp nước Essence Toner,56000,4.2,17,13,28,5
SYSN10006827,SH8136853,La Roche-Posay Kiểm soát nhờn SPF 50+ Sunscreen,432000,4.6,17,20,17,4
SYSN10006828,SH2203321,Hada Labo Kiểm soát nhờn PA++++ Sunscreen,341000,4.7,31,16,11,4
SYSN10006829,SH4258658,Beauty of Joseon VN Sáng da Tint Sunscreen,174000,4.1,1,1,2,4
SYSN10006830,SH6641950,Vaseline Dưỡng ẩm Exfoliating Toner,59000,4.6,31,27,34,5
SYSN10006831,SH9111150,Laneige Làm mềm Hyaluronic Acid Serum,2464000,4.6,43,22,18,3
SYSN10006832,SH5016438,Cocoon Chuyên sâu Foam Cleanser,66000,4.5,0,0,7,1
SYSN10006833,SH8922606,Bioderma Phục hồi Cream Moisturizer,268000,4.7,41,53,3,2
SYSN10006834,SH2138616,Paula's Choice Tăng cường SPF 30 Sunscreen,330000,4.3,18,13,22,4
SYSN10006835,SH7104993,Clean & Clear Tăng cường Water Resistant Sunscreen,83000,4.7,87,61,6,4
SYSN10006836,SH7696734,SK-II Nhẹ nhàng Essence Toner,1146000,4.5,8,11,25,5
SYSN10006837,SH5379451,Klairs Chuyên sâu SPF 30 Sunscreen,317000,4.4,56,45,15,4
SYSN10006838,SH9205956,Paula's Choice Cao cấp Micellar Cleanser,270000,4.2,11,6,22,1
SYSN10006839,SH4052535,Clean & Clear Chống lão hóa SPF 50+ Sunscreen,184000,4.6,41,52,6,4
SYSN10006840,SH2585394,Vaseline Sáng da Low pH Cleanser,48000,4.6,1,1,34,1
SYSN10006841,SH4154776,Vaseline Hiệu quả AHA/BHA Serum,106000,4.7,239,465,34,3
SYSN10006842,SH6127216,The Face Shop Cấp nước Brightening Toner,289000,4.4,241,223,32,5
SYSN10006843,SH8217851,Some By Mi Chống lão hóa Daily Sunscreen,560000,4.7,18,34,29,4
SYSN10006844,SH2082559,Cetaphil Nhẹ nhàng Brightening Toner,278000,4.8,55,36,5,5
SYSN10006845,SH7423817,Cosrx Sáng da SPF 50+ Sunscreen,348000,4.6,3,2,8,4
SYSN10006846,SH8902206,Hada Labo Trắng sáng Daily Sunscreen,340000,4.9,9,17,11,4
SYSN10006847,SH8903263,Cosrx Nhẹ nhàng Lotion Moisturizer,278000,4.5,161,135,8,2
SYSN10006848,SH3245604,Garnier Nhẹ nhàng Night Cream Moisturizer,136000,5.0,93,178,10,2
SYSN10006849,SH7631493,Clean & Clear Làm dịu Peptide Serum,225000,4.5,229,403,6,3
SYSN10006850,SH9985862,Shiseido VN Sáng da Water Resistant Sunscreen,1733000,4.7,25,22,27,4
SYSN10006851,SH7572700,L'Oreal Chuyên sâu Gel Cleanser,70000,4.3,21,38,16,1
SYSN10006852,SH8625045,Klairs Nhẹ nhàng Hydrating Toner,436000,3.8,45,35,15,5
SYSN10006853,SH6767507,St. Ives Trắng sáng Balm Cleanser,62000,4.4,28,53,30,1
SYSN10006854,SH7756284,Paula's Choice Cao cấp Oil Cleanser,411000,4.8,166,136,22,1
SYSN10006855,SH8563799,Pond's Phục hồi Brightening Toner,100000,4.6,153,166,23,5
SYSN10006856,SH9945913,Hada Labo Trắng sáng Oil Cleanser,236000,4.6,96,161,11,1
SYSN10006857,SH2807187,Bioderma Cấp nước Eye Cream Moisturizer,307000,4.5,38,75,3,2
SYSN10006858,SH9144350,Rovectin Trắng sáng Gel Cleanser,200000,4.6,155,150,24,1
SYSN10006859,SH1584494,Senka Trắng sáng Exfoliating Toner,118000,4.2,1780,2460,26,5
SYSN10006860,SH9059928,Klairs Thiên nhiên Brightening Toner,233000,4.6,2,1,15,5
SYSN10006861,SH4489240,L'Oreal Cấp nước Gel Moisturizer,91000,4.5,105,206,16,2
SYSN10006862,SH9390699,Garnier Sáng da Oil Cleanser,137000,4.9,8,15,10,1
SYSN10006863,SH8081714,The Face Shop Chống lão hóa Niacinamide Serum,325000,4.6,17,20,32,3
SYSN10006864,SH1249420,Estee Lauder Hiệu quả Tint Sunscreen,2425000,4.4,86,52,9,4
SYSN10006865,SH5287192,Rovectin Hiệu quả Barrier Repair Moisturizer,287000,4.3,1,1,24,2
SYSN10006866,SH6892074,Hada Labo Trắng sáng Barrier Repair Moisturizer,442000,4.8,62,34,11,2
SYSN10006867,SH1529453,Anessa Dưỡng ẩm Foam Cleanser,306000,4.5,1622,1444,1,1
SYSN10006868,SH4059235,Hada Labo Sáng da Micellar Cleanser,289000,4.7,13,9,11,1
SYSN10006869,SH9024868,Sulwhasoo Nhẹ nhàng Hydrating Toner,732000,4.5,23,33,31,5
SYSN10006870,SH1042072,Rovectin Chuyên sâu Peptide Serum,529000,4.9,14,11,24,3
SYSN10006871,SH9381447,St. Ives Trắng sáng Retinol Serum,246000,4.3,16,8,30,3
SYSN10006872,SH3027565,Some By Mi Thiên nhiên Low pH Cleanser,128000,4.6,48,81,29,1
SYSN10006873,SH1683172,Sulwhasoo Phục hồi Retinol Serum,2530000,4.5,49,43,31,3
SYSN10006874,SH1037905,Beauty of Joseon VN Sáng da Balm Cleanser,187000,4.6,371,601,2,1
SYSN10006875,SH4769080,Hada Labo Cao cấp Essence Toner,155000,4.7,22,24,11,5
SYSN10006876,SH7310809,Garnier Kiểm soát nhờn Vitamin C Serum,118000,4.6,32,57,10,3
SYSN10006877,SH7391303,Some By Mi Dưỡng ẩm Hyaluronic Acid Serum,281000,4.5,200,349,29,3
SYSN10006878,SH5464426,Neutrogena Nhẹ nhàng Vitamin C Serum,318000,4.5,216,236,20,3
SYSN10006879,SH6075069,Innisfree Làm mềm Low pH Cleanser,186000,4.6,90,169,13,1
SYSN10006880,SH7467813,Laneige Cấp nước Tint Sunscreen,1124000,4.4,138,87,18,4
SYSN10006881,SH7266344,Bioderma Sáng da Retinol Serum,335000,4.2,45,23,3,3
SYSN10006882,SH2717147,Hada Labo Chống lão hóa Exfoliating Toner,264000,4.4,13,14,11,5
SYSN10006883,SH1568626,Anessa Chuyên sâu Niacinamide Serum,385000,4.7,13,23,1,3
SYSN10006884,SH2037086,Paula's Choice Phục hồi Peptide Serum,518000,4.6,0,0,22,3
SYSN10006885,SH2383336,Laneige Cao cấp Balm Cleanser,965000,4.4,9,12,18,1
SYSN10006886,SH2030400,Senka Tăng cường Peptide Serum,213000,4.6,83,137,26,3
SYSN10006887,SH7897654,Laneige Cao cấp Hyaluronic Acid Serum,2648000,4.4,8,9,18,3
SYSN10006888,SH5167075,Hada Labo Dưỡng ẩm AHA/BHA Serum,384000,4.7,95,184,11,3
SYSN10006889,SH4133354,SK-II Sáng da Peptide Serum,3102000,4.5,95,70,25,3
SYSN10006890,SH7710323,Hasaki Dưỡng ẩm Hyaluronic Acid Serum,189000,4.3,20,22,12,3
SYSN10006891,SH7458432,Garnier Làm mềm Water Resistant Sunscreen,204000,4.5,83,128,10,4
SYSN10006892,SH6846412,Paula's Choice Chống lão hóa Balm Cleanser,185000,4.3,10,17,22,1
SYSN10006893,SH9097458,Anessa Nhẹ nhàng Gel Cleanser,258000,4.7,31,23,1,1
SYSN10006894,SH1641882,Simple Kiểm soát nhờn Essence Toner,116000,4.3,119,158,28,5
SYSN10006895,SH6706556,Cocoon Phục hồi Cream Moisturizer,203000,4.7,4,3,7,2
SYSN10006896,SH1998317,Murad VN Thiên nhiên SPF 30 Sunscreen,1874000,4.5,104,190,19,4
SYSN10006897,SH4133961,Clean & Clear Sáng da PA++++ Sunscreen,93000,4.1,50,48,6,4
SYSN10006898,SH1030805,St. Ives Chống lão hóa Pore Care Toner,86000,4.2,42,65,30,5
SYSN10006899,SH2166102,Ohui VN Thiên nhiên Essence Toner,1326000,4.3,8,12,21,5
SYSN10006900,SH2196690,Beauty of Joseon VN Cấp nước AHA/BHA Serum,592000,4.6,18,19,2,3
SYSN10006901,SH5906836,Innisfree Nhẹ nhàng Gel Moisturizer,464000,4.8,11,6,13,2
SYSN10006902,SH4131388,Paula's Choice Cao cấp Retinol Serum,323000,4.3,4,2,22,3
SYSN10006903,SH5281614,Cosrx Kiểm soát nhờn SPF 30 Sunscreen,308000,4.4,302,532,8,4
SYSN10006904,SH3810310,Shiseido VN Sáng da Pore Care Toner,1545000,5.0,6,5,27,5
SYSN10006905,SH8916748,Innisfree Kiểm soát nhờn Peptide Serum,818000,5.0,112,193,13,3
SYSN10006906,SH8869040,La Roche-Posay Kiểm soát nhờn Gel Moisturizer,435000,4.5,400,602,17,2
SYSN10006907,SH8699037,Some By Mi Cao cấp Niacinamide Serum,424000,4.8,115,163,29,3
SYSN10006908,SH7178250,Shiseido VN Kiểm soát nhờn Brightening Toner,1589000,4.8,29,20,27,5
SYSN10006909,SH6173267,Cosrx Tăng cường Eye Cream Moisturizer,341000,4.2,39,74,8,2
SYSN10006910,SH6622406,Rovectin Chuyên sâu Eye Cream Moisturizer,210000,5.0,2,3,24,2
SYSN10006911,SH5286757,Anessa Làm dịu Foam Cleanser,169000,4.3,98,55,1,1
SYSN10006912,SH9816670,Cetaphil Dưỡng ẩm Gel Cleanser,153000,4.6,5,6,5,1
SYSN10006913,SH9983037,Some By Mi Làm dịu Brightening Toner,200000,4.2,91,89,29,5
SYSN10006914,SH1186493,Clean & Clear Nhẹ nhàng Oil Cleanser,130000,4.5,2,2,6,1
SYSN10006915,SH6546485,Pond's Làm mềm Niacinamide Serum,78000,4.8,105,89,23,3
SYSN10006916,SH7183674,Laneige Phục hồi Eye Cream Moisturizer,1843000,4.7,70,54,18,2
SYSN10006917,SH2986047,Simple Thiên nhiên Low pH Cleanser,41000,4.6,522,881,28,1
SYSN10006918,SH4381142,Innisfree Cấp nước Lotion Moisturizer,468000,4.7,167,106,13,2
SYSN10006919,SH2229359,Kiehl's VN Chuyên sâu AHA/BHA Serum,2385000,4.4,489,529,14,3
SYSN10006920,SH2946018,La Roche-Posay Tăng cường Hydrating Toner,239000,4.6,10,13,17,5
SYSN10006921,SH8143228,Murad VN Nhẹ nhàng Brightening Toner,1176000,4.0,30,17,19,5
SYSN10006922,SH5508903,Pond's Chống lão hóa Hyaluronic Acid Serum,81000,5.0,7,12,23,3
SYSN10006923,SH4334883,Estee Lauder Thiên nhiên Oil Cleanser,1000000,4.8,75,114,9,1
SYSN10006924,SH4418885,Cetaphil Kiểm soát nhờn Balm Cleanser,163000,4.7,10,7,5,1
SYSN10006925,SH4200639,Vaseline Phục hồi Vitamin C Serum,76000,4.7,17,14,34,3
SYSN10006926,SH5628150,Neutrogena Chống lão hóa SPF 30 Sunscreen,202000,4.8,40,44,20,4
SYSN10006927,SH9334603,Innisfree Chuyên sâu SPF 30 Sunscreen,336000,4.6,121,207,13,4
SYSN10006928,SH3025718,Pond's Làm mềm Pore Care Toner,131000,4.8,19,23,23,5
SYSN10006929,SH8138196,Cosrx Sáng da AHA/BHA Serum,330000,4.5,9,8,8,3
SYSN10006930,SH4408751,Garnier Cao cấp SPF 50+ Sunscreen,84000,4.5,726,1391,10,4
SYSN10006931,SH8009891,Cetaphil Dưỡng ẩm Lotion Moisturizer,459000,4.3,48,52,5,2
SYSN10006932,SH4895866,Paula's Choice Cấp nước Exfoliating Toner,427000,4.6,73,37,22,5
SYSN10006933,SH4172475,Laneige Phục hồi Low pH Cleanser,1283000,4.7,63,100,18,1
SYSN10006934,SH3757814,Clean & Clear Làm mềm Micellar Cleanser,99000,4.3,59,88,6,1
SYSN10006935,SH2812492,Some By Mi Trắng sáng Oil Cleanser,152000,4.5,24,43,29,1
SYSN10006936,SH7930801,Clean & Clear Nhẹ nhàng Essence Toner,72000,4.6,3,4,6,5
SYSN10006937,SH5971050,Cosrx Dưỡng ẩm Hydrating Toner,151000,4.6,21,30,8,5
SYSN10006938,SH8717186,Cosrx Làm dịu Water Resistant Sunscreen,495000,4.2,64,111,8,4
SYSN10006939,SH4750764,The Face Shop Cao cấp Niacinamide Serum,702000,4.3,38,65,32,3
SYSN10006940,SH6630539,Senka Phục hồi SPF 30 Sunscreen,68000,4.7,89,64,26,4
SYSN10006941,SH9968671,Simple Chống lão hóa Balm Cleanser,89000,5.0,159,216,28,1
SYSN10006942,SH1295982,Some By Mi Sáng da Essence Toner,233000,4.6,134,137,29,5
SYSN10006943,SH6583896,Rovectin Dưỡng ẩm AHA/BHA Serum,754000,4.6,227,241,24,3
SYSN10006944,SH8555310,Estee Lauder Thiên nhiên Barrier Repair Moisturizer,827000,4.6,1,1,9,2
SYSN10006945,SH5593840,Neutrogena Hiệu quả Tint Sunscreen,295000,4.6,109,107,20,4
SYSN10006946,SH5165700,Bioderma Phục hồi Tint Sunscreen,354000,4.5,363,301,3,4
SYSN10006947,SH3543040,Laneige Cấp nước AHA/BHA Serum,2055000,5.0,38,32,18,3
SYSN10006948,SH9829992,Senka Chuyên sâu SPF 30 Sunscreen,132000,5.0,11,18,26,4
SYSN10006949,SH3251528,Simple Tăng cường Water Resistant Sunscreen,63000,4.7,4682,2703,28,4
SYSN10006950,SH6837553,Rovectin Cấp nước Micellar Cleanser,230000,4.4,406,456,24,1
SYSN10006951,SH8966383,La Roche-Posay Phục hồi AHA/BHA Serum,238000,4.4,28,22,17,3
SYSN10006952,SH5408070,Cetaphil Tăng cường PA++++ Sunscreen,424000,4.9,70,79,5,4
SYSN10006953,SH1596905,Neutrogena Cấp nước Niacinamide Serum,262000,4.6,1261,737,20,3
SYSN10006954,SH3585930,Ohui VN Chuyên sâu Essence Toner,2020000,4.8,53,56,21,5
SYSN10006955,SH7221580,CeraVe Hiệu quả Water Resistant Sunscreen,178000,4.7,3,4,4,4
SYSN10006956,SH1130638,Ohui VN Cấp nước Hyaluronic Acid Serum,2131000,4.5,34,45,21,3
SYSN10006957,SH8831951,Vaseline Nhẹ nhàng Daily Sunscreen,219000,4.4,8,15,34,4
SYSN10006958,SH1761683,Cocoon Dưỡng ẩm PA++++ Sunscreen,198000,4.5,64,126,7,4
SYSN10006959,SH1429923,Pond's Tăng cường Vitamin C Serum,133000,4.5,180,220,23,3
SYSN10006960,SH3293494,Some By Mi Làm mềm Essence Toner,206000,4.5,506,842,29,5
SYSN10006961,SH2419846,Anessa Làm dịu SPF 30 Sunscreen,299000,4.5,22,33,1,4
SYSN10006962,SH5017296,The Face Shop Trắng sáng PA++++ Sunscreen,254000,4.7,17,32,32,4
SYSN10006963,SH4555764,L'Oreal Chuyên sâu Vitamin C Serum,230000,4.5,74,80,16,3
SYSN10006964,SH4504154,Innisfree Tăng cường Water Resistant Sunscreen,331000,4.3,258,416,13,4
SYSN10006965,SH6341556,The Face Shop Hiệu quả Gel Moisturizer,282000,4.9,132,130,32,2
SYSN10006966,SH1906610,Cosrx Cấp nước SPF 30 Sunscreen,248000,4.5,10,9,8,4
SYSN10006967,SH7784429,Some By Mi Làm dịu Peptide Serum,248000,4.2,11,17,29,3
SYSN10006968,SH1835621,Estee Lauder Tăng cường Retinol Serum,2813000,4.6,220,297,9,3
SYSN10006969,SH1818034,Innisfree Sáng da Oil Cleanser,295000,4.4,84,54,13,1
SYSN10006970,SH5836626,Hada Labo Kiểm soát nhờn Hyaluronic Acid Serum,400000,4.5,190,189,11,3
SYSN10006971,SH6771074,Shiseido VN Cấp nước Balm Cleanser,679000,4.6,9,7,27,1
SYSN10006972,SH6940792,Hada Labo Sáng da Cream Moisturizer,301000,4.6,15,28,11,2
SYSN10006973,SH5638060,Cetaphil Phục hồi Peptide Serum,396000,4.0,44,42,5,3
SYSN10006974,SH5629354,Rovectin Trắng sáng SPF 50+ Sunscreen,317000,5.0,199,152,24,4
SYSN10006975,SH4773521,Clean & Clear Kiểm soát nhờn Niacinamide Serum,97000,4.6,11,10,6,3
SYSN10006976,SH1690978,SK-II Kiểm soát nhờn Peptide Serum,2305000,4.5,20,28,25,3
SYSN10006977,SH4572819,Bioderma Sáng da Daily Sunscreen,444000,4.6,59,31,3,4
SYSN10006978,SH7307445,Murad VN Cấp nước Cream Moisturizer,2179000,5.0,26,46,19,2
SYSN10006979,SH5377947,Bioderma Dưỡng ẩm Water Resistant Sunscreen,469000,4.3,5,5,3,4
SYSN10006980,SH4550264,Kiehl's VN Sáng da Vitamin C Serum,3046000,4.7,61,37,14,3
SYSN10006981,SH9205669,CeraVe Phục hồi Vitamin C Serum,368000,4.3,18,21,4,3
SYSN10006982,SH9665768,Shiseido VN Sáng da Eye Cream Moisturizer,857000,4.4,178,114,27,2
SYSN10006983,SH7984575,St. Ives Thiên nhiên Daily Sunscreen,81000,4.3,11,19,30,4
SYSN10006984,SH6376144,Bioderma Cấp nước Gel Cleanser,159000,4.1,194,106,3,1
SYSN10006985,SH5922610,Rovectin Hiệu quả Retinol Serum,363000,4.5,5,7,24,3
SYSN10006986,SH5687632,Cetaphil Phục hồi Pore Care Toner,279000,5.0,47,50,5,5
SYSN10006987,SH6310982,Rovectin Phục hồi Micellar Cleanser,309000,4.4,24,41,24,1
SYSN10006988,SH4895221,Senka Hiệu quả Lotion Moisturizer,69000,4.6,36,53,26,2
SYSN10006989,SH4768800,Some By Mi Cao cấp SPF 30 Sunscreen,325000,4.7,616,340,29,4
SYSN10006990,SH2853750,Clean & Clear Dưỡng ẩm Night Cream Moisturizer,69000,4.8,38,46,6,2
SYSN10006991,SH2543109,Cetaphil Chuyên sâu SPF 50+ Sunscreen,394000,4.5,130,225,5,4
SYSN10006992,SH8034721,Cosrx Hiệu quả Oil Cleanser,433000,4.2,4,2,8,1
SYSN10006993,SH2506474,Some By Mi Hiệu quả Daily Sunscreen,209000,4.2,45,28,29,4
SYSN10006994,SH2729683,Shiseido VN Sáng da Hyaluronic Acid Serum,2044000,4.6,46,36,27,3
SYSN10006995,SH3343048,The Face Shop Làm dịu Oil Cleanser,200000,4.8,14,14,32,1
SYSN10006996,SH7085796,Laneige Dưỡng ẩm Essence Toner,1535000,4.5,5,8,18,5
SYSN10006997,SH4320375,Hada Labo Làm mềm Gel Moisturizer,195000,4.4,19,36,11,2
SYSN10006998,SH1519755,Cosrx Hiệu quả SPF 50+ Sunscreen,340000,4.5,6,11,8,4
SYSN10006999,SH7299855,Cocoon Làm mềm Niacinamide Serum,220000,4.8,175,295,7,3
SYSN10007000,SH8899687,Hasaki Hiệu quả PA++++ Sunscreen,136000,4.4,10,13,12,4
SYSN10007001,SH9121258,Estee Lauder Trắng sáng Retinol Serum,1271000,4.7,6,11,9,3
SYSN10007002,SH5298443,Garnier Sáng da Daily Sunscreen,95000,5.0,2,1,10,4
SYSN10007003,SH8326069,Simple Trắng sáng Tint Sunscreen,176000,4.4,28,16,28,4
SYSN10007004,SH4951387,Simple Cao cấp Night Cream Moisturizer,158000,4.2,385,590,28,2
SYSN10007005,SH6774032,Hasaki Chuyên sâu Hyaluronic Acid Serum,278000,5.0,39,19,12,3
SYSN10007006,SH1779137,Some By Mi Làm mềm Eye Cream Moisturizer,260000,4.6,331,275,29,2
SYSN10007007,SH5901770,Vaseline Dưỡng ẩm Brightening Toner,66000,4.7,12,17,34,5
SYSN10007008,SH4515462,Neutrogena Thiên nhiên Niacinamide Serum,456000,4.6,321,548,20,3
SYSN10007009,SH5184283,Hada Labo Trắng sáng Peptide Serum,292000,4.6,12,7,11,3
SYSN10007010,SH2565010,Anessa Kiểm soát nhờn Barrier Repair Moisturizer,346000,4.3,6,6,1,2
SYSN10007011,SH9837903,Anessa Kiểm soát nhờn Barrier Repair Moisturizer,394000,4.3,123,137,1,2
SYSN10007012,SH2199617,Murad VN Trắng sáng Micellar Cleanser,1752000,4.8,40,34,19,1
SYSN10007013,SH8542836,Neutrogena Tăng cường Hydrating Toner,388000,4.2,1440,761,20,5
SYSN10007014,SH4600268,Senka Hiệu quả SPF 50+ Sunscreen,62000,4.5,43,75,26,4
SYSN10007015,SH5653978,Some By Mi Trắng sáng Hyaluronic Acid Serum,537000,4.6,46,35,29,3
SYSN10007016,SH7276341,Shiseido VN Cao cấp PA++++ Sunscreen,1749000,4.7,3,5,27,4
SYSN10007017,SH7819533,Kiehl's VN Trắng sáng SPF 50+ Sunscreen,2630000,5.0,0,0,14,4
SYSN10007018,SH2234000,Innisfree Nhẹ nhàng Micellar Cleanser,275000,4.6,24,27,13,1
SYSN10007019,SH5203582,Kiehl's VN Cấp nước Balm Cleanser,860000,4.7,6,4,14,1
SYSN10007020,SH3686753,CeraVe Thiên nhiên Niacinamide Serum,310000,5.0,2,3,4,3
SYSN10007021,SH7802298,Pond's Sáng da Gel Cleanser,99000,4.7,3,4,23,1
SYSN10007022,SH6593573,Simple Hiệu quả SPF 50+ Sunscreen,80000,4.5,13,11,28,4
SYSN10007023,SH3676031,Senka Làm dịu Balm Cleanser,111000,4.4,47,24,26,1
SYSN10007024,SH8146329,Senka Làm mềm Balm Cleanser,69000,4.2,62,61,26,1
SYSN10007025,SH9781093,Laneige Thiên nhiên AHA/BHA Serum,1632000,4.9,5,5,18,3
SYSN10007026,SH9153687,Klairs Cấp nước SPF 50+ Sunscreen,467000,4.4,105,63,15,4
SYSN10007027,SH6534099,Clean & Clear Kiểm soát nhờn Water Resistant Sunscreen,129000,4.7,24,16,6,4
SYSN10007028,SH9655078,The Face Shop Chống lão hóa Hyaluronic Acid Serum,340000,4.7,1,1,32,3
SYSN10007029,SH2399014,SK-II Thiên nhiên Hydrating Toner,1579000,4.1,21,31,25,5
SYSN10007030,SH2528934,Cetaphil Kiểm soát nhờn Balm Cleanser,337000,4.9,125,77,5,1
SYSN10007031,SH1933135,The Face Shop Kiểm soát nhờn Hydrating Toner,442000,4.4,23,30,32,5
SYSN10007032,SH8684373,Clean & Clear Tăng cường Oil Cleanser,162000,4.1,39,58,6,1
SYSN10007033,SH4368897,Some By Mi Hiệu quả SPF 50+ Sunscreen,208000,4.6,20,32,29,4
SYSN10007034,SH6772847,Bioderma Cấp nước AHA/BHA Serum,280000,4.3,28,33,3,3
SYSN10007035,SH8087224,Vaseline Trắng sáng Cream Moisturizer,156000,4.6,13,17,34,2
SYSN10007036,SH4710751,Estee Lauder Chống lão hóa Vitamin C Serum,2168000,4.6,15,19,9,3
SYSN10007037,SH5957567,L'Oreal Trắng sáng Eye Cream Moisturizer,106000,4.1,1,1,16,2
SYSN10007038,SH8088302,Klairs Nhẹ nhàng Exfoliating Toner,211000,4.3,25,17,15,5
SYSN10007039,SH4406482,Klairs Tăng cường AHA/BHA Serum,444000,5.0,167,194,15,3
SYSN10007040,SH8371931,Vaseline Chống lão hóa Brightening Toner,112000,4.7,34,57,34,5
SYSN10007041,SH7103819,Neutrogena Dưỡng ẩm Daily Sunscreen,321000,4.7,193,368,20,4
SYSN10007042,SH5285297,Cetaphil Hiệu quả Night Cream Moisturizer,221000,4.3,431,457,5,2
SYSN10007043,SH3327790,The Face Shop Cấp nước AHA/BHA Serum,390000,4.1,6,8,32,3
SYSN10007044,SH8042146,Cocoon Nhẹ nhàng Pore Care Toner,132000,4.6,51,62,7,5
SYSN10007045,SH4560472,Simple Cấp nước Vitamin C Serum,207000,4.1,61,71,28,3
SYSN10007046,SH1025762,Estee Lauder Chống lão hóa Brightening Toner,1792000,4.6,800,599,9,5
SYSN10007047,SH9190792,L'Oreal Thiên nhiên Balm Cleanser,111000,4.7,18,9,16,1
SYSN10007048,SH6035956,Cosrx Thiên nhiên Gel Moisturizer,274000,5.0,4,6,8,2
SYSN10007049,SH3393804,The Ordinary Hiệu quả Retinol Serum,406000,4.1,68,43,33,3
SYSN10007050,SH6715585,Kiehl's VN Chống lão hóa Water Resistant Sunscreen,1043000,4.6,124,215,14,4
SYSN10007051,SH9624780,Klairs Nhẹ nhàng Vitamin C Serum,337000,4.4,75,133,15,3
SYSN10007052,SH4644563,Some By Mi Làm dịu Vitamin C Serum,390000,4.5,1110,2022,29,3
SYSN10007053,SH7008420,The Face Shop Chuyên sâu Night Cream Moisturizer,230000,4.6,60,91,32,2
SYSN10007054,SH9274985,Cetaphil Sáng da Essence Toner,229000,5.0,79,72,5,5
SYSN10007055,SH3621405,Rovectin Thiên nhiên Pore Care Toner,194000,4.6,1,0,24,5
SYSN10007056,SH6079625,Hasaki Dưỡng ẩm Micellar Cleanser,137000,4.5,1769,1965,12,1
SYSN10007057,SH3326880,Shiseido VN Làm dịu Night Cream Moisturizer,1739000,4.5,413,446,27,2
SYSN10007058,SH2423837,Some By Mi Cấp nước Night Cream Moisturizer,351000,4.9,12,22,29,2
SYSN10007059,SH5537994,La Roche-Posay Hiệu quả Retinol Serum,598000,4.9,270,420,17,3
SYSN10007060,SH2698297,Sulwhasoo Chống lão hóa Oil Cleanser,1610000,4.3,38,20,31,1
SYSN10007061,SH5550758,Clean & Clear Cấp nước Gel Cleanser,113000,4.7,0,0,6,1
SYSN10007062,SH3194272,Neutrogena Thiên nhiên Vitamin C Serum,464000,4.8,192,176,20,3
SYSN10007063,SH8307571,Pond's Hiệu quả Micellar Cleanser,56000,4.6,25,44,23,1
SYSN10007064,SH9246985,Kiehl's VN Nhẹ nhàng SPF 50+ Sunscreen,2861000,4.5,43,32,14,4
SYSN10007065,SH2145697,Anessa Phục hồi Barrier Repair Moisturizer,495000,4.5,25,32,1,2
SYSN10007066,SH1290785,Some By Mi Chống lão hóa Tint Sunscreen,229000,4.8,19,15,29,4
SYSN10007067,SH8320592,Cosrx Chuyên sâu SPF 50+ Sunscreen,402000,4.8,84,127,8,4
SYSN10007068,SH5671330,Cocoon Trắng sáng Gel Cleanser,138000,4.9,41,22,7,1
SYSN10007069,SH3212485,Beauty of Joseon VN Sáng da Hydrating Toner,161000,4.7,0,0,2,5
SYSN10007070,SH8756015,Bioderma Chống lão hóa Hyaluronic Acid Serum,415000,4.9,163,109,3,3
SYSN10007071,SH3243123,Some By Mi Chuyên sâu Hyaluronic Acid Serum,311000,4.5,87,60,29,3
SYSN10007072,SH1474481,Simple Dưỡng ẩm Micellar Cleanser,70000,4.7,5,4,28,1
SYSN10007073,SH5711754,Anessa Phục hồi Lotion Moisturizer,246000,4.2,53,89,1,2
SYSN10007074,SH9071332,Hada Labo Sáng da Foam Cleanser,300000,4.5,43,26,11,1
SYSN10007075,SH9289405,La Roche-Posay Tăng cường Exfoliating Toner,372000,4.6,71,73,17,5
SYSN10007076,SH6972496,St. Ives Làm mềm Brightening Toner,81000,4.5,12,13,30,5
SYSN10007077,SH2556516,Innisfree Nhẹ nhàng Water Resistant Sunscreen,293000,4.8,137,113,13,4
SYSN10007078,SH1202997,Kiehl's VN Làm dịu AHA/BHA Serum,2324000,4.7,45,36,14,3
SYSN10007079,SH3278320,Estee Lauder Nhẹ nhàng Retinol Serum,2223000,4.6,125,226,9,3
SYSN10007080,SH1221426,Garnier Trắng sáng Night Cream Moisturizer,103000,4.7,58,30,10,2
SYSN10007081,SH9425665,Cocoon Cao cấp Hyaluronic Acid Serum,222000,4.7,1501,976,7,3
SYSN10007082,SH1961549,Cosrx Sáng da Oil Cleanser,338000,4.4,35,34,8,1
SYSN10007083,SH1556422,Hada Labo Làm mềm Balm Cleanser,285000,4.5,8,4,11,1
SYSN10007084,SH1602005,Some By Mi Tăng cường Niacinamide Serum,507000,4.9,96,187,29,3
SYSN10007085,SH7247961,Murad VN Thiên nhiên Hyaluronic Acid Serum,1332000,4.3,30,20,19,3
SYSN10007086,SH1731253,Estee Lauder Chống lão hóa AHA/BHA Serum,3509000,4.6,133,199,9,3
SYSN10007087,SH2623835,Paula's Choice Chống lão hóa Gel Cleanser,221000,4.0,1,1,22,1
SYSN10007088,SH5496133,Vaseline Thiên nhiên Foam Cleanser,84000,4.9,161,97,34,1
SYSN10007089,SH1772923,Cetaphil Cấp nước Retinol Serum,543000,4.3,15,10,5,3
SYSN10007090,SH5175359,L'Oreal Chuyên sâu Gel Cleanser,102000,4.0,60,43,16,1
SYSN10007091,SH3032010,Neutrogena Nhẹ nhàng Low pH Cleanser,338000,4.8,177,213,20,1
SYSN10007092,SH2060295,Cosrx Trắng sáng Peptide Serum,364000,4.8,38,24,8,3
SYSN10007093,SH4934990,Anessa Làm mềm Cream Moisturizer,393000,4.7,13,15,1,2
SYSN10007094,SH6465402,Neutrogena Tăng cường SPF 30 Sunscreen,202000,4.6,1,1,20,4
SYSN10007095,SH4404201,Bioderma Trắng sáng Gel Moisturizer,457000,4.6,0,0,3,2
SYSN10007096,SH7513336,Hasaki Cấp nước Brightening Toner,86000,4.8,50,34,12,5
SYSN10007097,SH6613895,Kiehl's VN Trắng sáng Gel Moisturizer,1719000,4.5,314,263,14,2
SYSN10007098,SH2893323,Sulwhasoo Cấp nước Lotion Moisturizer,2275000,5.0,39,60,31,2
SYSN10007099,SH8579106,Klairs Thiên nhiên Hydrating Toner,321000,4.6,17,17,15,5
SYSN10007100,SH4390316,Laneige Thiên nhiên SPF 50+ Sunscreen,1807000,4.4,29,51,18,4
SYSN10007101,SH2057139,Murad VN Làm dịu Peptide Serum,926000,4.9,27,48,19,3
SYSN10007102,SH9980734,St. Ives Tăng cường Oil Cleanser,52000,4.2,847,603,30,1
SYSN10007103,SH3363821,Hada Labo Trắng sáng Oil Cleanser,362000,4.1,13811,11022,11,1
SYSN10007104,SH4451592,Some By Mi Làm mềm Essence Toner,196000,4.3,50,28,29,5
SYSN10007105,SH6264000,Estee Lauder Kiểm soát nhờn Daily Sunscreen,2844000,4.8,86,92,9,4
SYSN10007106,SH7784614,Cosrx Hiệu quả SPF 30 Sunscreen,411000,4.5,1215,1971,8,4
SYSN10007107,SH1387687,Klairs Làm mềm PA++++ Sunscreen,500000,4.5,13,8,15,4
SYSN10007108,SH4814129,Cetaphil Phục hồi AHA/BHA Serum,576000,4.6,190,257,5,3
SYSN10007109,SH9577002,Anessa Thiên nhiên Water Resistant Sunscreen,494000,4.5,39,26,1,4
SYSN10007110,SH8795645,Clean & Clear Chống lão hóa SPF 50+ Sunscreen,207000,4.9,22,20,6,4
SYSN10007111,SH9381287,The Face Shop Tăng cường Gel Moisturizer,200000,5.0,29,37,32,2
SYSN10007112,SH3192634,Pond's Thiên nhiên Hydrating Toner,150000,4.8,1975,1674,23,5
SYSN10007113,SH4739830,Neutrogena Phục hồi Peptide Serum,418000,4.6,84,125,20,3
SYSN10007114,SH4860662,Clean & Clear Chống lão hóa AHA/BHA Serum,219000,5.0,411,587,6,3
SYSN10007115,SH6953815,The Face Shop Làm dịu Oil Cleanser,213000,4.5,26,43,32,1
SYSN10007116,SH7901963,Senka Chuyên sâu Essence Toner,104000,4.6,18,22,26,5
SYSN10007117,SH3962560,Klairs Trắng sáng Balm Cleanser,269000,4.4,29,40,15,1
SYSN10007118,SH9312583,Ohui VN Làm mềm SPF 30 Sunscreen,830000,4.7,76,52,21,4
SYSN10007119,SH7698531,Pond's Phục hồi AHA/BHA Serum,122000,4.9,44,41,23,3
SYSN10007120,SH6209285,Cosrx Cao cấp PA++++ Sunscreen,327000,5.0,84,47,8,4
SYSN10007121,SH7325135,Senka Trắng sáng Retinol Serum,216000,4.3,1166,775,26,3
SYSN10007122,SH5401881,Murad VN Làm dịu Water Resistant Sunscreen,1989000,4.4,36,67,19,4
SYSN10007123,SH2535398,La Roche-Posay Sáng da PA++++ Sunscreen,235000,4.4,81,159,17,4
SYSN10007124,SH9009453,Cosrx Cao cấp Barrier Repair Moisturizer,344000,4.8,5,9,8,2
SYSN10007125,SH4844656,Cetaphil Nhẹ nhàng Daily Sunscreen,441000,5.0,85,92,5,4
SYSN10007126,SH3752086,St. Ives Dưỡng ẩm Oil Cleanser,42000,4.7,10,7,30,1
SYSN10007127,SH2861658,Vaseline Chống lão hóa Peptide Serum,202000,4.5,118,188,34,3
SYSN10007128,SH8457880,Cetaphil Hiệu quả Gel Moisturizer,531000,4.5,31,61,5,2
SYSN10007129,SH7280153,Clean & Clear Làm dịu Daily Sunscreen,59000,4.7,301,218,6,4
SYSN10007130,SH2063628,Anessa Sáng da PA++++ Sunscreen,265000,4.6,905,1525,1,4
SYSN10007131,SH3843741,Vaseline Chống lão hóa Micellar Cleanser,71000,4.3,101,141,34,1
SYSN10007132,SH6958167,SK-II Làm dịu Water Resistant Sunscreen,1402000,4.0,456,611,25,4
SYSN10007133,SH9422001,Anessa Làm dịu PA++++ Sunscreen,406000,4.7,111,176,1,4
SYSN10007134,SH7746677,Simple Chuyên sâu Peptide Serum,85000,4.7,32,37,28,3
SYSN10007135,SH4615609,Murad VN Cấp nước Daily Sunscreen,859000,4.8,20,14,19,4
SYSN10007136,SH6973743,Klairs Tăng cường Low pH Cleanser,316000,4.3,18,32,15,1
SYSN10007137,SH7945545,SK-II Cấp nước SPF 50+ Sunscreen,2254000,4.6,16,11,25,4
SYSN10007138,SH7315576,St. Ives Nhẹ nhàng Water Resistant Sunscreen,134000,4.3,537,433,30,4
SYSN10007139,SH9665673,Some By Mi Phục hồi Tint Sunscreen,323000,4.3,98,111,29,4
SYSN10007140,SH6596408,St. Ives Làm mềm AHA/BHA Serum,250000,4.3,14,26,30,3
SYSN10007141,SH6570043,Cosrx Cấp nước Eye Cream Moisturizer,411000,4.4,327,431,8,2
SYSN10007142,SH8753435,Clean & Clear Chống lão hóa Oil Cleanser,85000,4.6,2,1,6,1
SYSN10007143,SH3895425,Cocoon Cao cấp Hyaluronic Acid Serum,209000,4.6,143,244,7,3
SYSN10007144,SH8464194,Innisfree Làm dịu Pore Care Toner,200000,4.6,2016,1788,13,5
SYSN10007145,SH5326780,Laneige Chuyên sâu Lotion Moisturizer,1341000,4.5,16,9,18,2
SYSN10007146,SH5829884,The Ordinary Hiệu quả Foam Cleanser,223000,4.4,87,169,33,1
SYSN10007147,SH1505023,Vaseline Chuyên sâu PA++++ Sunscreen,87000,4.5,23,38,34,4
SYSN10007148,SH2921352,Senka Trắng sáng Pore Care Toner,125000,4.6,133,112,26,5
SYSN10007149,SH2250986,L'Oreal Trắng sáng Foam Cleanser,73000,4.5,47,77,16,1
SYSN10007150,SH4441027,Simple Chống lão hóa SPF 30 Sunscreen,117000,4.7,4,3,28,4
SYSN10007151,SH2257605,Some By Mi Hiệu quả Brightening Toner,441000,4.7,2267,4208,29,5
SYSN10007152,SH2032394,Clean & Clear Chuyên sâu Essence Toner,73000,4.5,0,0,6,5
SYSN10007153,SH6952593,Some By Mi Dưỡng ẩm Hyaluronic Acid Serum,356000,4.6,139,89,29,3
SYSN10007154,SH5931124,Senka Trắng sáng AHA/BHA Serum,109000,4.2,7,11,26,3
SYSN10007155,SH4776909,The Face Shop Tăng cường Foam Cleanser,228000,4.6,35,22,32,1
SYSN10007156,SH3622338,Cosrx Tăng cường AHA/BHA Serum,421000,4.2,54,39,8,3
SYSN10007157,SH2744561,Neutrogena Cao cấp Peptide Serum,510000,5.0,22,15,20,3
SYSN10007158,SH3927602,Vaseline Tăng cường Retinol Serum,223000,4.8,431,520,34,3
SYSN10007159,SH7843136,Clean & Clear Tăng cường Pore Care Toner,87000,4.9,490,264,6,5
SYSN10007160,SH5594163,Vaseline Chuyên sâu Eye Cream Moisturizer,141000,4.7,3,3,34,2
SYSN10007161,SH8196632,SK-II Sáng da AHA/BHA Serum,1992000,4.7,4,3,25,3
SYSN10007162,SH5278214,Neutrogena Hiệu quả Barrier Repair Moisturizer,240000,4.7,7,9,20,2
SYSN10007163,SH5201809,Cetaphil Làm dịu Balm Cleanser,208000,4.9,191,266,5,1
SYSN10007164,SH6193888,L'Oreal Trắng sáng Brightening Toner,138000,4.6,36,53,16,5
SYSN10007165,SH2259332,Garnier Cao cấp Gel Cleanser,138000,4.5,24,47,10,1
SYSN10007166,SH2632397,Simple Hiệu quả SPF 50+ Sunscreen,138000,4.5,9,13,28,4
SYSN10007167,SH5491072,La Roche-Posay Kiểm soát nhờn Gel Cleanser,159000,4.6,1257,1151,17,1
SYSN10007168,SH6857160,Kiehl's VN Chống lão hóa Daily Sunscreen,1641000,4.6,72,79,14,4
SYSN10007169,SH2451288,Cocoon Trắng sáng Lotion Moisturizer,175000,4.2,8,4,7,2
SYSN10007170,SH3227318,Garnier Chuyên sâu Pore Care Toner,133000,4.9,0,0,10,5
SYSN10007171,SH1002647,Garnier Cao cấp Vitamin C Serum,157000,4.8,18,9,10,3
SYSN10007172,SH2791994,St. Ives Nhẹ nhàng Hydrating Toner,130000,4.9,23,22,30,5
SYSN10007173,SH4186100,The Face Shop Hiệu quả Tint Sunscreen,374000,4.3,113,69,32,4
SYSN10007174,SH9258597,The Face Shop Nhẹ nhàng Vitamin C Serum,481000,4.6,405,324,32,3
SYSN10007175,SH1684129,Kiehl's VN Sáng da Barrier Repair Moisturizer,1190000,4.9,2,1,14,2
SYSN10007176,SH4241330,The Ordinary Nhẹ nhàng Hyaluronic Acid Serum,431000,4.8,52,87,33,3
SYSN10007177,SH2917861,Bioderma Tăng cường Pore Care Toner,238000,4.5,138,212,3,5
SYSN10007178,SH5442678,Neutrogena Làm mềm Vitamin C Serum,552000,4.9,33,62,20,3
SYSN10007179,SH2366722,Laneige Kiểm soát nhờn Pore Care Toner,808000,4.3,960,629,18,5
SYSN10007180,SH1538882,Kiehl's VN Cao cấp Niacinamide Serum,1593000,4.8,54,53,14,3
SYSN10007181,SH1756272,Rovectin Làm mềm Daily Sunscreen,273000,4.3,914,802,24,4
SYSN10007182,SH5187178,Beauty of Joseon VN Làm mềm Oil Cleanser,342000,4.4,150,104,2,1
SYSN10007183,SH1127165,Some By Mi Hiệu quả Niacinamide Serum,556000,4.3,70,53,29,3
SYSN10007184,SH1477394,St. Ives Kiểm soát nhờn Retinol Serum,80000,4.3,400,416,30,3
SYSN10007185,SH7477274,Hada Labo Chuyên sâu Niacinamide Serum,327000,4.9,214,274,11,3
SYSN10007186,SH5455111,The Face Shop Chuyên sâu SPF 50+ Sunscreen,387000,4.8,6452,4872,32,4
SYSN10007187,SH9843194,Hada Labo Kiểm soát nhờn Brightening Toner,304000,4.4,20,27,11,5
SYSN10007188,SH2293992,L'Oreal Sáng da Gel Cleanser,83000,4.2,14,21,16,1
SYSN10007189,SH6458249,Hasaki Sáng da Brightening Toner,143000,4.5,28,55,12,5
SYSN10007190,SH1237264,Clean & Clear Nhẹ nhàng Micellar Cleanser,121000,4.8,15,13,6,1
SYSN10007191,SH2619672,Hasaki Làm dịu AHA/BHA Serum,196000,4.6,3,3,12,3
SYSN10007192,SH2597481,Clean & Clear Cao cấp PA++++ Sunscreen,95000,4.3,0,0,6,4
SYSN10007193,SH3097499,Some By Mi Làm dịu Niacinamide Serum,554000,4.4,0,0,29,3
SYSN10007194,SH9981819,Senka Dưỡng ẩm Pore Care Toner,147000,4.4,251,414,26,5
SYSN10007195,SH9504433,Simple Kiểm soát nhờn Cream Moisturizer,203000,4.8,17,21,28,2
SYSN10007196,SH8460426,Some By Mi Dưỡng ẩm Retinol Serum,478000,4.4,91,164,29,3
SYSN10007197,SH6286578,Hada Labo Làm dịu SPF 30 Sunscreen,381000,4.4,38,69,11,4
SYSN10007198,SH1600659,Some By Mi Nhẹ nhàng Lotion Moisturizer,312000,4.6,139,78,29,2
SYSN10007199,SH6874525,Simple Cấp nước Low pH Cleanser,89000,4.6,430,258,28,1
SYSN10007200,SH6370980,Cosrx Nhẹ nhàng Essence Toner,417000,4.5,113,80,8,5
SYSN10007201,SH5031718,Some By Mi Kiểm soát nhờn Niacinamide Serum,527000,4.3,2474,4421,29,3
SYSN10007202,SH6284040,La Roche-Posay Làm dịu Brightening Toner,373000,4.4,0,0,17,5
SYSN10007203,SH7845833,SK-II Sáng da AHA/BHA Serum,1118000,5.0,28,22,25,3
SYSN10007204,SH7441255,La Roche-Posay Thiên nhiên Retinol Serum,243000,4.5,252,458,17,3
SYSN10007205,SH5019314,Rovectin Chuyên sâu Barrier Repair Moisturizer,225000,4.6,5,2,24,2
SYSN10007206,SH5733314,Beauty of Joseon VN Thiên nhiên Gel Moisturizer,419000,4.7,2,1,2,2
SYSN10007207,SH2091897,Senka Thiên nhiên AHA/BHA Serum,82000,4.3,529,718,26,3
SYSN10007208,SH8230898,The Face Shop Chống lão hóa AHA/BHA Serum,573000,4.8,68,67,32,3
SYSN10007209,SH9046032,Some By Mi Trắng sáng Pore Care Toner,216000,4.5,0,0,29,5
SYSN10007210,SH6693502,Bioderma Chống lão hóa Vitamin C Serum,314000,4.5,10,5,3,3
SYSN10007211,SH2334419,Clean & Clear Sáng da Balm Cleanser,109000,4.0,122,84,6,1
SYSN10007212,SH4562316,Anessa Phục hồi Pore Care Toner,179000,4.3,147,193,1,5
SYSN10007213,SH8447225,Bioderma Sáng da Peptide Serum,352000,5.0,87,122,3,3
SYSN10007214,SH5979323,Innisfree Nhẹ nhàng Barrier Repair Moisturizer,490000,4.7,41,60,13,2
SYSN10007215,SH6662421,Anessa Hiệu quả Foam Cleanser,185000,4.8,5,7,1,1
SYSN10007216,SH4243471,Neutrogena Trắng sáng AHA/BHA Serum,567000,4.5,408,803,20,3
SYSN10007217,SH3267199,Hasaki Chống lão hóa Micellar Cleanser,161000,4.5,44,76,12,1
SYSN10007218,SH6723099,Pond's Kiểm soát nhờn Gel Moisturizer,106000,4.1,38,75,23,2
SYSN10007219,SH6289819,Hada Labo Tăng cường Retinol Serum,447000,4.6,13,16,11,3
SYSN10007220,SH6834893,Bioderma Dưỡng ẩm Retinol Serum,309000,4.5,209,238,3,3
SYSN10007221,SH8053690,Paula's Choice Nhẹ nhàng Retinol Serum,358000,4.9,459,552,22,3
SYSN10007222,SH7214815,Cosrx Cao cấp AHA/BHA Serum,674000,4.9,14,22,8,3
SYSN10007223,SH1502716,CeraVe Sáng da Eye Cream Moisturizer,264000,4.6,39,74,4,2
SYSN10007224,SH4673269,Laneige Thiên nhiên Foam Cleanser,1493000,4.4,65,52,18,1
SYSN10007225,SH8092834,Rovectin Kiểm soát nhờn Pore Care Toner,191000,4.9,18,31,24,5
SYSN10007226,SH9497062,Garnier Chuyên sâu Niacinamide Serum,241000,5.0,9,13,10,3
SYSN10007227,SH9712448,Cetaphil Hiệu quả AHA/BHA Serum,268000,4.3,19,21,5,3
SYSN10007228,SH8581822,The Face Shop Kiểm soát nhờn Eye Cream Moisturizer,213000,4.6,5,6,32,2
SYSN10007229,SH5688808,The Face Shop Chống lão hóa Gel Cleanser,211000,4.7,58,53,32,1
SYSN10007230,SH7401920,Cetaphil Nhẹ nhàng Peptide Serum,418000,5.0,172,156,5,3
SYSN10007231,SH3436633,Ohui VN Dưỡng ẩm Oil Cleanser,1288000,4.6,75,102,21,1
SYSN10007232,SH5422714,Kiehl's VN Thiên nhiên SPF 30 Sunscreen,1354000,4.5,96,127,14,4
SYSN10007233,SH7738777,The Face Shop Cao cấp Retinol Serum,424000,4.9,7,5,32,3
SYSN10007234,SH7989052,Klairs Cấp nước Pore Care Toner,467000,4.8,6,9,15,5
SYSN10007235,SH6710690,Neutrogena Thiên nhiên Hyaluronic Acid Serum,426000,4.2,95,184,20,3
SYSN10007236,SH7989275,Bioderma Thiên nhiên SPF 30 Sunscreen,256000,4.9,113,88,3,4
SYSN10007237,SH7338467,CeraVe Tăng cường Oil Cleanser,331000,4.8,63,70,4,1
SYSN10007238,SH5498365,Hada Labo Chuyên sâu Pore Care Toner,240000,4.9,3,5,11,5
SYSN10007239,SH1725682,Vaseline Làm mềm Gel Cleanser,57000,4.7,76,81,34,1
SYSN10007240,SH8009424,Murad VN Tăng cường Barrier Repair Moisturizer,1075000,4.6,26,13,19,2
SYSN10007241,SH7077081,Anessa Hiệu quả Water Resistant Sunscreen,342000,4.9,18,9,1,4
SYSN10007242,SH7625367,Neutrogena Kiểm soát nhờn PA++++ Sunscreen,264000,4.6,35,55,20,4
SYSN10007243,SH9778875,Innisfree Cấp nước Niacinamide Serum,337000,4.4,1,1,13,3
SYSN10007244,SH9509533,Rovectin Thiên nhiên Vitamin C Serum,502000,4.3,113,154,24,3
SYSN10007245,SH1587782,Some By Mi Sáng da Lotion Moisturizer,242000,4.7,1218,1458,29,2
SYSN10007246,SH8658638,Murad VN Sáng da SPF 50+ Sunscreen,604000,4.6,98,56,19,4
SYSN10007247,SH4814257,Paula's Choice Cao cấp Hydrating Toner,195000,4.9,24,38,22,5
SYSN10007248,SH4759263,Pond's Nhẹ nhàng Niacinamide Serum,131000,4.6,8,5,23,3
SYSN10007249,SH1815148,Anessa Cao cấp Vitamin C Serum,498000,4.2,45,30,1,3
SYSN10007250,SH2404995,Beauty of Joseon VN Phục hồi SPF 30 Sunscreen,266000,4.4,1319,750,2,4
SYSN10007251,SH5719781,Vaseline Nhẹ nhàng Pore Care Toner,80000,4.3,65,73,34,5
SYSN10007252,SH9568507,CeraVe Cấp nước Brightening Toner,299000,4.3,103,78,4,5
SYSN10007253,SH5744743,Cosrx Trắng sáng Peptide Serum,241000,5.0,11,14,8,3
SYSN10007254,SH2335055,CeraVe Làm mềm Exfoliating Toner,291000,4.8,72,105,4,5
SYSN10007255,SH3352197,Estee Lauder Kiểm soát nhờn AHA/BHA Serum,840000,4.4,1283,1540,9,3
SYSN10007256,SH2751953,Pond's Làm mềm Hyaluronic Acid Serum,233000,4.6,3,3,23,3
SYSN10007257,SH4873694,L'Oreal Làm mềm Micellar Cleanser,59000,4.7,3,5,16,1
SYSN10007258,SH8638893,Innisfree Chuyên sâu PA++++ Sunscreen,255000,4.0,174,242,13,4
SYSN10007259,SH4190313,Senka Phục hồi Gel Moisturizer,100000,4.9,19,21,26,2
SYSN10007260,SH4681354,Vaseline Cao cấp Foam Cleanser,75000,4.5,49,56,34,1
SYSN10007261,SH6640884,Some By Mi Làm dịu Gel Cleanser,390000,4.3,7,13,29,1
SYSN10007262,SH7172000,Sulwhasoo Phục hồi Gel Moisturizer,1913000,4.6,158,212,31,2
SYSN10007263,SH9405347,Beauty of Joseon VN Làm dịu Hyaluronic Acid Serum,250000,4.5,16,14,2,3
SYSN10007264,SH6600208,St. Ives Kiểm soát nhờn Peptide Serum,119000,4.5,26,30,30,3
SYSN10007265,SH8419419,Hada Labo Chuyên sâu Niacinamide Serum,446000,4.3,195,264,11,3
SYSN10007266,SH1537640,The Face Shop Cấp nước Exfoliating Toner,133000,4.9,30,54,32,5
SYSN10007267,SH9951272,Klairs Làm mềm Eye Cream Moisturizer,374000,4.3,1,1,15,2
SYSN10007268,SH5082131,Klairs Nhẹ nhàng Exfoliating Toner,231000,4.2,51,65,15,5
SYSN10007269,SH4203192,Anessa Nhẹ nhàng Eye Cream Moisturizer,207000,4.9,8,4,1,2
SYSN10007270,SH5796746,Clean & Clear Làm mềm Oil Cleanser,113000,5.0,216,391,6,1
SYSN10007271,SH6518690,Anessa Thiên nhiên Low pH Cleanser,261000,4.5,20,10,1,1
SYSN10007272,SH1193127,Pond's Cao cấp Water Resistant Sunscreen,123000,4.8,0,0,23,4
SYSN10007273,SH3503367,Anessa Kiểm soát nhờn SPF 30 Sunscreen,426000,4.5,9,7,1,4
SYSN10007274,SH4229997,Hasaki Làm dịu Daily Sunscreen,113000,4.7,40,60,12,4
SYSN10007275,SH5572561,Laneige Chuyên sâu Retinol Serum,1477000,4.5,91,128,18,3
SYSN10007276,SH9249291,Clean & Clear Tăng cường Night Cream Moisturizer,124000,4.2,5,4,6,2
SYSN10007277,SH3533709,Vaseline Chống lão hóa SPF 50+ Sunscreen,158000,5.0,63,32,34,4
SYSN10007278,SH7446117,Klairs Tăng cường Essence Toner,309000,4.7,34,17,15,5
SYSN10007279,SH4972999,L'Oreal Trắng sáng AHA/BHA Serum,198000,4.2,3,5,16,3
SYSN10007280,SH7861709,Cocoon Dưỡng ẩm Micellar Cleanser,107000,5.0,54,49,7,1
SYSN10007281,SH4168506,Cetaphil Làm mềm Essence Toner,284000,4.7,12,9,5,5
SYSN10007282,SH3032688,Garnier Làm dịu Micellar Cleanser,81000,4.9,67,55,10,1
SYSN10007283,SH5687558,SK-II Dưỡng ẩm Brightening Toner,2320000,4.8,139,94,25,5
SYSN10007284,SH2830278,Clean & Clear Tăng cường Vitamin C Serum,248000,4.3,18,35,6,3
SYSN10007285,SH3769345,Cosrx Cao cấp AHA/BHA Serum,479000,4.4,8,12,8,3
SYSN10007286,SH3031270,Paula's Choice Chống lão hóa AHA/BHA Serum,337000,4.3,24,19,22,3
SYSN10007287,SH3019619,Ohui VN Thiên nhiên Balm Cleanser,703000,4.9,2325,2149,21,1
SYSN10007288,SH2423010,The Ordinary Hiệu quả Hyaluronic Acid Serum,409000,4.2,21,22,33,3
SYSN10007289,SH1001094,SK-II Trắng sáng Foam Cleanser,1206000,4.6,95,94,25,1
SYSN10007290,SH2489849,Kiehl's VN Kiểm soát nhờn Low pH Cleanser,1787000,4.2,20,33,14,1
SYSN10007291,SH6111457,Cosrx Chuyên sâu Peptide Serum,473000,3.9,116,177,8,3
SYSN10007292,SH7821069,Klairs Làm mềm Essence Toner,225000,4.8,2,1,15,5
SYSN10007293,SH4506511,Simple Hiệu quả Micellar Cleanser,51000,5.0,14,22,28,1
SYSN10007294,SH6060781,Estee Lauder Thiên nhiên SPF 50+ Sunscreen,1587000,4.6,6,9,9,4
SYSN10007295,SH1498094,Estee Lauder Chống lão hóa Niacinamide Serum,1925000,4.9,4,5,9,3
SYSN10007296,SH4432210,Innisfree Chống lão hóa Hyaluronic Acid Serum,511000,4.0,31,43,13,3
SYSN10007297,SH7354119,Garnier Tăng cường Barrier Repair Moisturizer,116000,4.6,13,13,10,2
SYSN10007298,SH3388133,Clean & Clear Thiên nhiên SPF 50+ Sunscreen,132000,4.6,41,49,6,4
SYSN10007299,SH8558810,Simple Sáng da Hydrating Toner,163000,4.6,10,6,28,5
SYSN10007300,SH4315734,Rovectin Làm mềm Gel Cleanser,219000,4.6,79,41,24,1
SYSN10007301,SH4069064,The Face Shop Sáng da Cream Moisturizer,575000,4.8,0,0,32,2
SYSN10007302,SH6782010,Kiehl's VN Nhẹ nhàng Balm Cleanser,1130000,4.1,23,21,14,1
SYSN10007303,SH5289540,Clean & Clear Chuyên sâu Peptide Serum,274000,4.2,1272,1245,6,3
SYSN10007304,SH5393929,Rovectin Hiệu quả PA++++ Sunscreen,344000,4.8,315,402,24,4
SYSN10007305,SH4117736,SK-II Sáng da AHA/BHA Serum,1650000,4.7,33,51,25,3
SYSN10007306,SH6051859,Some By Mi Cấp nước Daily Sunscreen,184000,4.4,35,49,29,4
SYSN10007307,SH9610536,Klairs Sáng da Niacinamide Serum,358000,5.0,79,50,15,3
SYSN10007308,SH4496081,Murad VN Cao cấp Hyaluronic Acid Serum,2596000,4.7,1,0,19,3
SYSN10007309,SH1845374,The Face Shop Trắng sáng SPF 30 Sunscreen,263000,4.4,10,19,32,4
SYSN10007310,SH7093926,SK-II Chuyên sâu Essence Toner,1573000,4.4,34,37,25,5
SYSN10007311,SH7008883,Hasaki Kiểm soát nhờn Micellar Cleanser,141000,4.3,58,67,12,1
SYSN10007312,SH6799536,Innisfree Phục hồi Daily Sunscreen,448000,4.8,21,40,13,4
SYSN10007313,SH3350701,Pond's Nhẹ nhàng Daily Sunscreen,184000,4.8,2,3,23,4
SYSN10007314,SH9829898,Neutrogena Chống lão hóa SPF 50+ Sunscreen,354000,4.6,77,62,20,4
SYSN10007315,SH5527899,Pond's Làm dịu Water Resistant Sunscreen,126000,4.9,18,33,23,4
SYSN10007316,SH5964509,SK-II Cao cấp Oil Cleanser,1300000,5.0,16,11,25,1
SYSN10007317,SH6381652,Senka Cao cấp Eye Cream Moisturizer,84000,5.0,230,399,26,2
SYSN10007318,SH7372604,Pond's Chuyên sâu Balm Cleanser,80000,4.5,294,460,23,1
SYSN10007319,SH6644283,Anessa Dưỡng ẩm SPF 50+ Sunscreen,272000,4.9,131,206,1,4
SYSN10007320,SH5736888,CeraVe Sáng da Peptide Serum,251000,4.8,126,135,4,3
SYSN10007321,SH4737250,Hada Labo Cấp nước Lotion Moisturizer,404000,4.8,4,7,11,2
SYSN10007322,SH6364445,Estee Lauder Phục hồi Retinol Serum,2106000,4.5,14,19,9,3
SYSN10007323,SH6528371,Senka Tăng cường Daily Sunscreen,149000,4.8,51,80,26,4
SYSN10007324,SH6707702,Hada Labo Phục hồi Brightening Toner,212000,4.5,61,87,11,5
SYSN10007325,SH8961878,Clean & Clear Hiệu quả Micellar Cleanser,97000,4.9,115,207,6,1
SYSN10007326,SH7598220,Hada Labo Cấp nước Hyaluronic Acid Serum,461000,4.4,381,619,11,3
SYSN10007327,SH7577177,Bioderma Kiểm soát nhờn PA++++ Sunscreen,540000,4.6,19,12,3,4
SYSN10007328,SH4782826,Hada Labo Sáng da Niacinamide Serum,535000,5.0,9060,12898,11,3
SYSN10007329,SH8098358,Garnier Phục hồi Lotion Moisturizer,179000,4.9,232,325,10,2
SYSN10007330,SH9332170,Sulwhasoo Phục hồi Eye Cream Moisturizer,1197000,5.0,178,248,31,2
SYSN10007331,SH5148871,Innisfree Nhẹ nhàng SPF 30 Sunscreen,266000,4.9,11,12,13,4
SYSN10007332,SH1756994,The Face Shop Cấp nước Niacinamide Serum,269000,4.5,293,308,32,3
SYSN10007333,SH2674678,SK-II Hiệu quả Barrier Repair Moisturizer,1473000,4.6,42,47,25,2
SYSN10007334,SH7589461,The Face Shop Dưỡng ẩm Daily Sunscreen,243000,4.3,28,18,32,4
SYSN10007335,SH7223453,St. Ives Chuyên sâu Water Resistant Sunscreen,132000,4.4,9,16,30,4
SYSN10007336,SH3834436,L'Oreal Chuyên sâu SPF 30 Sunscreen,96000,4.7,85,154,16,4
SYSN10007337,SH3377819,Anessa Chuyên sâu Pore Care Toner,249000,4.9,326,205,1,5
SYSN10007338,SH1937396,Beauty of Joseon VN Sáng da SPF 30 Sunscreen,469000,5.0,61,65,2,4
SYSN10007339,SH3736201,Murad VN Hiệu quả Brightening Toner,650000,4.3,436,824,19,5
SYSN10007340,SH8255851,Clean & Clear Làm mềm PA++++ Sunscreen,164000,4.7,72,80,6,4
SYSN10007341,SH3624319,Shiseido VN Dưỡng ẩm Hydrating Toner,1078000,4.9,100,73,27,5
SYSN10007342,SH5281142,Garnier Cao cấp Hydrating Toner,93000,4.7,157,270,10,5
SYSN10007343,SH8222302,Neutrogena Làm mềm SPF 50+ Sunscreen,399000,4.7,8,7,20,4
SYSN10007344,SH6707556,CeraVe Thiên nhiên Peptide Serum,494000,4.8,156,292,4,3
SYSN10007345,SH1210562,Murad VN Làm mềm Essence Toner,961000,4.7,2,1,19,5
SYSN10007346,SH4242553,Hada Labo Tăng cường Vitamin C Serum,587000,3.9,17,29,11,3
SYSN10007347,SH7467172,Cetaphil Phục hồi Balm Cleanser,375000,4.9,1525,894,5,1
SYSN10007348,SH7990951,Klairs Tăng cường Balm Cleanser,368000,5.0,15,24,15,1
SYSN10007349,SH7014246,The Face Shop Làm mềm Peptide Serum,543000,5.0,30,38,32,3
SYSN10007350,SH5495106,Pond's Hiệu quả Micellar Cleanser,71000,4.5,33,21,23,1
SYSN10007351,SH4371563,Simple Cấp nước SPF 50+ Sunscreen,77000,5.0,91,90,28,4
SYSN10007352,SH9639154,Cocoon Làm dịu Vitamin C Serum,293000,4.7,23,38,7,3
SYSN10007353,SH9770842,Rovectin Cao cấp Lotion Moisturizer,350000,4.5,8,12,24,2
SYSN10007354,SH6034983,Kiehl's VN Chống lão hóa Gel Cleanser,905000,4.6,10,16,14,1
SYSN10007355,SH6676162,Garnier Phục hồi Daily Sunscreen,137000,4.4,13,19,10,4
SYSN10007356,SH4393114,Senka Làm mềm AHA/BHA Serum,152000,4.9,58,85,26,3
SYSN10007357,SH6915060,Hada Labo Nhẹ nhàng Hydrating Toner,270000,4.5,124,209,11,5
SYSN10007358,SH4830494,Vaseline Cấp nước Oil Cleanser,79000,4.8,152,175,34,1
SYSN10007359,SH8305514,Cosrx Sáng da Niacinamide Serum,523000,4.6,55,46,8,3
SYSN10007360,SH6906708,Bioderma Cao cấp Water Resistant Sunscreen,343000,4.5,18,19,3,4
SYSN10007361,SH2005900,Vaseline Nhẹ nhàng Daily Sunscreen,137000,4.3,144,243,34,4
SYSN10007362,SH3973019,Pond's Chống lão hóa Niacinamide Serum,135000,4.7,12,9,23,3
SYSN10007363,SH8496553,Hasaki Tăng cường Retinol Serum,251000,4.5,23,14,12,3
SYSN10007364,SH9972513,Neutrogena Phục hồi Cream Moisturizer,469000,4.9,12,13,20,2
SYSN10007365,SH8533738,Garnier Kiểm soát nhờn AHA/BHA Serum,172000,5.0,625,343,10,3
SYSN10007366,SH2999730,Vaseline Thiên nhiên SPF 30 Sunscreen,88000,4.5,218,329,34,4
SYSN10007367,SH7469859,Some By Mi Hiệu quả SPF 50+ Sunscreen,285000,4.9,8,4,29,4
SYSN10007368,SH4789586,Rovectin Hiệu quả Water Resistant Sunscreen,447000,4.8,595,545,24,4
SYSN10007369,SH8142072,CeraVe Thiên nhiên PA++++ Sunscreen,375000,4.2,48,38,4,4
SYSN10007370,SH5069781,Cocoon Trắng sáng Daily Sunscreen,202000,4.7,119,181,7,4
SYSN10007371,SH5750139,Sulwhasoo Kiểm soát nhờn Niacinamide Serum,2213000,4.5,30,34,31,3
SYSN10007372,SH5560533,Some By Mi Phục hồi Vitamin C Serum,533000,4.9,155,302,29,3
SYSN10007373,SH5606232,Vaseline Dưỡng ẩm AHA/BHA Serum,89000,4.2,341,240,34,3
SYSN10007374,SH4737933,Shiseido VN Kiểm soát nhờn Brightening Toner,875000,4.1,40,55,27,5
SYSN10007375,SH6807734,Bioderma Kiểm soát nhờn Niacinamide Serum,328000,4.4,38,49,3,3
SYSN10007376,SH7697932,Pond's Cấp nước Night Cream Moisturizer,157000,4.4,11,14,23,2
SYSN10007377,SH9473644,Laneige Phục hồi Vitamin C Serum,2483000,4.7,577,1117,18,3
SYSN10007378,SH9804916,Pond's Dưỡng ẩm Hydrating Toner,105000,4.6,145,185,23,5
SYSN10007379,SH6844876,Estee Lauder Hiệu quả Micellar Cleanser,836000,4.6,4,3,9,1
SYSN10007380,SH1788354,Innisfree Trắng sáng SPF 30 Sunscreen,238000,4.7,3,4,13,4
SYSN10007381,SH5429016,Neutrogena Cao cấp Oil Cleanser,216000,4.3,10,16,20,1
SYSN10007382,SH1831016,Ohui VN Cao cấp Niacinamide Serum,2206000,5.0,360,671,21,3
SYSN10007383,SH7051337,Bioderma Chuyên sâu Exfoliating Toner,201000,4.9,297,489,3,5
SYSN10007384,SH9037659,Some By Mi Chống lão hóa Hydrating Toner,327000,4.7,2,1,29,5
SYSN10007385,SH6029984,Cetaphil Thiên nhiên Balm Cleanser,283000,4.5,58,83,5,1
SYSN10007386,SH7895326,Senka Phục hồi Hyaluronic Acid Serum,169000,4.1,3,2,26,3
SYSN10007387,SH8450060,Sulwhasoo Làm dịu Cream Moisturizer,1421000,4.5,7,10,31,2
SYSN10007388,SH3877641,Pond's Sáng da SPF 30 Sunscreen,94000,4.5,325,343,23,4
SYSN10007389,SH3900818,La Roche-Posay Tăng cường Hyaluronic Acid Serum,515000,4.8,75,48,17,3
SYSN10007390,SH9733424,Senka Cấp nước Niacinamide Serum,218000,4.8,105,115,26,3
SYSN10007391,SH6407321,The Face Shop Cấp nước Vitamin C Serum,363000,5.0,46,73,32,3
SYSN10007392,SH2986014,The Face Shop Hiệu quả Hyaluronic Acid Serum,430000,4.6,213,116,32,3
SYSN10007393,SH1534818,The Ordinary Phục hồi Niacinamide Serum,330000,4.5,29,22,33,3
SYSN10007394,SH4904272,St. Ives Tăng cường Brightening Toner,64000,4.3,58,58,30,5
SYSN10007395,SH3436166,Bioderma Phục hồi SPF 50+ Sunscreen,412000,4.2,189,339,3,4
SYSN10007396,SH5609082,Cetaphil Tăng cường Gel Cleanser,298000,4.7,91,111,5,1
SYSN10007397,SH6839862,Hasaki Kiểm soát nhờn Gel Cleanser,139000,4.9,19,11,12,1
SYSN10007398,SH9945065,St. Ives Hiệu quả Foam Cleanser,57000,4.4,2578,3564,30,1
SYSN10007399,SH1188919,Cosrx Cấp nước Peptide Serum,490000,4.3,65,127,8,3
SYSN10007400,SH9233181,Neutrogena Chống lão hóa Foam Cleanser,361000,4.7,33,55,20,1
SYSN10007401,SH2642065,St. Ives Nhẹ nhàng Peptide Serum,218000,4.4,194,126,30,3
SYSN10007402,SH9447851,Ohui VN Trắng sáng Oil Cleanser,573000,4.1,107,112,21,1
SYSN10007403,SH4398391,Beauty of Joseon VN Cấp nước Gel Cleanser,353000,5.0,318,214,2,1
SYSN10007404,SH8795152,Klairs Chuyên sâu Gel Moisturizer,393000,4.9,24,30,15,2
SYSN10007405,SH5705960,CeraVe Phục hồi Pore Care Toner,229000,4.1,165,273,4,5
SYSN10007406,SH9604097,Clean & Clear Chuyên sâu Vitamin C Serum,192000,4.6,34,62,6,3
SYSN10007407,SH4562160,Ohui VN Làm dịu Oil Cleanser,727000,4.4,62,65,21,1
SYSN10007408,SH3670110,Ohui VN Làm dịu Pore Care Toner,2171000,4.6,108,191,21,5
SYSN10007409,SH8845552,Garnier Thiên nhiên Brightening Toner,112000,4.6,42,63,10,5
SYSN10007410,SH6232456,Clean & Clear Trắng sáng Water Resistant Sunscreen,138000,4.6,801,1565,6,4
SYSN10007411,SH4402156,Pond's Nhẹ nhàng Exfoliating Toner,188000,4.6,358,441,23,5
SYSN10007412,SH6020069,Neutrogena Trắng sáng Peptide Serum,607000,3.9,46,44,20,3
SYSN10007413,SH8844494,Garnier Chống lão hóa Lotion Moisturizer,129000,4.3,50,42,10,2
SYSN10007414,SH8180682,Cocoon Kiểm soát nhờn AHA/BHA Serum,194000,4.6,13,22,7,3
SYSN10007415,SH3814007,Anessa Trắng sáng Niacinamide Serum,388000,4.5,11,5,1,3
SYSN10007416,SH7319483,Some By Mi Dưỡng ẩm Balm Cleanser,276000,4.8,3,2,29,1
SYSN10007417,SH3539667,Cosrx Cao cấp Gel Moisturizer,196000,4.8,44,45,8,2
SYSN10007418,SH1638478,Anessa Nhẹ nhàng SPF 30 Sunscreen,230000,4.7,527,598,1,4
SYSN10007419,SH9311162,Rovectin Hiệu quả Tint Sunscreen,484000,4.6,58,33,24,4
SYSN10007420,SH7286706,Cosrx Thiên nhiên Eye Cream Moisturizer,397000,4.0,59,115,8,2
SYSN10007421,SH8601909,The Face Shop Tăng cường Exfoliating Toner,395000,4.3,21,28,32,5
SYSN10007422,SH6879519,Beauty of Joseon VN Cao cấp SPF 50+ Sunscreen,359000,4.5,53,94,2,4
SYSN10007423,SH2356931,CeraVe Cao cấp Tint Sunscreen,391000,4.4,5353,6701,4,4
SYSN10007424,SH3006090,Simple Hiệu quả Water Resistant Sunscreen,140000,4.3,42,54,28,4
SYSN10007425,SH8766593,The Face Shop Chuyên sâu Peptide Serum,466000,4.6,140,84,32,3
SYSN10007426,SH1819627,Kiehl's VN Dưỡng ẩm Vitamin C Serum,2068000,4.6,46,80,14,3
SYSN10007427,SH8269809,Pond's Tăng cường Daily Sunscreen,93000,4.5,98,124,23,4
SYSN10007428,SH7995438,Innisfree Thiên nhiên Pore Care Toner,238000,5.0,5,9,13,5
SYSN10007429,SH8715606,Bioderma Chống lão hóa Cream Moisturizer,449000,4.5,1382,2004,3,2
SYSN10007430,SH3313072,Murad VN Cấp nước Daily Sunscreen,955000,4.4,37,68,19,4
SYSN10007431,SH1302051,Some By Mi Cấp nước Gel Moisturizer,349000,4.7,42,68,29,2
SYSN10007432,SH7504595,Murad VN Cấp nước Exfoliating Toner,1229000,4.7,156,215,19,5
SYSN10007433,SH9546989,Murad VN Làm dịu Vitamin C Serum,1985000,4.6,2,3,19,3
SYSN10007434,SH2360022,Clean & Clear Trắng sáng Peptide Serum,93000,4.8,9,11,6,3
SYSN10007435,SH4218852,Vaseline Trắng sáng Balm Cleanser,60000,4.2,55,88,34,1
SYSN10007436,SH9882945,Neutrogena Cao cấp Balm Cleanser,310000,4.0,54,100,20,1
SYSN10007437,SH4633348,Ohui VN Trắng sáng Balm Cleanser,1464000,4.7,131,107,21,1
SYSN10007438,SH4775770,Anessa Chuyên sâu SPF 30 Sunscreen,413000,4.8,23,32,1,4
SYSN10007439,SH1831294,Cosrx Làm mềm Pore Care Toner,327000,4.3,87,92,8,5
SYSN10007440,SH6903647,SK-II Tăng cường Brightening Toner,913000,4.9,66,52,25,5
SYSN10007441,SH3653244,Klairs Dưỡng ẩm Night Cream Moisturizer,370000,4.9,4,6,15,2
SYSN10007442,SH2645052,CeraVe Cao cấp Oil Cleanser,328000,4.4,80,96,4,1
SYSN10007443,SH1172986,Cetaphil Cấp nước Low pH Cleanser,335000,4.7,70,35,5,1
SYSN10007444,SH7203126,Klairs Cao cấp Night Cream Moisturizer,401000,5.0,0,0,15,2
SYSN10007445,SH6792919,Kiehl's VN Cao cấp Peptide Serum,1721000,4.6,8,6,14,3
SYSN10007446,SH3667697,Innisfree Chống lão hóa SPF 50+ Sunscreen,298000,4.9,2,2,13,4
SYSN10007447,SH3721158,Rovectin Sáng da Night Cream Moisturizer,373000,4.4,21,39,24,2
SYSN10007448,SH4954922,Vaseline Tăng cường Balm Cleanser,41000,4.7,191,342,34,1
SYSN10007449,SH9515904,Ohui VN Phục hồi Micellar Cleanser,1584000,4.3,12,23,21,1
SYSN10007450,SH9289190,Shiseido VN Phục hồi SPF 50+ Sunscreen,824000,4.8,43,38,27,4
SYSN10007451,SH9225404,Anessa Thiên nhiên Exfoliating Toner,342000,4.6,68,72,1,5
SYSN10007452,SH6035119,Paula's Choice Làm dịu SPF 50+ Sunscreen,203000,4.8,29,48,22,4
SYSN10007453,SH5583613,Cetaphil Sáng da Lotion Moisturizer,432000,4.3,499,702,5,2
SYSN10007454,SH1178934,Beauty of Joseon VN Làm mềm Retinol Serum,754000,4.7,7,12,2,3
SYSN10007455,SH7095713,CeraVe Thiên nhiên Gel Cleanser,229000,5.0,2,1,4,1
SYSN10007456,SH9799137,Neutrogena Kiểm soát nhờn Eye Cream Moisturizer,417000,4.4,5529,5347,20,2
SYSN10007457,SH5873020,Rovectin Nhẹ nhàng PA++++ Sunscreen,366000,5.0,48,47,24,4
SYSN10007458,SH8748429,Garnier Cấp nước SPF 30 Sunscreen,91000,4.9,305,594,10,4
SYSN10007459,SH9240861,Clean & Clear Hiệu quả SPF 30 Sunscreen,147000,4.9,0,0,6,4
SYSN10007460,SH4244358,St. Ives Hiệu quả AHA/BHA Serum,164000,4.7,11,6,30,3
SYSN10007461,SH2579163,Innisfree Cao cấp Oil Cleanser,252000,4.6,37,39,13,1
SYSN10007462,SH3701014,Senka Phục hồi Peptide Serum,146000,4.4,10,7,26,3
SYSN10007463,SH5033204,Sulwhasoo Kiểm soát nhờn Water Resistant Sunscreen,960000,4.8,327,367,31,4
SYSN10007464,SH3978858,Senka Nhẹ nhàng Balm Cleanser,75000,4.8,1,1,26,1
SYSN10007465,SH3578153,Garnier Cao cấp Pore Care Toner,149000,4.8,5,8,10,5
SYSN10007466,SH8228132,Rovectin Nhẹ nhàng Retinol Serum,612000,5.0,9,8,24,3
SYSN10007467,SH8855600,Anessa Tăng cường Exfoliating Toner,428000,4.8,9,11,1,5
SYSN10007468,SH4694115,Anessa Nhẹ nhàng Lotion Moisturizer,401000,4.6,4,2,1,2
SYSN10007469,SH4106084,CeraVe Thiên nhiên SPF 50+ Sunscreen,444000,5.0,45,84,4,4
SYSN10007470,SH2026553,The Face Shop Chuyên sâu Peptide Serum,345000,4.5,22,41,32,3
SYSN10007471,SH7967787,Estee Lauder Hiệu quả AHA/BHA Serum,3465000,4.3,4,4,9,3
SYSN10007472,SH3994301,La Roche-Posay Tăng cường Hydrating Toner,254000,4.4,23,42,17,5
SYSN10007473,SH8742766,CeraVe Nhẹ nhàng Daily Sunscreen,436000,4.5,9,6,4,4
SYSN10007474,SH6416279,Cosrx Trắng sáng Low pH Cleanser,406000,4.2,11,5,8,1
SYSN10007475,SH3794447,Vaseline Trắng sáng Vitamin C Serum,98000,4.6,59,109,34,3
SYSN10007476,SH1697043,The Face Shop Hiệu quả Brightening Toner,313000,4.4,88,69,32,5
SYSN10007477,SH5036857,Innisfree Làm dịu SPF 50+ Sunscreen,291000,4.4,0,0,13,4
SYSN10007478,SH9416915,Cosrx Cấp nước Hyaluronic Acid Serum,376000,4.6,65,109,8,3
SYSN10007479,SH4814681,Simple Kiểm soát nhờn PA++++ Sunscreen,84000,4.8,137,231,28,4
SYSN10007480,SH6631889,Klairs Làm mềm Exfoliating Toner,192000,4.3,46,83,15,5
SYSN10007481,SH1938894,Beauty of Joseon VN Nhẹ nhàng Peptide Serum,352000,4.4,41,42,2,3
SYSN10007482,SH2174816,Pond's Hiệu quả Vitamin C Serum,260000,4.6,33,60,23,3
SYSN10007483,SH1588760,Rovectin Cao cấp PA++++ Sunscreen,523000,4.6,87,172,24,4
SYSN10007484,SH7226123,Ohui VN Kiểm soát nhờn SPF 50+ Sunscreen,1006000,4.2,160,164,21,4
SYSN10007485,SH8271396,Laneige Thiên nhiên Tint Sunscreen,2811000,4.1,210,391,18,4
SYSN10007486,SH3894822,Clean & Clear Làm dịu Vitamin C Serum,97000,4.8,48,80,6,3
SYSN10007487,SH3415014,Cetaphil Kiểm soát nhờn Niacinamide Serum,386000,4.9,3,5,5,3
SYSN10007488,SH7444684,Ohui VN Làm mềm Low pH Cleanser,1075000,4.5,14,25,21,1
SYSN10007489,SH6490630,Vaseline Làm mềm AHA/BHA Serum,163000,4.4,5,4,34,3
SYSN10007490,SH5398269,Estee Lauder Hiệu quả Gel Moisturizer,3634000,4.6,264,243,9,2
SYSN10007491,SH9762826,Bioderma Trắng sáng PA++++ Sunscreen,573000,4.6,66,43,3,4
SYSN10007492,SH6104470,Neutrogena Chuyên sâu Eye Cream Moisturizer,280000,4.7,22,42,20,2
SYSN10007493,SH8614576,Klairs Làm mềm Tint Sunscreen,371000,4.6,16,10,15,4
SYSN10007494,SH1980525,Shiseido VN Dưỡng ẩm Oil Cleanser,577000,4.6,23,14,27,1
SYSN10007495,SH8463862,Kiehl's VN Kiểm soát nhờn Niacinamide Serum,3437000,4.4,103,61,14,3
SYSN10007496,SH1964918,Garnier Dưỡng ẩm Foam Cleanser,158000,4.3,29,54,10,1
SYSN10007497,SH1089689,Pond's Sáng da SPF 50+ Sunscreen,112000,4.6,60,107,23,4
SYSN10007498,SH7624140,Neutrogena Chuyên sâu Tint Sunscreen,184000,4.8,106,53,20,4
SYSN10007499,SH3624423,The Ordinary Tăng cường Low pH Cleanser,165000,4.8,303,543,33,1
SYSN10007500,SH8414298,Innisfree Dưỡng ẩm Hydrating Toner,226000,4.6,207,308,13,5
SYSN10007501,SH2747202,Estee Lauder Chuyên sâu Niacinamide Serum,1130000,4.7,0,0,9,3
SYSN10007502,SH1249816,Innisfree Sáng da Cream Moisturizer,262000,5.0,39,38,13,2
SYSN10007503,SH3085674,Simple Tăng cường Exfoliating Toner,146000,4.8,322,570,28,5
SYSN10007504,SH3861727,SK-II Dưỡng ẩm PA++++ Sunscreen,1081000,4.5,0,0,25,4
SYSN10007505,SH9195585,Kiehl's VN Làm dịu Daily Sunscreen,1358000,4.5,87,59,14,4
SYSN10007506,SH1520374,Laneige Nhẹ nhàng Daily Sunscreen,1922000,4.8,2,1,18,4
SYSN10007507,SH1926499,Murad VN Cao cấp Foam Cleanser,1220000,4.7,61,37,19,1
SYSN10007508,SH3911408,Simple Cấp nước Exfoliating Toner,138000,4.7,17,9,28,5
SYSN10007509,SH9260937,Innisfree Hiệu quả Low pH Cleanser,195000,4.8,19,18,13,1
SYSN10007510,SH7163659,Klairs Chống lão hóa Brightening Toner,448000,4.9,19,9,15,5
SYSN10007511,SH5378315,Hada Labo Làm mềm Pore Care Toner,184000,4.5,72,99,11,5
SYSN10007512,SH2315738,Rovectin Dưỡng ẩm Cream Moisturizer,455000,5.0,7,11,24,2
SYSN10007513,SH4306896,Innisfree Dưỡng ẩm Peptide Serum,285000,4.3,288,443,13,3
SYSN10007514,SH9821855,Hada Labo Trắng sáng Pore Care Toner,332000,5.0,8,13,11,5
SYSN10007515,SH8560977,Some By Mi Nhẹ nhàng Daily Sunscreen,241000,4.8,27,16,29,4
SYSN10007516,SH2957879,Hasaki Phục hồi Balm Cleanser,96000,4.6,655,1116,12,1
SYSN10007517,SH4308825,Clean & Clear Hiệu quả Gel Cleanser,70000,4.9,45,40,6,1
SYSN10007518,SH6247713,Anessa Tăng cường Water Resistant Sunscreen,368000,5.0,0,0,1,4
SYSN10007519,SH5143953,Innisfree Cấp nước Oil Cleanser,179000,4.5,57,55,13,1
SYSN10007520,SH3709865,Simple Phục hồi Pore Care Toner,113000,4.6,38,22,28,5
SYSN10007521,SH8464509,Rovectin Phục hồi Hydrating Toner,160000,4.9,107,54,24,5
SYSN10007522,SH3288346,Garnier Chuyên sâu Night Cream Moisturizer,68000,5.0,7,4,10,2
SYSN10007523,SH8956695,Paula's Choice Làm mềm Water Resistant Sunscreen,289000,4.9,41,60,22,4
SYSN10007524,SH2331049,Sulwhasoo Phục hồi Hyaluronic Acid Serum,1426000,4.4,53,99,31,3
SYSN10007525,SH4025767,Anessa Chống lão hóa PA++++ Sunscreen,512000,4.9,20,35,1,4
SYSN10007526,SH8003747,Hada Labo Tăng cường Niacinamide Serum,579000,4.2,4,4,11,3
SYSN10007527,SH8424384,Simple Cao cấp SPF 30 Sunscreen,70000,4.2,60,54,28,4
SYSN10007528,SH2320323,Innisfree Cao cấp SPF 30 Sunscreen,343000,4.7,287,446,13,4
SYSN10007529,SH6393921,Beauty of Joseon VN Trắng sáng Micellar Cleanser,304000,4.7,188,193,2,1
SYSN10007530,SH5153273,Cosrx Trắng sáng Peptide Serum,332000,4.8,514,706,8,3
SYSN10007531,SH8569809,Senka Chống lão hóa Eye Cream Moisturizer,102000,4.7,32,36,26,2
SYSN10007532,SH7139576,Cosrx Phục hồi Essence Toner,366000,5.0,114,61,8,5
SYSN10007533,SH5832165,The Face Shop Làm dịu Peptide Serum,521000,4.5,176,247,32,3
SYSN10007534,SH5863421,Neutrogena Chống lão hóa Retinol Serum,589000,4.8,1884,1879,20,3
SYSN10007535,SH8300889,Kiehl's VN Hiệu quả Eye Cream Moisturizer,2338000,4.9,49,64,14,2
SYSN10007536,SH2556423,Senka Chống lão hóa Barrier Repair Moisturizer,84000,4.2,2,2,26,2
SYSN10007537,SH6200487,Ohui VN Làm dịu Hyaluronic Acid Serum,2374000,4.5,6,4,21,3
SYSN10007538,SH1186289,Anessa Thiên nhiên Gel Cleanser,309000,4.6,70,67,1,1
SYSN10007539,SH5548806,Cetaphil Nhẹ nhàng Low pH Cleanser,271000,4.5,33,65,5,1
SYSN10007540,SH1714943,Laneige Cấp nước Vitamin C Serum,1219000,4.5,3,3,18,3
SYSN10007541,SH8345974,Bioderma Làm mềm Balm Cleanser,307000,5.0,13,14,3,1
SYSN10007542,SH6713482,Paula's Choice Làm mềm Water Resistant Sunscreen,512000,4.7,146,205,22,4
SYSN10007543,SH6198079,Cosrx Hiệu quả Low pH Cleanser,154000,4.6,9,11,8,1
SYSN10007544,SH1067378,Simple Kiểm soát nhờn Pore Care Toner,116000,4.5,234,412,28,5
SYSN10007545,SH4602737,Clean & Clear Sáng da Tint Sunscreen,182000,4.7,4,5,6,4
SYSN10007546,SH8369037,Sulwhasoo Thiên nhiên Vitamin C Serum,1395000,4.8,10,7,31,3
SYSN10007547,SH1772064,Sulwhasoo Làm dịu Retinol Serum,2550000,4.8,14,14,31,3
SYSN10007548,SH6825310,Ohui VN Làm mềm Gel Cleanser,652000,4.3,118,231,21,1
SYSN10007549,SH4995521,Laneige Làm dịu Gel Cleanser,925000,4.4,129,127,18,1
SYSN10007550,SH7052099,Innisfree Trắng sáng SPF 50+ Sunscreen,375000,4.9,339,291,13,4
SYSN10007551,SH3085954,Paula's Choice Sáng da Foam Cleanser,191000,4.7,11,20,22,1
SYSN10007552,SH1759669,Simple Làm dịu Oil Cleanser,93000,4.7,54,31,28,1
SYSN10007553,SH5235981,The Ordinary Chuyên sâu AHA/BHA Serum,521000,4.4,38,31,33,3
SYSN10007554,SH5684892,Paula's Choice Chống lão hóa Tint Sunscreen,271000,4.7,2,1,22,4
SYSN10007555,SH9033944,Anessa Làm dịu Brightening Toner,150000,4.7,68,49,1,5
SYSN10007556,SH4638089,Bioderma Dưỡng ẩm Niacinamide Serum,441000,4.6,1,0,3,3
SYSN10007557,SH4592244,Innisfree Kiểm soát nhờn PA++++ Sunscreen,423000,4.1,72,68,13,4
SYSN10007558,SH2404730,L'Oreal Hiệu quả Eye Cream Moisturizer,150000,4.9,839,1339,16,2
SYSN10007559,SH5697115,Garnier Chống lão hóa AHA/BHA Serum,119000,4.4,123,81,10,3
SYSN10007560,SH9602547,Klairs Chống lão hóa SPF 30 Sunscreen,428000,4.7,145,223,15,4
SYSN10007561,SH1605411,St. Ives Kiểm soát nhờn Peptide Serum,238000,4.5,58,100,30,3
SYSN10007562,SH6864184,Innisfree Làm dịu Gel Cleanser,220000,4.6,6,6,13,1
SYSN10007563,SH8772326,Garnier Thiên nhiên Water Resistant Sunscreen,100000,4.7,10,18,10,4
SYSN10007564,SH4576875,Bioderma Kiểm soát nhờn PA++++ Sunscreen,206000,4.5,47,37,3,4
SYSN10007565,SH4889987,L'Oreal Trắng sáng PA++++ Sunscreen,123000,4.6,0,0,16,4
SYSN10007566,SH8048312,Sulwhasoo Chống lão hóa Cream Moisturizer,2366000,4.6,51,44,31,2
SYSN10007567,SH9014255,Cetaphil Tăng cường Essence Toner,226000,5.0,40,26,5,5
SYSN10007568,SH7141379,L'Oreal Phục hồi SPF 30 Sunscreen,141000,4.6,43,47,16,4
SYSN10007569,SH2899911,Cosrx Làm dịu Pore Care Toner,421000,4.9,492,807,8,5
SYSN10007570,SH4230654,Simple Làm mềm Exfoliating Toner,118000,4.6,308,533,28,5
SYSN10007571,SH4833808,Garnier Làm mềm Cream Moisturizer,64000,4.9,28,54,10,2
SYSN10007572,SH7607995,Senka Kiểm soát nhờn Brightening Toner,132000,4.5,177,255,26,5
SYSN10007573,SH7931573,Bioderma Dưỡng ẩm Brightening Toner,178000,4.4,50,85,3,5
SYSN10007574,SH2654470,St. Ives Kiểm soát nhờn Oil Cleanser,152000,5.0,44,60,30,1
SYSN10007575,SH9816238,Cosrx Chống lão hóa Essence Toner,278000,4.4,53,50,8,5
SYSN10007576,SH8436816,Some By Mi Chống lão hóa Foam Cleanser,318000,4.5,181,190,29,1
SYSN10007577,SH2371667,Clean & Clear Dưỡng ẩm Exfoliating Toner,54000,4.5,42,74,6,5
SYSN10007578,SH7576978,Bioderma Sáng da SPF 30 Sunscreen,470000,4.9,12,22,3,4
SYSN10007579,SH6686716,Clean & Clear Trắng sáng Essence Toner,88000,4.5,44,28,6,5
SYSN10007580,SH3470288,Pond's Sáng da Hydrating Toner,106000,4.3,310,244,23,5
SYSN10007581,SH1315349,Beauty of Joseon VN Sáng da Tint Sunscreen,212000,4.6,48,27,2,4
SYSN10007582,SH1215089,The Ordinary Nhẹ nhàng SPF 50+ Sunscreen,426000,4.6,15,26,33,4
SYSN10007583,SH4375746,Rovectin Trắng sáng Eye Cream Moisturizer,352000,4.6,4,6,24,2
SYSN10007584,SH9686433,La Roche-Posay Kiểm soát nhờn SPF 30 Sunscreen,386000,4.6,818,1058,17,4
SYSN10007585,SH3706061,Senka Làm dịu AHA/BHA Serum,175000,5.0,115,144,26,3
SYSN10007586,SH9255025,La Roche-Posay Chuyên sâu Essence Toner,197000,4.9,21,15,17,5
SYSN10007587,SH2585504,The Face Shop Cao cấp Foam Cleanser,353000,4.8,50,27,32,1
SYSN10007588,SH9635947,Cocoon Làm mềm Peptide Serum,143000,4.3,43,41,7,3
SYSN10007589,SH8341708,Shiseido VN Sáng da Vitamin C Serum,1482000,4.6,17,25,27,3
SYSN10007590,SH1556273,Clean & Clear Trắng sáng Foam Cleanser,143000,4.6,7,4,6,1
SYSN10007591,SH4602254,Rovectin Thiên nhiên Retinol Serum,348000,4.7,195,209,24,3
SYSN10007592,SH6806319,Innisfree Chuyên sâu SPF 30 Sunscreen,415000,4.3,13,6,13,4
SYSN10007593,SH7248454,Anessa Thiên nhiên Niacinamide Serum,720000,4.8,34,19,1,3
SYSN10007594,SH5806394,Pond's Làm mềm Cream Moisturizer,161000,4.7,90,145,23,2
SYSN10007595,SH8959460,Beauty of Joseon VN Kiểm soát nhờn AHA/BHA Serum,456000,4.1,71,136,2,3
SYSN10007596,SH6303618,Laneige Chống lão hóa Retinol Serum,1011000,4.6,172,210,18,3
SYSN10007597,SH4552207,Klairs Trắng sáng Gel Cleanser,286000,4.5,31,52,15,1
SYSN10007598,SH3122471,SK-II Kiểm soát nhờn Balm Cleanser,1269000,4.4,1118,849,25,1
SYSN10007599,SH5589695,Cetaphil Phục hồi Gel Moisturizer,208000,4.6,59,116,5,2
SYSN10007600,SH1279503,Garnier Trắng sáng Hyaluronic Acid Serum,114000,4.9,11,7,10,3
SYSN10007601,SH6661819,La Roche-Posay Hiệu quả Night Cream Moisturizer,293000,4.8,3,4,17,2
SYSN10007602,SH3084832,Simple Tăng cường Retinol Serum,139000,4.8,381,468,28,3
SYSN10007603,SH9589252,Estee Lauder Kiểm soát nhờn Peptide Serum,1565000,4.6,10,18,9,3
SYSN10007604,SH7539483,CeraVe Làm dịu Night Cream Moisturizer,201000,4.8,23,26,4,2
SYSN10007605,SH5898322,Hada Labo Làm mềm Pore Care Toner,307000,4.8,298,481,11,5
SYSN10007606,SH8164308,Sulwhasoo Nhẹ nhàng Low pH Cleanser,971000,4.6,26,17,31,1
SYSN10007607,SH8652851,Clean & Clear Tăng cường Eye Cream Moisturizer,100000,4.2,21,22,6,2
SYSN10007608,SH1673434,Hada Labo Thiên nhiên Daily Sunscreen,241000,4.6,10670,8263,11,4
SYSN10007609,SH4074873,Neutrogena Nhẹ nhàng Hydrating Toner,320000,4.4,113,112,20,5
SYSN10007610,SH3875316,Neutrogena Chuyên sâu Tint Sunscreen,496000,4.8,18,10,20,4
SYSN10007611,SH9761648,Bioderma Nhẹ nhàng SPF 30 Sunscreen,345000,4.5,28,17,3,4
SYSN10007612,SH7151958,Some By Mi Nhẹ nhàng Oil Cleanser,191000,4.5,21,17,29,1
SYSN10007613,SH7341428,Some By Mi Chống lão hóa Niacinamide Serum,614000,4.3,284,480,29,3
SYSN10007614,SH1821413,Kiehl's VN Nhẹ nhàng Foam Cleanser,718000,4.3,1636,1289,14,1
SYSN10007615,SH1468843,Beauty of Joseon VN Nhẹ nhàng Vitamin C Serum,636000,4.4,12,17,2,3
SYSN10007616,SH6181672,Bioderma Kiểm soát nhờn Peptide Serum,512000,4.6,26,15,3,3
SYSN10007617,SH3070862,Hada Labo Trắng sáng Tint Sunscreen,311000,4.7,12,6,11,4
SYSN10007618,SH7526203,Neutrogena Cấp nước Gel Cleanser,272000,4.4,60,70,20,1
SYSN10007619,SH8077339,Rovectin Chuyên sâu Essence Toner,354000,4.8,111,109,24,5
SYSN10007620,SH8993431,Hasaki Thiên nhiên Hyaluronic Acid Serum,221000,4.5,29,51,12,3
SYSN10007621,SH3423445,Simple Tăng cường Vitamin C Serum,107000,4.4,69,58,28,3
SYSN10007622,SH9887167,St. Ives Dưỡng ẩm Cream Moisturizer,169000,4.6,58,58,30,2
SYSN10007623,SH4472131,Cetaphil Phục hồi Tint Sunscreen,265000,4.3,127,161,5,4
SYSN10007624,SH4593100,Kiehl's VN Phục hồi AHA/BHA Serum,2072000,4.4,11,12,14,3
SYSN10007625,SH1654617,Hada Labo Hiệu quả AHA/BHA Serum,649000,4.3,9,13,11,3
SYSN10007626,SH5059021,Hada Labo Dưỡng ẩm Peptide Serum,218000,4.4,2,1,11,3
SYSN10007627,SH8240459,La Roche-Posay Chuyên sâu Tint Sunscreen,167000,5.0,13,6,17,4
SYSN10007628,SH4156854,Cosrx Sáng da Micellar Cleanser,287000,4.2,26,51,8,1
SYSN10007629,SH4132898,Sulwhasoo Dưỡng ẩm Pore Care Toner,1547000,4.4,0,0,31,5
SYSN10007630,SH6642583,Beauty of Joseon VN Tăng cường Foam Cleanser,409000,4.6,11,20,2,1
SYSN10007631,SH1729297,Pond's Cao cấp Daily Sunscreen,64000,4.6,31,39,23,4
SYSN10007632,SH2477750,Sulwhasoo Sáng da SPF 50+ Sunscreen,2735000,4.4,9,14,31,4
SYSN10007633,SH4316248,Ohui VN Thiên nhiên Gel Moisturizer,2342000,4.7,71,61,21,2
SYSN10007634,SH3984843,Senka Phục hồi SPF 30 Sunscreen,105000,4.5,89,143,26,4
SYSN10007635,SH7976146,Simple Làm dịu Peptide Serum,138000,4.2,78,145,28,3
SYSN10007636,SH7067364,The Face Shop Trắng sáng Peptide Serum,494000,4.3,34,38,32,3
SYSN10007637,SH1489675,Pond's Chuyên sâu Brightening Toner,85000,4.6,11,12,23,5
SYSN10007638,SH2041392,Cocoon Cao cấp Night Cream Moisturizer,186000,4.6,31,33,7,2
SYSN10007639,SH8346426,Garnier Sáng da Balm Cleanser,86000,4.8,165,99,10,1
SYSN10007640,SH1306699,Klairs Dưỡng ẩm Lotion Moisturizer,320000,4.6,3,4,15,2
SYSN10007641,SH6090715,Laneige Cấp nước AHA/BHA Serum,1789000,4.9,121,205,18,3
SYSN10007642,SH6725780,Clean & Clear Cấp nước Gel Cleanser,127000,4.7,190,208,6,1
SYSN10007643,SH3360771,Sulwhasoo Trắng sáng PA++++ Sunscreen,2011000,4.7,145,256,31,4
SYSN10007644,SH7408817,Ohui VN Chống lão hóa Essence Toner,618000,4.8,118,219,21,5
SYSN10007645,SH9165172,Pond's Sáng da Night Cream Moisturizer,168000,5.0,6,7,23,2
SYSN10007646,SH5613288,Klairs Dưỡng ẩm Water Resistant Sunscreen,325000,4.8,192,172,15,4
SYSN10007647,SH3248873,Senka Chuyên sâu Barrier Repair Moisturizer,60000,4.5,306,580,26,2
SYSN10007648,SH3247172,St. Ives Trắng sáng Essence Toner,90000,5.0,125,82,30,5
SYSN10007649,SH5887785,Ohui VN Kiểm soát nhờn AHA/BHA Serum,1658000,4.8,287,172,21,3
SYSN10007650,SH2523591,Garnier Phục hồi Daily Sunscreen,168000,4.5,128,212,10,4
SYSN10007651,SH3686124,Innisfree Kiểm soát nhờn Low pH Cleanser,251000,4.5,157,225,13,1
SYSN10007652,SH4661432,Vaseline Thiên nhiên Gel Moisturizer,70000,4.8,49,33,34,2
SYSN10007653,SH8585307,Simple Làm mềm Lotion Moisturizer,111000,4.3,13,18,28,2
SYSN10007654,SH3918267,L'Oreal Thiên nhiên Barrier Repair Moisturizer,245000,4.5,147,77,16,2
SYSN10007655,SH3800518,Cetaphil Phục hồi PA++++ Sunscreen,228000,4.3,26,48,5,4
SYSN10007656,SH9988320,The Ordinary Phục hồi Pore Care Toner,217000,4.4,107,127,33,5
SYSN10007657,SH2345077,Some By Mi Thiên nhiên Balm Cleanser,155000,4.9,743,664,29,1
SYSN10007658,SH3799477,Innisfree Sáng da SPF 50+ Sunscreen,406000,4.5,133,76,13,4
SYSN10007659,SH4306809,Hada Labo Nhẹ nhàng Balm Cleanser,250000,4.7,8,5,11,1
SYSN10007660,SH1342050,CeraVe Thiên nhiên Pore Care Toner,421000,4.3,4,2,4,5
SYSN10007661,SH9699967,Beauty of Joseon VN Thiên nhiên Exfoliating Toner,251000,4.8,4,2,2,5
SYSN10007662,SH9448755,Senka Trắng sáng Gel Moisturizer,109000,4.1,97,184,26,2
SYSN10007663,SH8141807,Cetaphil Tăng cường Barrier Repair Moisturizer,283000,4.7,106,110,5,2
SYSN10007664,SH9272832,Cocoon Cấp nước Retinol Serum,158000,4.9,27,16,7,3
SYSN10007665,SH6554087,Cetaphil Cao cấp Peptide Serum,657000,5.0,55,48,5,3
SYSN10007666,SH7831016,Clean & Clear Kiểm soát nhờn Vitamin C Serum,70000,4.5,1075,1489,6,3
SYSN10007667,SH7209387,Garnier Kiểm soát nhờn Vitamin C Serum,116000,4.7,34,46,10,3
SYSN10007668,SH3429140,Hasaki Sáng da Hyaluronic Acid Serum,202000,4.5,310,227,12,3
SYSN10007669,SH7839559,Ohui VN Trắng sáng Daily Sunscreen,1365000,4.4,0,0,21,4
SYSN10007670,SH3631910,Some By Mi Cao cấp Gel Cleanser,233000,4.6,42,24,29,1
SYSN10007671,SH8941429,Beauty of Joseon VN Chuyên sâu PA++++ Sunscreen,280000,4.7,35,64,2,4
SYSN10007672,SH2160823,Anessa Làm dịu Gel Moisturizer,448000,4.7,15,22,1,2
SYSN10007673,SH9010663,Sulwhasoo Chuyên sâu Exfoliating Toner,1036000,4.6,96,69,31,5
SYSN10007674,SH4674777,Some By Mi Tăng cường SPF 30 Sunscreen,360000,4.8,44,29,29,4
SYSN10007675,SH2816131,Senka Sáng da Water Resistant Sunscreen,60000,4.7,6,4,26,4
SYSN10007676,SH4657567,Pond's Trắng sáng Niacinamide Serum,145000,4.8,872,1330,23,3
SYSN10007677,SH2434696,The Face Shop Cao cấp Niacinamide Serum,493000,5.0,87,50,32,3
SYSN10007678,SH4851410,Hasaki Sáng da AHA/BHA Serum,161000,4.8,1,1,12,3
SYSN10007679,SH5192051,Murad VN Tăng cường Micellar Cleanser,1457000,4.3,3,2,19,1
SYSN10007680,SH4224205,Ohui VN Cao cấp SPF 30 Sunscreen,869000,4.4,10,18,21,4
SYSN10007681,SH6772430,Murad VN Hiệu quả Niacinamide Serum,2816000,4.9,42,51,19,3
SYSN10007682,SH4797474,La Roche-Posay Làm mềm Niacinamide Serum,621000,4.3,113,92,17,3
SYSN10007683,SH8519887,Estee Lauder Tăng cường Hyaluronic Acid Serum,2693000,5.0,73,74,9,3
SYSN10007684,SH8439666,The Ordinary Kiểm soát nhờn Niacinamide Serum,463000,4.2,38,36,33,3
SYSN10007685,SH7256326,Hasaki Chống lão hóa SPF 50+ Sunscreen,180000,4.1,1214,1243,12,4
SYSN10007686,SH5623682,Klairs Làm dịu Balm Cleanser,250000,4.1,78,91,15,1
SYSN10007687,SH7997408,Vaseline Cao cấp Oil Cleanser,105000,4.6,71,91,34,1
SYSN10007688,SH3839070,Anessa Cao cấp Micellar Cleanser,193000,4.5,54,97,1,1
SYSN10007689,SH1542760,Murad VN Phục hồi Exfoliating Toner,1143000,4.4,0,0,19,5
SYSN10007690,SH5732502,The Ordinary Sáng da Barrier Repair Moisturizer,467000,4.6,8,6,33,2
SYSN10007691,SH5141337,Cocoon Cao cấp Gel Moisturizer,95000,4.2,10,13,7,2
SYSN10007692,SH1678950,Senka Làm dịu Balm Cleanser,43000,4.6,155,105,26,1
SYSN10007693,SH3356983,Simple Phục hồi Pore Care Toner,111000,4.5,4,3,28,5
SYSN10007694,SH1517524,Sulwhasoo Làm mềm AHA/BHA Serum,1873000,4.9,3,4,31,3
SYSN10007695,SH6008443,Sulwhasoo Phục hồi Water Resistant Sunscreen,1479000,4.3,0,0,31,4
SYSN10007696,SH7530811,Anessa Làm dịu Brightening Toner,333000,4.8,10,11,1,5
SYSN10007697,SH9147727,Murad VN Thiên nhiên AHA/BHA Serum,2771000,4.7,17,30,19,3
SYSN10007698,SH1932171,Garnier Nhẹ nhàng Gel Cleanser,151000,4.6,8,8,10,1
SYSN10007699,SH6050631,Pond's Phục hồi Niacinamide Serum,271000,4.8,18,18,23,3
SYSN10007700,SH4236109,Vaseline Làm mềm Daily Sunscreen,86000,4.8,121,78,34,4
SYSN10007701,SH8881688,Klairs Cấp nước Peptide Serum,530000,4.9,17,15,15,3
SYSN10007702,SH9999734,Bioderma Thiên nhiên Gel Moisturizer,444000,4.2,511,340,3,2
SYSN10007703,SH3437414,The Face Shop Chuyên sâu SPF 30 Sunscreen,309000,4.6,85,121,32,4
SYSN10007704,SH8416066,The Face Shop Chuyên sâu Tint Sunscreen,290000,5.0,5,9,32,4
SYSN10007705,SH9014739,Senka Kiểm soát nhờn Vitamin C Serum,195000,4.5,93,133,26,3
SYSN10007706,SH5262610,Ohui VN Hiệu quả Peptide Serum,2251000,4.6,11,14,21,3
SYSN10007707,SH3719991,Innisfree Tăng cường Gel Cleanser,294000,4.7,142,176,13,1
SYSN10007708,SH5007888,L'Oreal Trắng sáng Tint Sunscreen,116000,4.7,15,11,16,4
SYSN10007709,SH7497460,L'Oreal Phục hồi Exfoliating Toner,100000,4.4,114,86,16,5
SYSN10007710,SH2751849,St. Ives Hiệu quả Gel Cleanser,44000,4.9,97,163,30,1
SYSN10007711,SH7793468,Beauty of Joseon VN Nhẹ nhàng Water Resistant Sunscreen,325000,4.3,116,137,2,4
SYSN10007712,SH9795885,Beauty of Joseon VN Làm mềm Water Resistant Sunscreen,338000,4.6,25,15,2,4
SYSN10007713,SH7828255,Estee Lauder Chống lão hóa Water Resistant Sunscreen,1193000,4.4,26,38,9,4
SYSN10007714,SH3316042,Paula's Choice Hiệu quả SPF 50+ Sunscreen,168000,4.9,26,30,22,4
SYSN10007715,SH8451739,SK-II Hiệu quả Eye Cream Moisturizer,951000,4.6,262,480,25,2
SYSN10007716,SH4411604,St. Ives Làm mềm Brightening Toner,92000,4.4,3,5,30,5
SYSN10007717,SH2547851,Garnier Cấp nước Peptide Serum,165000,4.6,41,71,10,3
SYSN10007718,SH3148303,The Face Shop Trắng sáng AHA/BHA Serum,484000,4.7,128,67,32,3
SYSN10007719,SH2784916,Innisfree Dưỡng ẩm Brightening Toner,188000,4.9,52,47,13,5
SYSN10007720,SH3106134,St. Ives Kiểm soát nhờn Hydrating Toner,139000,4.7,169,276,30,5
SYSN10007721,SH4920740,Murad VN Kiểm soát nhờn Pore Care Toner,2155000,4.7,157,129,19,5
SYSN10007722,SH8056018,Rovectin Kiểm soát nhờn Oil Cleanser,290000,4.9,41,76,24,1
SYSN10007723,SH1115245,The Ordinary Trắng sáng Niacinamide Serum,381000,4.5,39,53,33,3
SYSN10007724,SH6895533,St. Ives Chuyên sâu Niacinamide Serum,133000,4.5,32,25,30,3
SYSN10007725,SH8837418,Innisfree Chuyên sâu Low pH Cleanser,335000,4.5,246,207,13,1
SYSN10007726,SH8552733,Garnier Hiệu quả Brightening Toner,134000,4.0,97,112,10,5
SYSN10007727,SH5491448,Paula's Choice Làm mềm Retinol Serum,293000,4.4,49,42,22,3
SYSN10007728,SH7725374,Clean & Clear Làm mềm Daily Sunscreen,115000,4.4,70,80,6,4
SYSN10007729,SH5210069,Clean & Clear Cấp nước Hydrating Toner,116000,4.7,20,39,6,5
SYSN10007730,SH3574952,Sulwhasoo Nhẹ nhàng Vitamin C Serum,3147000,4.6,7,9,31,3
SYSN10007731,SH7889628,Bioderma Cao cấp Micellar Cleanser,280000,4.8,77,39,3,1
SYSN10007732,SH1982251,The Face Shop Trắng sáng Peptide Serum,252000,4.1,11,20,32,3
SYSN10007733,SH7698551,Vaseline Chuyên sâu Gel Moisturizer,124000,4.6,26,45,34,2
SYSN10007734,SH5931000,Bioderma Tăng cường Vitamin C Serum,282000,4.4,52,42,3,3
SYSN10007735,SH4058930,Beauty of Joseon VN Nhẹ nhàng Tint Sunscreen,365000,4.8,145,134,2,4
SYSN10007736,SH5343117,Innisfree Nhẹ nhàng Eye Cream Moisturizer,335000,4.5,6,9,13,2
SYSN10007737,SH2093263,The Ordinary Làm mềm Essence Toner,244000,4.4,0,0,33,5
SYSN10007738,SH7253670,Clean & Clear Trắng sáng PA++++ Sunscreen,112000,4.8,21,27,6,4
SYSN10007739,SH5583705,La Roche-Posay Nhẹ nhàng Tint Sunscreen,582000,4.6,155,271,17,4
SYSN10007740,SH6569820,Shiseido VN Làm mềm Essence Toner,2225000,4.7,26,32,27,5
SYSN10007741,SH2608162,Bioderma Chống lão hóa Water Resistant Sunscreen,196000,4.5,62,59,3,4
SYSN10007742,SH5742634,Neutrogena Cao cấp SPF 50+ Sunscreen,352000,4.6,8,13,20,4
SYSN10007743,SH8151286,Klairs Cao cấp Daily Sunscreen,469000,4.9,132,75,15,4
SYSN10007744,SH8079725,Rovectin Thiên nhiên Hydrating Toner,299000,4.9,140,173,24,5
SYSN10007745,SH2631452,Neutrogena Thiên nhiên Hyaluronic Acid Serum,333000,4.6,74,135,20,3
SYSN10007746,SH7530662,Rovectin Sáng da Peptide Serum,354000,4.9,73,75,24,3
SYSN10007747,SH2954439,Sulwhasoo Cao cấp Low pH Cleanser,1923000,4.7,99,152,31,1
SYSN10007748,SH2513225,Innisfree Làm dịu Brightening Toner,194000,4.5,21,15,13,5
SYSN10007749,SH8956723,Some By Mi Làm dịu Micellar Cleanser,342000,4.9,17,28,29,1
SYSN10007750,SH1616596,L'Oreal Làm dịu Gel Cleanser,61000,4.3,47,61,16,1
SYSN10007751,SH9080218,L'Oreal Tăng cường Daily Sunscreen,99000,4.5,95,61,16,4
SYSN10007752,SH2071414,Cosrx Chống lão hóa AHA/BHA Serum,389000,4.5,26,18,8,3
SYSN10007753,SH5834948,Cetaphil Nhẹ nhàng Exfoliating Toner,319000,4.3,92,62,5,5
SYSN10007754,SH6478087,Rovectin Thiên nhiên Water Resistant Sunscreen,277000,4.3,179,194,24,4
SYSN10007755,SH6096035,Garnier Hiệu quả Lotion Moisturizer,195000,4.5,40,24,10,2
SYSN10007756,SH7305370,CeraVe Hiệu quả Retinol Serum,485000,4.5,5,9,4,3
SYSN10007757,SH2528869,Anessa Làm mềm Barrier Repair Moisturizer,341000,4.3,15,22,1,2
SYSN10007758,SH7816276,Murad VN Làm mềm Peptide Serum,2557000,4.1,19,17,19,3
SYSN10007759,SH6374007,La Roche-Posay Thiên nhiên Lotion Moisturizer,497000,4.5,43,31,17,2
SYSN10007760,SH2573851,SK-II Làm dịu Brightening Toner,1027000,4.2,209,376,25,5
SYSN10007761,SH6082533,Cosrx Trắng sáng Exfoliating Toner,176000,4.3,5,4,8,5
SYSN10007762,SH7166957,The Face Shop Tăng cường Eye Cream Moisturizer,588000,4.8,19,17,32,2
SYSN10007763,SH6523816,Shiseido VN Làm mềm Pore Care Toner,1259000,4.7,60,103,27,5
SYSN10007764,SH7887282,Kiehl's VN Tăng cường SPF 50+ Sunscreen,1513000,4.7,59,41,14,4
SYSN10007765,SH1545750,Kiehl's VN Chuyên sâu Water Resistant Sunscreen,1164000,4.7,186,291,14,4
SYSN10007766,SH5129796,Klairs Sáng da Exfoliating Toner,353000,4.2,6,8,15,5
SYSN10007767,SH6440100,Clean & Clear Trắng sáng Brightening Toner,98000,4.9,30,50,6,5
SYSN10007768,SH3488425,Neutrogena Chuyên sâu Pore Care Toner,267000,5.0,13,8,20,5
SYSN10007769,SH9323692,Ohui VN Dưỡng ẩm Gel Cleanser,665000,5.0,11,13,21,1
SYSN10007770,SH3319489,SK-II Cấp nước PA++++ Sunscreen,1328000,4.6,34,67,25,4
SYSN10007771,SH2056142,Neutrogena Sáng da Low pH Cleanser,227000,4.4,441,707,20,1
SYSN10007772,SH3014932,Rovectin Tăng cường Balm Cleanser,228000,4.7,25,35,24,1
SYSN10007773,SH7309908,Klairs Tăng cường Essence Toner,366000,4.5,22,11,15,5
SYSN10007774,SH6705773,Clean & Clear Nhẹ nhàng Retinol Serum,151000,4.4,191,305,6,3
SYSN10007775,SH4806832,Cocoon Phục hồi Vitamin C Serum,225000,4.7,35,17,7,3
SYSN10007776,SH8478566,Beauty of Joseon VN Cấp nước Daily Sunscreen,337000,4.3,80,127,2,4
SYSN10007777,SH2113837,La Roche-Posay Chuyên sâu Water Resistant Sunscreen,185000,4.7,216,110,17,4
SYSN10007778,SH9844719,Clean & Clear Làm dịu Gel Moisturizer,126000,4.8,4,4,6,2
SYSN10007779,SH2556359,Bioderma Hiệu quả Hydrating Toner,363000,4.9,2,2,3,5
SYSN10007780,SH1684261,Rovectin Chuyên sâu Niacinamide Serum,587000,4.6,25,25,24,3
SYSN10007781,SH5099045,Shiseido VN Làm dịu Balm Cleanser,599000,5.0,138,198,27,1
SYSN10007782,SH4088269,Hada Labo Phục hồi PA++++ Sunscreen,338000,5.0,327,412,11,4
SYSN10007783,SH2070749,L'Oreal Trắng sáng Barrier Repair Moisturizer,132000,4.3,2,3,16,2
SYSN10007784,SH5980427,Clean & Clear Cấp nước SPF 50+ Sunscreen,107000,4.4,232,189,6,4
SYSN10007785,SH8142635,Some By Mi Sáng da Night Cream Moisturizer,387000,4.9,0,0,29,2
SYSN10007786,SH7818054,Ohui VN Tăng cường Retinol Serum,1307000,4.2,22,36,21,3
SYSN10007787,SH2217830,The Ordinary Làm dịu Foam Cleanser,181000,4.6,56,35,33,1
SYSN10007788,SH9112071,Clean & Clear Trắng sáng SPF 30 Sunscreen,96000,4.7,4,6,6,4
SYSN10007789,SH3667419,Cosrx Thiên nhiên Peptide Serum,563000,4.7,624,1078,8,3
SYSN10007790,SH7222040,Laneige Cao cấp Retinol Serum,1202000,4.7,16,16,18,3
SYSN10007791,SH8208206,Klairs Kiểm soát nhờn Peptide Serum,347000,4.3,28,22,15,3
SYSN10007792,SH8537810,Rovectin Cấp nước Hyaluronic Acid Serum,754000,4.5,184,175,24,3
SYSN10007793,SH7159812,Klairs Chống lão hóa Gel Moisturizer,343000,4.6,334,374,15,2
SYSN10007794,SH2362277,Bioderma Hiệu quả SPF 50+ Sunscreen,346000,4.5,20,18,3,4
SYSN10007795,SH5107782,Hasaki Dưỡng ẩm Hyaluronic Acid Serum,230000,4.6,7,4,12,3
SYSN10007796,SH3336732,Neutrogena Tăng cường Hyaluronic Acid Serum,282000,4.6,11,19,20,3
SYSN10007797,SH2312044,Rovectin Làm dịu Lotion Moisturizer,184000,4.8,14,21,24,2
SYSN10007798,SH4173372,Rovectin Cao cấp Balm Cleanser,249000,4.6,10,19,24,1
SYSN10007799,SH3094047,The Face Shop Hiệu quả Gel Moisturizer,381000,4.7,37,68,32,2
SYSN10007800,SH4777088,Shiseido VN Nhẹ nhàng Essence Toner,1941000,4.6,37,59,27,5
SYSN10007801,SH2456454,The Ordinary Nhẹ nhàng PA++++ Sunscreen,423000,4.2,530,688,33,4
SYSN10007802,SH1699599,Beauty of Joseon VN Làm dịu Hydrating Toner,337000,3.8,141,83,2,5
SYSN10007803,SH3131460,Cosrx Chống lão hóa Low pH Cleanser,370000,4.3,2,1,8,1
SYSN10007804,SH6170299,Anessa Chuyên sâu Micellar Cleanser,324000,4.5,62,103,1,1
SYSN10007805,SH9075443,Paula's Choice Làm dịu SPF 30 Sunscreen,399000,4.8,9,10,22,4
SYSN10007806,SH8934503,Bioderma Phục hồi Micellar Cleanser,352000,4.9,101,122,3,1
SYSN10007807,SH5287027,St. Ives Kiểm soát nhờn Hyaluronic Acid Serum,182000,4.6,21,18,30,3
SYSN10007808,SH1670516,Shiseido VN Cấp nước SPF 30 Sunscreen,847000,5.0,15,14,27,4
SYSN10007809,SH2647239,Hasaki Sáng da Lotion Moisturizer,255000,4.3,9,14,12,2
SYSN10007810,SH5228681,Murad VN Làm mềm Oil Cleanser,1140000,4.5,50,45,19,1
SYSN10007811,SH2760200,Ohui VN Sáng da Daily Sunscreen,1270000,4.6,169,115,21,4
SYSN10007812,SH4126469,L'Oreal Thiên nhiên Cream Moisturizer,68000,4.9,116,76,16,2
SYSN10007813,SH3338618,Kiehl's VN Cấp nước Night Cream Moisturizer,2264000,4.1,14,14,14,2
SYSN10007814,SH9679086,Rovectin Chống lão hóa Essence Toner,206000,4.8,1,1,24,5
SYSN10007815,SH9398699,SK-II Chuyên sâu Gel Moisturizer,1012000,4.5,33,21,25,2
SYSN10007816,SH5291063,St. Ives Tăng cường SPF 50+ Sunscreen,178000,4.2,601,771,30,4
SYSN10007817,SH7384261,Kiehl's VN Dưỡng ẩm Essence Toner,1126000,4.8,37,41,14,5
SYSN10007818,SH3449521,Paula's Choice Chống lão hóa Night Cream Moisturizer,361000,4.5,5,9,22,2
SYSN10007819,SH6863572,L'Oreal Sáng da Niacinamide Serum,197000,5.0,99,89,16,3
SYSN10007820,SH7085409,Klairs Dưỡng ẩm SPF 30 Sunscreen,467000,4.0,72,68,15,4
SYSN10007821,SH2469445,Bioderma Sáng da Tint Sunscreen,321000,4.6,57,63,3,4
SYSN10007822,SH3158135,Laneige Cấp nước Foam Cleanser,2150000,4.8,9,9,18,1
SYSN10007823,SH3236952,Clean & Clear Thiên nhiên Niacinamide Serum,136000,4.4,15,15,6,3
SYSN10007824,SH1767428,La Roche-Posay Làm dịu Peptide Serum,644000,4.5,52,63,17,3
SYSN10007825,SH4755261,The Ordinary Tăng cường Peptide Serum,545000,4.9,110,200,33,3
SYSN10007826,SH5582044,The Face Shop Phục hồi Night Cream Moisturizer,282000,4.5,2,1,32,2
SYSN10007827,SH1204460,Shiseido VN Thiên nhiên Oil Cleanser,1520000,4.4,19,28,27,1
SYSN10007828,SH3375327,Klairs Cao cấp Oil Cleanser,409000,4.3,5,6,15,1
SYSN10007829,SH5208672,Shiseido VN Sáng da Water Resistant Sunscreen,2501000,4.3,165,251,27,4
SYSN10007830,SH4304688,Cetaphil Chống lão hóa Retinol Serum,419000,4.7,2,2,5,3
SYSN10007831,SH1817490,Senka Làm dịu Gel Moisturizer,89000,4.4,9,10,26,2
SYSN10007832,SH8946989,Clean & Clear Làm dịu Gel Cleanser,43000,4.6,6,10,6,1
SYSN10007833,SH4815586,Klairs Kiểm soát nhờn Balm Cleanser,267000,4.6,76,81,15,1
SYSN10007834,SH4238594,The Face Shop Dưỡng ẩm Low pH Cleanser,336000,4.5,320,239,32,1
SYSN10007835,SH6961714,The Face Shop Làm mềm SPF 50+ Sunscreen,472000,4.9,99,190,32,4
SYSN10007836,SH4061501,Bioderma Chuyên sâu Vitamin C Serum,327000,4.4,6,9,3,3
SYSN10007837,SH8818534,Some By Mi Dưỡng ẩm Retinol Serum,538000,4.7,576,1085,29,3
SYSN10007838,SH4337345,St. Ives Dưỡng ẩm Tint Sunscreen,196000,4.4,127,246,30,4
SYSN10007839,SH4513116,SK-II Hiệu quả Eye Cream Moisturizer,1173000,5.0,457,659,25,2
SYSN10007840,SH8199919,Murad VN Kiểm soát nhờn Hyaluronic Acid Serum,1798000,4.8,32,38,19,3
SYSN10007841,SH9734983,Neutrogena Kiểm soát nhờn Eye Cream Moisturizer,306000,4.9,93,79,20,2
SYSN10007842,SH6312160,Simple Nhẹ nhàng Brightening Toner,65000,4.4,4,2,28,5
SYSN10007843,SH9574016,St. Ives Kiểm soát nhờn Gel Cleanser,40000,5.0,7,8,30,1
SYSN10007844,SH3042986,Vaseline Trắng sáng SPF 30 Sunscreen,147000,4.4,19,34,34,4
SYSN10007845,SH7560826,Bioderma Làm dịu Oil Cleanser,255000,4.4,24,40,3,1
SYSN10007846,SH8646186,Hada Labo Dưỡng ẩm SPF 50+ Sunscreen,493000,4.3,307,406,11,4
SYSN10007847,SH6459434,Pond's Cấp nước Tint Sunscreen,118000,4.6,32,56,23,4
SYSN10007848,SH7867197,Garnier Trắng sáng Balm Cleanser,95000,5.0,15,23,10,1
SYSN10007849,SH3145028,CeraVe Cấp nước PA++++ Sunscreen,309000,4.4,1,0,4,4
SYSN10007850,SH1786569,Simple Sáng da Exfoliating Toner,111000,4.5,30,16,28,5
SYSN10007851,SH5263959,St. Ives Chuyên sâu Barrier Repair Moisturizer,69000,4.4,44,29,30,2
SYSN10007852,SH1579917,Innisfree Chống lão hóa Lotion Moisturizer,304000,4.8,53,76,13,2
SYSN10007853,SH1572138,Some By Mi Chuyên sâu Oil Cleanser,316000,5.0,5,8,29,1
SYSN10007854,SH4452394,Garnier Dưỡng ẩm Low pH Cleanser,83000,4.5,77,44,10,1
SYSN10007855,SH5364423,Simple Hiệu quả Brightening Toner,131000,4.6,44,31,28,5
SYSN10007856,SH9195048,Anessa Chuyên sâu Hydrating Toner,245000,4.5,16,22,1,5
SYSN10007857,SH8075239,Garnier Chuyên sâu Gel Cleanser,93000,4.4,220,433,10,1
SYSN10007858,SH7755913,Garnier Tăng cường Low pH Cleanser,116000,4.8,184,158,10,1
SYSN10007859,SH6867228,Some By Mi Trắng sáng Barrier Repair Moisturizer,447000,4.3,12,9,29,2
SYSN10007860,SH8830689,Senka Trắng sáng Brightening Toner,73000,5.0,11,20,26,5
SYSN10007861,SH7259078,L'Oreal Làm dịu Retinol Serum,227000,4.8,0,0,16,3
SYSN10007862,SH9377871,Rovectin Chuyên sâu Brightening Toner,205000,4.7,6,7,24,5
SYSN10007863,SH8244240,Garnier Chuyên sâu Hydrating Toner,87000,4.7,62,62,10,5
SYSN10007864,SH6252222,Estee Lauder Phục hồi Tint Sunscreen,1237000,4.5,51,29,9,4
SYSN10007865,SH5421157,La Roche-Posay Trắng sáng SPF 50+ Sunscreen,490000,4.2,2,3,17,4
SYSN10007866,SH1109669,Hasaki Chống lão hóa Eye Cream Moisturizer,102000,4.4,3,1,12,2
SYSN10007867,SH2624447,Pond's Cấp nước Essence Toner,75000,4.4,101,200,23,5
SYSN10007868,SH9582992,Innisfree Phục hồi SPF 30 Sunscreen,333000,4.4,2,3,13,4
SYSN10007869,SH5090937,Anessa Hiệu quả Foam Cleanser,422000,4.9,94,147,1,1
SYSN10007870,SH6002163,Klairs Cao cấp Exfoliating Toner,263000,4.2,321,635,15,5
SYSN10007871,SH9951123,Cosrx Kiểm soát nhờn Hydrating Toner,249000,4.5,221,393,8,5
SYSN10007872,SH5189435,Cetaphil Kiểm soát nhờn Hyaluronic Acid Serum,330000,4.6,165,295,5,3
SYSN10007873,SH1448134,CeraVe Kiểm soát nhờn Peptide Serum,415000,4.5,635,611,4,3
SYSN10007874,SH1837597,Cosrx Trắng sáng Brightening Toner,159000,4.7,118,163,8,5
SYSN10007875,SH7541109,Senka Nhẹ nhàng Retinol Serum,149000,4.6,13,15,26,3
SYSN10007876,SH4261199,The Face Shop Sáng da Hydrating Toner,272000,4.5,238,156,32,5
SYSN10007877,SH8410440,Neutrogena Tăng cường Micellar Cleanser,275000,4.1,76,73,20,1
SYSN10007878,SH6364830,Innisfree Trắng sáng Tint Sunscreen,463000,4.7,64,64,13,4
SYSN10007879,SH7578907,Bioderma Làm dịu Low pH Cleanser,282000,4.7,141,194,3,1
SYSN10007880,SH8054188,Cocoon Sáng da Pore Care Toner,132000,4.7,3,1,7,5
SYSN10007881,SH1872836,Garnier Phục hồi Hydrating Toner,93000,4.4,8,11,10,5
SYSN10007882,SH6827112,Anessa Hiệu quả Vitamin C Serum,317000,4.6,74,53,1,3
SYSN10007883,SH5000277,CeraVe Làm mềm Peptide Serum,441000,5.0,43,69,4,3
SYSN10007884,SH7686365,Simple Tăng cường Retinol Serum,295000,4.9,77,127,28,3
SYSN10007885,SH9726921,Sulwhasoo Cao cấp Retinol Serum,2988000,4.7,64,41,31,3
SYSN10007886,SH5850623,The Face Shop Phục hồi Brightening Toner,356000,4.2,627,528,32,5
SYSN10007887,SH5633030,Vaseline Phục hồi Barrier Repair Moisturizer,138000,4.1,53,57,34,2
SYSN10007888,SH2019538,Vaseline Làm mềm Pore Care Toner,103000,4.6,21,13,34,5
SYSN10007889,SH9273027,Anessa Chuyên sâu Foam Cleanser,328000,4.7,30,16,1,1
SYSN10007890,SH1787148,Kiehl's VN Thiên nhiên SPF 50+ Sunscreen,654000,4.9,101,159,14,4
SYSN10007891,SH8250077,The Face Shop Dưỡng ẩm Water Resistant Sunscreen,428000,4.3,21,19,32,4
SYSN10007892,SH8867577,Kiehl's VN Trắng sáng Essence Toner,807000,4.7,12,14,14,5
SYSN10007893,SH2292516,Ohui VN Làm dịu AHA/BHA Serum,2806000,4.6,3,5,21,3
SYSN10007894,SH1945973,Cocoon Nhẹ nhàng Oil Cleanser,97000,4.9,738,1260,7,1
SYSN10007895,SH3097207,Hada Labo Làm mềm SPF 30 Sunscreen,387000,4.2,40,35,11,4
SYSN10007896,SH8608620,Clean & Clear Dưỡng ẩm Lotion Moisturizer,93000,4.9,12,7,6,2
SYSN10007897,SH7115519,Hasaki Tăng cường Low pH Cleanser,211000,4.9,14,13,12,1
SYSN10007898,SH2860368,Beauty of Joseon VN Trắng sáng Eye Cream Moisturizer,230000,4.4,25,18,2,2
SYSN10007899,SH5090716,Cetaphil Thiên nhiên Lotion Moisturizer,310000,4.4,101,57,5,2
SYSN10007900,SH9905465,Pond's Phục hồi Peptide Serum,72000,4.8,1,1,23,3
SYSN10007901,SH6905347,Cetaphil Phục hồi Exfoliating Toner,402000,4.5,4,5,5,5
SYSN10007902,SH3523247,Neutrogena Phục hồi Retinol Serum,577000,4.0,4,5,20,3
SYSN10007903,SH3050044,Sulwhasoo Trắng sáng Pore Care Toner,1369000,4.4,131,172,31,5
SYSN10007904,SH6763874,Bioderma Cao cấp Low pH Cleanser,453000,4.6,9,14,3,1
SYSN10007905,SH5778616,Beauty of Joseon VN Chống lão hóa Gel Cleanser,421000,4.4,209,121,2,1
SYSN10007906,SH1109326,Vaseline Làm mềm Balm Cleanser,131000,4.4,59,51,34,1
SYSN10007907,SH8740365,Paula's Choice Chuyên sâu Eye Cream Moisturizer,266000,4.5,14,11,22,2
SYSN10007908,SH4170968,SK-II Chống lão hóa Niacinamide Serum,2917000,4.0,45,79,25,3
SYSN10007909,SH5099102,Klairs Nhẹ nhàng AHA/BHA Serum,480000,5.0,10,19,15,3
SYSN10007910,SH9164719,Bioderma Kiểm soát nhờn Low pH Cleanser,329000,4.5,18,14,3,1
SYSN10007911,SH9907653,Cetaphil Chống lão hóa Water Resistant Sunscreen,214000,4.6,26,36,5,4
SYSN10007912,SH2122205,La Roche-Posay Tăng cường Pore Care Toner,299000,4.7,1,1,17,5
SYSN10007913,SH7963855,Anessa Dưỡng ẩm Vitamin C Serum,672000,4.3,9,7,1,3
SYSN10007914,SH1752504,St. Ives Kiểm soát nhờn Retinol Serum,164000,4.4,19,37,30,3
SYSN10007915,SH8430904,Garnier Làm dịu Barrier Repair Moisturizer,200000,4.6,2,2,10,2
SYSN10007916,SH1317723,Klairs Kiểm soát nhờn Foam Cleanser,186000,4.5,483,915,15,1
SYSN10007917,SH1183328,Some By Mi Cấp nước Niacinamide Serum,581000,4.7,58,108,29,3
SYSN10007918,SH6565582,Laneige Dưỡng ẩm Oil Cleanser,1665000,4.8,8,9,18,1
SYSN10007919,SH2168064,La Roche-Posay Nhẹ nhàng Niacinamide Serum,242000,4.8,282,554,17,3
SYSN10007920,SH2205276,Cetaphil Làm dịu Pore Care Toner,243000,4.4,99,197,5,5
SYSN10007921,SH9525435,CeraVe Kiểm soát nhờn AHA/BHA Serum,414000,4.9,71,80,4,3
SYSN10007922,SH6175905,Hada Labo Dưỡng ẩm Brightening Toner,331000,4.8,12,7,11,5
SYSN10007923,SH6714239,Neutrogena Kiểm soát nhờn Night Cream Moisturizer,255000,4.5,15,24,20,2
SYSN10007924,SH2242111,L'Oreal Kiểm soát nhờn Peptide Serum,263000,4.1,14,20,16,3
SYSN10007925,SH5796637,Cetaphil Cao cấp Brightening Toner,262000,4.6,28,37,5,5
SYSN10007926,SH4897763,Rovectin Làm mềm Essence Toner,250000,4.6,81,73,24,5
SYSN10007927,SH3826867,Rovectin Chuyên sâu Niacinamide Serum,395000,4.6,177,191,24,3
SYSN10007928,SH3211779,Bioderma Cấp nước Balm Cleanser,205000,4.6,2,1,3,1
SYSN10007929,SH4058052,The Face Shop Nhẹ nhàng Low pH Cleanser,304000,4.4,144,175,32,1
SYSN10007930,SH3338462,Innisfree Chống lão hóa Barrier Repair Moisturizer,280000,4.8,77,143,13,2
SYSN10007931,SH7380575,Hada Labo Trắng sáng Brightening Toner,374000,4.7,43,57,11,5
SYSN10007932,SH2589483,Vaseline Kiểm soát nhờn Night Cream Moisturizer,93000,4.9,214,116,34,2
SYSN10007933,SH9978990,Cocoon Chuyên sâu Tint Sunscreen,108000,4.9,1,0,7,4
SYSN10007934,SH6672261,Paula's Choice Hiệu quả AHA/BHA Serum,303000,4.3,7,8,22,3
SYSN10007935,SH9181291,Some By Mi Sáng da Tint Sunscreen,399000,4.7,3,4,29,4
SYSN10007936,SH2848975,Anessa Trắng sáng Peptide Serum,646000,4.2,70,36,1,3
SYSN10007937,SH4011480,Some By Mi Dưỡng ẩm SPF 30 Sunscreen,223000,4.9,33,48,29,4
SYSN10007938,SH1846429,Vaseline Chống lão hóa SPF 30 Sunscreen,101000,4.8,75,71,34,4
SYSN10007939,SH3625954,Estee Lauder Làm dịu SPF 50+ Sunscreen,1217000,4.3,9,11,9,4
SYSN10007940,SH5961073,CeraVe Chống lão hóa Night Cream Moisturizer,293000,4.6,411,412,4,2
SYSN10007941,SH8427453,Senka Nhẹ nhàng AHA/BHA Serum,155000,4.5,29,28,26,3
SYSN10007942,SH6140622,Klairs Cấp nước Low pH Cleanser,246000,4.2,53,43,15,1
SYSN10007943,SH6730134,Garnier Cấp nước Oil Cleanser,50000,4.7,277,520,10,1
SYSN10007944,SH1215707,Laneige Chống lão hóa Tint Sunscreen,1724000,4.8,36,46,18,4
SYSN10007945,SH3924139,Klairs Phục hồi Water Resistant Sunscreen,563000,4.3,59,79,15,4
SYSN10007946,SH2599142,La Roche-Posay Dưỡng ẩm PA++++ Sunscreen,296000,4.3,33,39,17,4
SYSN10007947,SH9642403,Bioderma Thiên nhiên Tint Sunscreen,207000,4.2,9,6,3,4
SYSN10007948,SH8001145,Some By Mi Nhẹ nhàng Water Resistant Sunscreen,224000,4.2,25,33,29,4
SYSN10007949,SH3047042,Some By Mi Chuyên sâu Peptide Serum,461000,4.6,52,80,29,3
SYSN10007950,SH5979392,Hada Labo Tăng cường Peptide Serum,404000,4.1,40,72,11,3
SYSN10007951,SH9230366,The Face Shop Phục hồi Vitamin C Serum,465000,4.9,3,2,32,3
SYSN10007952,SH6006787,Ohui VN Chuyên sâu Peptide Serum,1341000,4.3,23,30,21,3
SYSN10007953,SH9377405,Pond's Hiệu quả SPF 50+ Sunscreen,119000,4.7,119,100,23,4
SYSN10007954,SH5975491,Cetaphil Hiệu quả Retinol Serum,291000,4.9,34,62,5,3
SYSN10007955,SH5093130,The Face Shop Chống lão hóa Hydrating Toner,290000,4.4,45,56,32,5
SYSN10007956,SH6977683,Bioderma Sáng da Daily Sunscreen,363000,4.4,14,27,3,4
SYSN10007957,SH6779170,L'Oreal Thiên nhiên Tint Sunscreen,94000,5.0,5,7,16,4
SYSN10007958,SH5599364,Some By Mi Chuyên sâu Niacinamide Serum,277000,4.8,49,88,29,3
SYSN10007959,SH4113226,Some By Mi Thiên nhiên Foam Cleanser,317000,4.6,77,52,29,1
SYSN10007960,SH3315209,Rovectin Chống lão hóa Foam Cleanser,246000,4.5,57,73,24,1
SYSN10007961,SH1971271,Garnier Dưỡng ẩm Brightening Toner,100000,4.5,26,37,10,5
SYSN10007962,SH2832811,Senka Làm dịu Water Resistant Sunscreen,168000,4.5,8,14,26,4
SYSN10007963,SH6658004,St. Ives Làm mềm Low pH Cleanser,97000,4.6,31,24,30,1
SYSN10007964,SH7763032,Rovectin Thiên nhiên Foam Cleanser,315000,4.7,8,12,24,1
SYSN10007965,SH1323957,Rovectin Kiểm soát nhờn SPF 30 Sunscreen,267000,4.6,276,474,24,4
SYSN10007966,SH4140666,Cosrx Làm dịu Low pH Cleanser,195000,4.5,220,353,8,1
SYSN10007967,SH2386282,Ohui VN Sáng da Vitamin C Serum,3564000,4.6,41,52,21,3
SYSN10007968,SH8540786,Hasaki Chống lão hóa Low pH Cleanser,171000,4.1,33,54,12,1
SYSN10007969,SH1568199,La Roche-Posay Thiên nhiên SPF 50+ Sunscreen,257000,4.8,21,15,17,4
SYSN10007970,SH7578537,Clean & Clear Trắng sáng Essence Toner,90000,4.9,71,129,6,5
SYSN10007971,SH4757576,Paula's Choice Chuyên sâu SPF 50+ Sunscreen,261000,4.9,257,495,22,4
SYSN10007972,SH6492362,Senka Nhẹ nhàng Night Cream Moisturizer,96000,4.1,7,8,26,2
SYSN10007973,SH1504001,Klairs Sáng da Gel Cleanser,360000,4.2,43,26,15,1
SYSN10007974,SH5352422,Some By Mi Hiệu quả Tint Sunscreen,361000,4.8,173,160,29,4
SYSN10007975,SH9114517,The Face Shop Trắng sáng Niacinamide Serum,375000,4.9,6,10,32,3
SYSN10007976,SH4063199,Kiehl's VN Sáng da Oil Cleanser,1292000,5.0,19,16,14,1
SYSN10007977,SH6549850,Murad VN Dưỡng ẩm Retinol Serum,2361000,4.5,24,39,19,3
SYSN10007978,SH7473863,Senka Chống lão hóa Night Cream Moisturizer,140000,5.0,34,63,26,2
SYSN10007979,SH2699533,Cetaphil Chống lão hóa Hyaluronic Acid Serum,314000,4.5,848,1619,5,3
SYSN10007980,SH9254374,Clean & Clear Chuyên sâu PA++++ Sunscreen,119000,4.7,278,256,6,4
SYSN10007981,SH5260757,Some By Mi Hiệu quả Retinol Serum,340000,4.5,59,42,29,3
SYSN10007982,SH1107396,Neutrogena Phục hồi Peptide Serum,512000,4.7,28,24,20,3
SYSN10007983,SH7540760,Rovectin Sáng da Water Resistant Sunscreen,190000,4.5,20,10,24,4
SYSN10007984,SH8281246,Anessa Tăng cường Oil Cleanser,259000,4.3,23,25,1,1
SYSN10007985,SH3086604,Cetaphil Cao cấp Brightening Toner,386000,4.6,445,238,5,5
SYSN10007986,SH8170621,Cetaphil Chống lão hóa Gel Cleanser,233000,4.8,44,42,5,1
SYSN10007987,SH3544843,Hada Labo Dưỡng ẩm Retinol Serum,346000,4.4,13,6,11,3
SYSN10007988,SH9760988,Hada Labo Tăng cường Tint Sunscreen,294000,4.5,137,85,11,4
SYSN10007989,SH7377891,Neutrogena Cao cấp Niacinamide Serum,427000,4.4,312,505,20,3
SYSN10007990,SH8172078,Hada Labo Kiểm soát nhờn Brightening Toner,288000,4.4,148,100,11,5
SYSN10007991,SH5237689,Klairs Làm mềm Niacinamide Serum,589000,4.4,145,84,15,3
SYSN10007992,SH3085220,The Ordinary Nhẹ nhàng Cream Moisturizer,475000,4.6,13,8,33,2
SYSN10007993,SH3361601,Kiehl's VN Cao cấp Water Resistant Sunscreen,2137000,4.3,12,14,14,4
SYSN10007994,SH5466716,Neutrogena Hiệu quả Gel Cleanser,234000,5.0,143,164,20,1
SYSN10007995,SH1902313,Ohui VN Hiệu quả Micellar Cleanser,1109000,4.5,61,44,21,1
SYSN10007996,SH2815126,Garnier Phục hồi Tint Sunscreen,136000,4.3,41,36,10,4
SYSN10007997,SH9789342,Murad VN Làm mềm Water Resistant Sunscreen,1091000,4.4,15,29,19,4
SYSN10007998,SH1409507,La Roche-Posay Trắng sáng SPF 50+ Sunscreen,347000,4.4,27,29,17,4
SYSN10007999,SH6202094,Anessa Thiên nhiên Night Cream Moisturizer,301000,4.5,77,145,1,2
