ma_cua_hang,dia_diem_cua_hang
SH1001094,Đà Lạt
SH1002647,Buôn Ma Thuột
SH1003092,Tiền Giang
SH1004139,TP.HCM
SH1004542,An Giang
SH1008181,Quảng Ninh
SH1008908,Long An
SH1010284,Cần Thơ
SH1010601,Tiền Giang
SH1011337,Cần Thơ
SH1012148,Vinh
SH1013016,Quảng Ninh
SH1013388,An Giang
SH1014095,TP.HCM
SH1014148,Bình Dương
SH1014942,Đà Lạt
SH1016421,Nha Trang
SH1016885,Vinh
SH1018399,Hải Phòng
SH1020136,Tiền Giang
SH1020311,Nam Định
SH1020737,Huế
SH1021974,Đà Lạt
SH1022009,An Giang
SH1025762,Buôn Ma Thuột
SH1025783,Buôn Ma Thuột
SH1026245,Vinh
SH1026523,Vũng Tàu
SH1027590,Quảng Ninh
SH1028039,Pleiku
SH1028160,Cần Thơ
SH1028177,Đà Lạt
SH1029006,Buôn Ma Thuột
SH1030749,Buôn Ma Thuột
SH1030805,Bến Tre
SH1031800,Đồng Nai
SH1032500,Hà Nội
SH1032860,Đà Lạt
SH1034042,Cần Thơ
SH1034351,Hà Nội
SH1036671,Cần Thơ
SH1037905,Tiền Giang
SH1039569,Tiền Giang
SH1039944,Đồng Nai
SH1042072,Nha Trang
SH1043037,Nha Trang
SH1044461,Quảng Ninh
SH1048421,Thái Nguyên
SH1049281,Đà Nẵng
SH1050043,Quảng Ninh
SH1050591,Cần Thơ
SH1051543,Long An
SH1052235,Kiên Giang
SH1053156,Nha Trang
SH1053648,Đà Lạt
SH1054096,Pleiku
SH1054447,Quy Nhơn
SH1055463,Long An
SH1055772,Đồng Nai
SH1056501,Vũng Tàu
SH1058272,Nha Trang
SH1059272,Quy Nhơn
SH1060293,Đà Nẵng
SH1060841,Đà Lạt
SH1065512,Thái Nguyên
SH1065574,Long An
SH1065629,Cần Thơ
SH1067378,Quy Nhơn
SH1073322,Huế
SH1073332,Bình Dương
SH1074018,Hà Nội
SH1074659,Huế
SH1074924,TP.HCM
SH1075409,Nam Định
SH1076788,TP.HCM
SH1078329,Bình Dương
SH1079984,Quy Nhơn
SH1081021,Buôn Ma Thuột
SH1081716,Đà Nẵng
SH1083492,Cần Thơ
SH1083863,Kiên Giang
SH1084021,TP.HCM
SH1084130,Quy Nhơn
SH1088005,Thái Nguyên
SH1089689,Đà Nẵng
SH1090089,Hà Nội
SH1091715,Tiền Giang
SH1093026,Nam Định
SH1093582,Đồng Nai
SH1093623,Đồng Nai
SH1094583,TP.HCM
SH1095980,Đồng Nai
SH1097563,Thái Nguyên
SH1098052,Cần Thơ
SH1098476,Hà Nội
SH1100103,Vũng Tàu
SH1100213,Buôn Ma Thuột
SH1102843,Pleiku
SH1105716,Long An
SH1106999,Vinh
SH1107396,Hà Nội
SH1108602,Hà Nội
SH1108843,Vinh
SH1109326,An Giang
SH1109669,Cần Thơ
SH1110229,Pleiku
SH1110452,Vũng Tàu
SH1110521,Đà Lạt
SH1111224,Long An
SH1113458,Hải Phòng
SH1114282,Nam Định
SH1114816,Kiên Giang
SH1115245,Quảng Ninh
SH1115555,Hà Nội
SH1116384,Huế
SH1116389,Vinh
SH1119354,Nam Định
SH1120806,Huế
SH1121097,Huế
SH1121334,Nam Định
SH1122261,Vũng Tàu
SH1122310,Bến Tre
SH1122324,Pleiku
SH1122968,Buôn Ma Thuột
SH1124054,Đà Nẵng
SH1124292,Long An
SH1124548,Pleiku
SH1126772,Huế
SH1127165,Kiên Giang
SH1130320,Pleiku
SH1130638,Đồng Nai
SH1132781,Huế
SH1133552,Thái Nguyên
SH1133724,Cần Thơ
SH1134133,Tiền Giang
SH1136218,Buôn Ma Thuột
SH1136909,Huế
SH1139537,Đà Lạt
SH1141410,An Giang
SH1141534,Cần Thơ
SH1142754,Huế
SH1146741,Đà Nẵng
SH1148226,Long An
SH1150685,Bến Tre
SH1151917,Bình Dương
SH1153516,Tiền Giang
SH1155591,Thái Nguyên
SH1159341,Bến Tre
SH1160974,Hà Nội
SH1161614,Hà Nội
SH1161777,Pleiku
SH1163128,Quy Nhơn
SH1163295,Pleiku
SH1163850,Bình Dương
SH1165496,Đà Nẵng
SH1165961,Hà Nội
SH1167461,Đồng Nai
SH1170355,Huế
SH1171259,Kiên Giang
SH1171746,Kiên Giang
SH1172986,TP.HCM
SH1174089,Buôn Ma Thuột
SH1174620,Vinh
SH1174981,Đồng Nai
SH1175132,Bình Dương
SH1175540,Nha Trang
SH1175565,An Giang
SH1176225,Vinh
SH1176496,Pleiku
SH1177469,Quảng Ninh
SH1178934,Quảng Ninh
SH1180747,Đồng Nai
SH1180915,Buôn Ma Thuột
SH1181996,Vinh
SH1183328,Cần Thơ
SH1183462,TP.HCM
SH1185743,Quảng Ninh
SH1186289,Cần Thơ
SH1186493,Vũng Tàu
SH1188082,Thái Nguyên
SH1188919,Huế
SH1190110,Long An
SH1192009,An Giang
SH1192682,Cần Thơ
SH1193127,Bình Dương
SH1193365,Buôn Ma Thuột
SH1194285,Vinh
SH1194860,TP.HCM
SH1195440,Kiên Giang
SH1197778,Đồng Nai
SH1199493,Buôn Ma Thuột
SH1200078,Huế
SH1200291,Đà Nẵng
SH1200603,Vinh
SH1201772,Quảng Ninh
SH1202997,Nha Trang
SH1204460,Đà Lạt
SH1204940,Cần Thơ
SH1206280,Bình Dương
SH1207372,Đà Nẵng
SH1209159,An Giang
SH1209826,Tiền Giang
SH1210562,Vinh
SH1211709,An Giang
SH1212086,Vinh
SH1212947,Nha Trang
SH1213278,Đà Nẵng
SH1214182,Buôn Ma Thuột
SH1215089,Buôn Ma Thuột
SH1215323,Bình Dương
SH1215707,An Giang
SH1217084,Hà Nội
SH1218422,Huế
SH1220120,Đồng Nai
SH1220268,Tiền Giang
SH1221426,Cần Thơ
SH1221617,Thái Nguyên
SH1223625,Long An
SH1226136,Hải Phòng
SH1229688,Hải Phòng
SH1231415,Hải Phòng
SH1233441,Quy Nhơn
SH1234748,Bình Dương
SH1234883,Quy Nhơn
SH1235049,Buôn Ma Thuột
SH1236164,Bình Dương
SH1236174,Buôn Ma Thuột
SH1236293,Nha Trang
SH1237264,Long An
SH1239396,TP.HCM
SH1240903,Thái Nguyên
SH1241860,Pleiku
SH1248534,Nha Trang
SH1249420,An Giang
SH1249816,Vinh
SH1250527,Bến Tre
SH1250558,Cần Thơ
SH1251893,Cần Thơ
SH1256887,Đà Nẵng
SH1257256,Huế
SH1258815,Pleiku
SH1259406,Hà Nội
SH1259474,Bình Dương
SH1259548,Vinh
SH1261214,Kiên Giang
SH1262492,Quảng Ninh
SH1262777,Nam Định
SH1262926,Buôn Ma Thuột
SH1263021,Hải Phòng
SH1263401,Quảng Ninh
SH1263533,Đà Lạt
SH1264081,Hải Phòng
SH1264350,Hà Nội
SH1265461,Bến Tre
SH1266694,Nha Trang
SH1266695,Quy Nhơn
SH1268493,Hải Phòng
SH1269713,Bình Dương
SH1270732,Long An
SH1272126,Nam Định
SH1272499,Quảng Ninh
SH1272937,Đồng Nai
SH1275418,Quảng Ninh
SH1275536,Quy Nhơn
SH1275882,Đà Lạt
SH1279110,Thái Nguyên
SH1279503,Kiên Giang
SH1282866,Đồng Nai
SH1284681,Bình Dương
SH1285111,Bến Tre
SH1285508,Nha Trang
SH1286354,TP.HCM
SH1286698,Vinh
SH1287140,Cần Thơ
SH1287807,Đà Lạt
SH1288427,An Giang
SH1290389,Pleiku
SH1290785,Nha Trang
SH1291552,Đà Lạt
SH1292587,Nha Trang
SH1293919,Nha Trang
SH1295982,Kiên Giang
SH1296167,Tiền Giang
SH1297120,Long An
SH1299243,Cần Thơ
SH1300420,Bình Dương
SH1301466,Huế
SH1302051,Long An
SH1302898,Hải Phòng
SH1303197,Kiên Giang
SH1303958,Pleiku
SH1304979,Pleiku
SH1306177,Quy Nhơn
SH1306699,Tiền Giang
SH1308410,Đà Lạt
SH1308533,An Giang
SH1309782,Cần Thơ
SH1309980,Đồng Nai
SH1310742,Buôn Ma Thuột
SH1312439,Cần Thơ
SH1312564,Kiên Giang
SH1313131,Pleiku
SH1314011,Tiền Giang
SH1315349,Hà Nội
SH1315979,Kiên Giang
SH1316533,Thái Nguyên
SH1317716,Long An
SH1317723,Vũng Tàu
SH1319096,TP.HCM
SH1320427,Thái Nguyên
SH1322326,Huế
SH1323425,Bình Dương
SH1323957,Quy Nhơn
SH1326187,An Giang
SH1327691,Cần Thơ
SH1329636,Quy Nhơn
SH1330407,Vinh
SH1331072,Quy Nhơn
SH1331305,Quy Nhơn
SH1332910,Cần Thơ
SH1333764,An Giang
SH1336852,Nam Định
SH1337833,Đà Nẵng
SH1338539,Nam Định
SH1342050,Long An
SH1343331,Huế
SH1343941,Quảng Ninh
SH1347780,An Giang
SH1349302,Bình Dương
SH1351140,Thái Nguyên
SH1351260,Đà Nẵng
SH1353880,Hà Nội
SH1356297,Huế
SH1356549,Long An
SH1358318,TP.HCM
SH1358989,Vinh
SH1359908,Quy Nhơn
SH1360140,Hải Phòng
SH1361285,Quảng Ninh
SH1362517,Cần Thơ
SH1363711,Cần Thơ
SH1364100,Long An
SH1368711,Bến Tre
SH1368958,Huế
SH1369971,Quảng Ninh
SH1371031,Pleiku
SH1371212,Hà Nội
SH1372876,Quy Nhơn
SH1373276,Long An
SH1375127,Bến Tre
SH1378303,Vũng Tàu
SH1379231,Đà Nẵng
SH1379923,Đà Nẵng
SH1380742,TP.HCM
SH1381383,Nha Trang
SH1381592,Vũng Tàu
SH1383084,Vinh
SH1384436,Quy Nhơn
SH1384720,Vũng Tàu
SH1386380,Nam Định
SH1387687,Quảng Ninh
SH1389181,An Giang
SH1389380,Đà Lạt
SH1390804,Quảng Ninh
SH1393512,Vũng Tàu
SH1395428,An Giang
SH1396584,Thái Nguyên
SH1399472,Bến Tre
SH1401415,Nha Trang
SH1403247,Huế
SH1403268,Quy Nhơn
SH1403445,Vũng Tàu
SH1403620,Huế
SH1404486,Cần Thơ
SH1406023,Thái Nguyên
SH1406730,Tiền Giang
SH1409507,Đà Lạt
SH1410098,Hải Phòng
SH1411877,Hải Phòng
SH1413214,Đồng Nai
SH1413602,Cần Thơ
SH1414306,Bình Dương
SH1414943,Quảng Ninh
SH1417593,Đà Nẵng
SH1418175,Đà Lạt
SH1418312,Nam Định
SH1422616,TP.HCM
SH1423527,Thái Nguyên
SH1424418,An Giang
SH1426420,Buôn Ma Thuột
SH1427068,Nha Trang
SH1429114,Long An
SH1429923,Đà Nẵng
SH1432349,Pleiku
SH1434732,TP.HCM
SH1438173,Kiên Giang
SH1438459,Nam Định
SH1439863,Vũng Tàu
SH1440466,Tiền Giang
SH1442590,Quy Nhơn
SH1443388,Quảng Ninh
SH1444807,TP.HCM
SH1445199,Bến Tre
SH1445758,Hà Nội
SH1446004,Nha Trang
SH1447451,Đồng Nai
SH1448134,Quảng Ninh
SH1448794,Buôn Ma Thuột
SH1449635,Long An
SH1449886,Kiên Giang
SH1450701,TP.HCM
SH1451577,Vũng Tàu
SH1454152,Nha Trang
SH1455008,Bến Tre
SH1455087,Quy Nhơn
SH1456716,Đồng Nai
SH1458360,Quy Nhơn
SH1458775,An Giang
SH1461211,Buôn Ma Thuột
SH1461596,Quảng Ninh
SH1462042,Bến Tre
SH1465261,Nam Định
SH1466020,Cần Thơ
SH1467368,TP.HCM
SH1467394,Bến Tre
SH1468843,Thái Nguyên
SH1469269,Nam Định
SH1470104,Kiên Giang
SH1470606,Tiền Giang
SH1474112,An Giang
SH1474481,Buôn Ma Thuột
SH1476046,Quy Nhơn
SH1476523,Nam Định
SH1477394,Nam Định
SH1482819,Vinh
SH1482896,Thái Nguyên
SH1483393,Thái Nguyên
SH1483456,Thái Nguyên
SH1486122,Đà Nẵng
SH1486663,Long An
SH1488297,Đồng Nai
SH1488508,Huế
SH1489675,Tiền Giang
SH1491507,Long An
SH1492516,Long An
SH1492664,Quy Nhơn
SH1494247,TP.HCM
SH1494648,Long An
SH1496323,Cần Thơ
SH1498041,Nha Trang
SH1498094,An Giang
SH1499778,Đồng Nai
SH1500304,Kiên Giang
SH1501601,Bình Dương
SH1502308,Thái Nguyên
SH1502716,Pleiku
SH1504001,Quảng Ninh
SH1504462,Thái Nguyên
SH1505023,Vũng Tàu
SH1505595,Nam Định
SH1509483,Đà Lạt
SH1510471,Đà Lạt
SH1510553,Long An
SH1510673,Đà Lạt
SH1512005,Quảng Ninh
SH1512046,Đà Nẵng
SH1512626,Đà Lạt
SH1513846,Nha Trang
SH1513939,Buôn Ma Thuột
SH1514234,Đà Nẵng
SH1517524,Đà Nẵng
SH1519061,Hải Phòng
SH1519247,Đà Lạt
SH1519755,Đà Nẵng
SH1520374,Quy Nhơn
SH1522734,Hải Phòng
SH1523004,Đà Lạt
SH1524116,Hải Phòng
SH1524298,Long An
SH1524686,Đà Lạt
SH1525516,Đồng Nai
SH1525908,Vũng Tàu
SH1526375,Bình Dương
SH1527720,Quảng Ninh
SH1528923,Huế
SH1529453,Bình Dương
SH1529586,Bến Tre
SH1530633,Quảng Ninh
SH1534818,TP.HCM
SH1534875,Pleiku
SH1536177,Bến Tre
SH1537640,Bến Tre
SH1538280,TP.HCM
SH1538723,An Giang
SH1538882,Cần Thơ
SH1540736,Bình Dương
SH1542011,Vũng Tàu
SH1542760,Cần Thơ
SH1543119,Buôn Ma Thuột
SH1544132,Quy Nhơn
SH1545746,An Giang
SH1545750,Pleiku
SH1546508,Pleiku
SH1548885,Thái Nguyên
SH1550972,Nam Định
SH1551649,Thái Nguyên
SH1551673,Huế
SH1552583,Cần Thơ
SH1552596,Tiền Giang
SH1552858,Hà Nội
SH1553114,Quy Nhơn
SH1553318,Quảng Ninh
SH1553774,Vũng Tàu
SH1556273,Nha Trang
SH1556422,Vũng Tàu
SH1556583,Vũng Tàu
SH1556646,Hải Phòng
SH1557788,Tiền Giang
SH1559414,Bến Tre
SH1560024,Vinh
SH1560195,Đồng Nai
SH1561089,Long An
SH1562209,Nam Định
SH1564215,TP.HCM
SH1568199,Huế
SH1568626,TP.HCM
SH1569148,Nha Trang
SH1569876,Đồng Nai
SH1570320,Long An
SH1572138,Huế
SH1575036,Thái Nguyên
SH1576844,Tiền Giang
SH1577611,Long An
SH1578253,Nha Trang
SH1579384,TP.HCM
SH1579706,TP.HCM
SH1579853,Đồng Nai
SH1579917,Huế
SH1579971,An Giang
SH1579978,Nam Định
SH1581986,Bình Dương
SH1582747,Vinh
SH1584494,Đồng Nai
SH1587065,Đà Nẵng
SH1587782,Quy Nhơn
SH1588760,Kiên Giang
SH1589264,Buôn Ma Thuột
SH1590299,Đồng Nai
SH1593277,Quảng Ninh
SH1596905,Đà Lạt
SH1598129,TP.HCM
SH1599321,Kiên Giang
SH1599507,Huế
SH1600659,Bình Dương
SH1602005,Cần Thơ
SH1602286,Vinh
SH1605411,An Giang
SH1607290,Nha Trang
SH1609611,Buôn Ma Thuột
SH1611857,Nha Trang
SH1614121,Huế
SH1614835,Đà Lạt
SH1616596,Buôn Ma Thuột
SH1618942,Quy Nhơn
SH1619977,Long An
SH1620819,Quy Nhơn
SH1622329,Kiên Giang
SH1623816,Tiền Giang
SH1624142,Vũng Tàu
SH1624180,Buôn Ma Thuột
SH1625318,Quy Nhơn
SH1626767,TP.HCM
SH1630715,Bến Tre
SH1633429,Đồng Nai
SH1634776,Quy Nhơn
SH1635411,Long An
SH1636925,Vinh
SH1637805,Vũng Tàu
SH1638397,Đồng Nai
SH1638478,Bình Dương
SH1641882,Nam Định
SH1642338,Kiên Giang
SH1642597,Đà Lạt
SH1642832,Nam Định
SH1643521,Bến Tre
SH1647451,Nam Định
SH1648901,Nam Định
SH1650524,Nam Định
SH1650662,TP.HCM
SH1653284,Hải Phòng
SH1653342,Quảng Ninh
SH1653993,Hà Nội
SH1654617,Hải Phòng
SH1655729,Nha Trang
SH1655852,Cần Thơ
SH1659976,Tiền Giang
SH1661445,Cần Thơ
SH1662507,Vũng Tàu
SH1663497,Huế
SH1664503,Long An
SH1667618,Hải Phòng
SH1668300,Long An
SH1668591,Long An
SH1669504,Bình Dương
SH1670225,Đồng Nai
SH1670516,Vinh
SH1671929,Kiên Giang
SH1673434,Đà Nẵng
SH1674994,Quy Nhơn
SH1677328,TP.HCM
SH1678950,Đà Lạt
SH1679886,Đà Lạt
SH1680808,Bến Tre
SH1683172,Bến Tre
SH1684129,Đà Lạt
SH1684261,Pleiku
SH1684538,Huế
SH1685668,Cần Thơ
SH1686780,Quảng Ninh
SH1686830,Hà Nội
SH1688179,Buôn Ma Thuột
SH1688206,Kiên Giang
SH1688743,Huế
SH1688945,Đồng Nai
SH1690365,Nha Trang
SH1690978,Kiên Giang
SH1691961,Quy Nhơn
SH1695101,Nha Trang
SH1696315,TP.HCM
SH1696343,Nha Trang
SH1697043,Hải Phòng
SH1697175,Buôn Ma Thuột
SH1698206,Pleiku
SH1698939,Bến Tre
SH1699056,TP.HCM
SH1699599,TP.HCM
SH1699855,Bình Dương
SH1702119,Bình Dương
SH1703065,Nha Trang
SH1708541,Đà Lạt
SH1709675,Hải Phòng
SH1709860,Thái Nguyên
SH1710399,Bình Dương
SH1710615,Đà Nẵng
SH1710798,Tiền Giang
SH1711440,Nha Trang
SH1711620,Vinh
SH1712562,Bến Tre
SH1713787,Hà Nội
SH1714231,An Giang
SH1714268,Quảng Ninh
SH1714496,Buôn Ma Thuột
SH1714943,Đồng Nai
SH1715546,Pleiku
SH1716485,TP.HCM
SH1718170,Đồng Nai
SH1721426,Quy Nhơn
SH1722698,Nha Trang
SH1723680,Vinh
SH1725682,Nam Định
SH1727239,Đà Nẵng
SH1727584,Quy Nhơn
SH1727920,Tiền Giang
SH1728150,Nam Định
SH1729297,An Giang
SH1731253,Pleiku
SH1733970,Pleiku
SH1737872,Long An
SH1738479,Buôn Ma Thuột
SH1738700,An Giang
SH1740271,Nam Định
SH1740912,Quảng Ninh
SH1741958,Đà Lạt
SH1742156,Buôn Ma Thuột
SH1742169,Vinh
SH1743013,Quảng Ninh
SH1746009,Pleiku
SH1746566,Quy Nhơn
SH1748853,Quảng Ninh
SH1749647,Cần Thơ
SH1750211,Tiền Giang
SH1750347,Quy Nhơn
SH1751706,Bình Dương
SH1752368,Hải Phòng
SH1752504,Tiền Giang
SH1756272,Bình Dương
SH1756962,Bình Dương
SH1756994,Nha Trang
SH1757292,Nha Trang
SH1758400,Huế
SH1758898,Huế
SH1759041,Cần Thơ
SH1759669,Đà Lạt
SH1760169,Buôn Ma Thuột
SH1761246,Kiên Giang
SH1761683,Bến Tre
SH1762895,An Giang
SH1763145,Hải Phòng
SH1763232,Pleiku
SH1763562,Buôn Ma Thuột
SH1763646,Quảng Ninh
SH1765250,Nha Trang
SH1765519,Long An
SH1767428,Buôn Ma Thuột
SH1767629,TP.HCM
SH1770650,Vũng Tàu
SH1772064,Đồng Nai
SH1772923,Quảng Ninh
SH1773774,Kiên Giang
SH1774753,Buôn Ma Thuột
SH1775127,Nam Định
SH1777932,Hà Nội
SH1777948,Thái Nguyên
SH1779137,Buôn Ma Thuột
SH1779426,Quảng Ninh
SH1779529,Thái Nguyên
SH1779927,Kiên Giang
SH1780330,Quy Nhơn
SH1781217,Tiền Giang
SH1782511,Kiên Giang
SH1783102,Huế
SH1783342,Huế
SH1786569,Vũng Tàu
SH1787148,Bến Tre
SH1788354,Vinh
SH1788429,Thái Nguyên
SH1788633,Tiền Giang
SH1789295,Đồng Nai
SH1789436,TP.HCM
SH1789923,Tiền Giang
SH1792982,Đồng Nai
SH1795645,Cần Thơ
SH1798686,Nha Trang
SH1798938,Thái Nguyên
SH1800903,Bình Dương
SH1801342,Quy Nhơn
SH1804641,Kiên Giang
SH1804946,Quảng Ninh
SH1805615,Đà Nẵng
SH1806126,Nha Trang
SH1807780,Long An
SH1808624,Thái Nguyên
SH1812330,Hải Phòng
SH1812638,Hải Phòng
SH1812880,Đà Lạt
SH1813207,Long An
SH1814704,Đồng Nai
SH1814896,Long An
SH1815148,Buôn Ma Thuột
SH1815567,Hà Nội
SH1817490,Đồng Nai
SH1818034,Bình Dương
SH1819381,Bình Dương
SH1819627,Quy Nhơn
SH1819663,Quy Nhơn
SH1820610,Quy Nhơn
SH1821298,Long An
SH1821327,Vũng Tàu
SH1821413,Quy Nhơn
SH1822257,Tiền Giang
SH1822825,Đà Lạt
SH1824858,An Giang
SH1826250,Tiền Giang
SH1826413,An Giang
SH1827040,Vũng Tàu
SH1827389,Thái Nguyên
SH1831016,Hà Nội
SH1831294,TP.HCM
SH1832585,Cần Thơ
SH1833191,Kiên Giang
SH1833773,Bình Dương
SH1833822,Pleiku
SH1835187,Đồng Nai
SH1835621,Tiền Giang
SH1835847,Huế
SH1836164,Hà Nội
SH1837493,Hà Nội
SH1837597,Bến Tre
SH1837741,Nam Định
SH1838804,Quảng Ninh
SH1840173,Buôn Ma Thuột
SH1840925,Kiên Giang
SH1841783,Vinh
SH1845374,Đà Nẵng
SH1845458,Hải Phòng
SH1845871,Bình Dương
SH1846429,Hà Nội
SH1847211,Đà Nẵng
SH1848731,Pleiku
SH1849537,Vinh
SH1851844,Nam Định
SH1852264,Long An
SH1852295,Đồng Nai
SH1853212,Kiên Giang
SH1853425,TP.HCM
SH1855654,Nha Trang
SH1857526,Đà Lạt
SH1858921,Cần Thơ
SH1860847,Nha Trang
SH1861002,Nam Định
SH1863083,Bình Dương
SH1863950,Pleiku
SH1864361,Vinh
SH1865076,Bình Dương
SH1865385,Cần Thơ
SH1869144,Kiên Giang
SH1869559,Đà Lạt
SH1871401,Huế
SH1871707,Vinh
SH1872176,Nha Trang
SH1872177,Đồng Nai
SH1872391,Huế
SH1872786,Nam Định
SH1872836,Long An
SH1873083,TP.HCM
SH1874073,Đà Nẵng
SH1874398,Tiền Giang
SH1875154,Đà Lạt
SH1876395,Đà Lạt
SH1879382,Hải Phòng
SH1880248,Bến Tre
SH1881916,Đà Nẵng
SH1889459,Quy Nhơn
SH1889936,Kiên Giang
SH1890539,Quảng Ninh
SH1892659,Bến Tre
SH1894765,Quy Nhơn
SH1897661,Đà Lạt
SH1898452,Đà Nẵng
SH1898516,Huế
SH1898541,Vũng Tàu
SH1901645,Long An
SH1901788,Bình Dương
SH1901838,Vinh
SH1902313,Vũng Tàu
SH1902314,Pleiku
SH1902489,Đà Lạt
SH1902651,Quy Nhơn
SH1904717,Huế
SH1905442,Vũng Tàu
SH1906610,Pleiku
SH1908038,Bến Tre
SH1908116,Hải Phòng
SH1908668,Cần Thơ
SH1908841,Kiên Giang
SH1908956,Buôn Ma Thuột
SH1911061,Bến Tre
SH1912429,Tiền Giang
SH1912484,Pleiku
SH1915141,Thái Nguyên
SH1917357,Buôn Ma Thuột
SH1918727,An Giang
SH1919585,Pleiku
SH1919627,Bình Dương
SH1920570,Bến Tre
SH1924685,Hải Phòng
SH1926499,Hải Phòng
SH1927615,TP.HCM
SH1930815,Đà Lạt
SH1932171,Buôn Ma Thuột
SH1932739,Hải Phòng
SH1933135,TP.HCM
SH1935741,Hải Phòng
SH1935880,Huế
SH1935938,Đồng Nai
SH1936211,Đà Nẵng
SH1936781,Long An
SH1936819,Đà Lạt
SH1937396,Tiền Giang
SH1937407,Vũng Tàu
SH1938047,Đà Nẵng
SH1938894,Vinh
SH1939836,An Giang
SH1939897,Nha Trang
SH1941043,Thái Nguyên
SH1943269,TP.HCM
SH1944260,Tiền Giang
SH1944480,TP.HCM
SH1945973,Huế
SH1949008,Thái Nguyên
SH1953257,Đà Nẵng
SH1953692,Bến Tre
SH1954291,Thái Nguyên
SH1955619,Bến Tre
SH1956609,Vinh
SH1957514,Đà Lạt
SH1957543,Đà Lạt
SH1957962,Tiền Giang
SH1959393,An Giang
SH1961232,Pleiku
SH1961549,Tiền Giang
SH1964519,Long An
SH1964918,Vũng Tàu
SH1967224,An Giang
SH1968122,Long An
SH1969270,Buôn Ma Thuột
SH1971271,Thái Nguyên
SH1971410,Pleiku
SH1973306,Quy Nhơn
SH1975229,An Giang
SH1975973,Buôn Ma Thuột
SH1976642,Hải Phòng
SH1979022,Nam Định
SH1980525,Nam Định
SH1981068,Long An
SH1982251,Kiên Giang
SH1982702,Quy Nhơn
SH1982849,Bến Tre
SH1982913,Vinh
SH1983115,Đồng Nai
SH1983940,Tiền Giang
SH1985629,Nam Định
SH1985840,Đà Lạt
SH1987974,Đà Lạt
SH1989763,Nam Định
SH1992488,Bến Tre
SH1994305,Quy Nhơn
SH1995794,Thái Nguyên
SH1996326,Tiền Giang
SH1998197,Bến Tre
SH1998317,Bến Tre
SH1998397,Tiền Giang
SH2000789,Nam Định
SH2002860,Thái Nguyên
SH2003453,Đà Lạt
SH2003980,Kiên Giang
SH2004617,TP.HCM
SH2005085,Hà Nội
SH2005900,TP.HCM
SH2008884,Đồng Nai
SH2009708,Nam Định
SH2011048,Bình Dương
SH2012566,Kiên Giang
SH2015861,Huế
SH2018380,Long An
SH2019538,TP.HCM
SH2020095,Huế
SH2021141,Cần Thơ
SH2022698,Hải Phòng
SH2022730,Pleiku
SH2026553,Quảng Ninh
SH2026789,Đà Lạt
SH2027269,Thái Nguyên
SH2030400,Đà Nẵng
SH2032394,Hà Nội
SH2033804,Bình Dương
SH2034085,Thái Nguyên
SH2035117,Đà Lạt
SH2035170,Tiền Giang
SH2035212,Đà Lạt
SH2037086,Quy Nhơn
SH2041175,An Giang
SH2041392,Thái Nguyên
SH2044906,Buôn Ma Thuột
SH2045024,Quy Nhơn
SH2047377,Thái Nguyên
SH2047979,Tiền Giang
SH2053729,Đà Lạt
SH2056142,TP.HCM
SH2057136,Quy Nhơn
SH2057139,Bình Dương
SH2057860,TP.HCM
SH2058645,Hà Nội
SH2059147,Huế
SH2060295,Nha Trang
SH2061460,Đà Nẵng
SH2062174,Nam Định
SH2063628,Cần Thơ
SH2064889,Nam Định
SH2065738,Vinh
SH2065817,Bến Tre
SH2066723,Long An
SH2067513,Đà Nẵng
SH2067859,Kiên Giang
SH2070749,Thái Nguyên
SH2071414,Kiên Giang
SH2071418,Đà Lạt
SH2071693,Thái Nguyên
SH2079947,Quy Nhơn
SH2080897,Bình Dương
SH2080914,Long An
SH2082559,TP.HCM
SH2084168,Nha Trang
SH2084532,Pleiku
SH2086312,Vũng Tàu
SH2086368,Nha Trang
SH2086777,Nam Định
SH2086937,Long An
SH2088389,Đồng Nai
SH2089275,Thái Nguyên
SH2089741,Vũng Tàu
SH2089823,Long An
SH2091491,Long An
SH2091897,Buôn Ma Thuột
SH2093263,TP.HCM
SH2098434,Kiên Giang
SH2098911,Nam Định
SH2100417,Đồng Nai
SH2101048,Vũng Tàu
SH2101185,Nha Trang
SH2101808,Hải Phòng
SH2109269,Vũng Tàu
SH2110819,Hải Phòng
SH2111028,Hải Phòng
SH2112175,Kiên Giang
SH2113213,Kiên Giang
SH2113837,Kiên Giang
SH2116368,Bình Dương
SH2117325,Quy Nhơn
SH2118635,Thái Nguyên
SH2118894,Quy Nhơn
SH2121034,Tiền Giang
SH2122205,Long An
SH2122681,Đà Nẵng
SH2123516,Nha Trang
SH2123634,Long An
SH2124104,Đà Lạt
SH2124274,Pleiku
SH2125011,Vinh
SH2125874,Huế
SH2126482,Nha Trang
SH2126585,Vinh
SH2129335,Long An
SH2129728,Long An
SH2129844,Vũng Tàu
SH2131603,Quy Nhơn
SH2133208,Huế
SH2134464,Hải Phòng
SH2135541,Thái Nguyên
SH2136149,Vinh
SH2137485,Đà Nẵng
SH2138100,Buôn Ma Thuột
SH2138348,Đà Lạt
SH2138360,Tiền Giang
SH2138616,Hà Nội
SH2140599,Buôn Ma Thuột
SH2142813,Kiên Giang
SH2145697,Pleiku
SH2149176,Pleiku
SH2150365,Long An
SH2150638,Pleiku
SH2151225,Kiên Giang
SH2151716,Vinh
SH2152756,Đà Lạt
SH2154992,Đồng Nai
SH2156961,Kiên Giang
SH2157949,Đà Lạt
SH2160823,Pleiku
SH2160826,Huế
SH2161062,Quảng Ninh
SH2162105,TP.HCM
SH2165010,Vinh
SH2165255,TP.HCM
SH2165369,TP.HCM
SH2166102,Thái Nguyên
SH2166327,Long An
SH2167580,Đà Nẵng
SH2168064,Long An
SH2169844,Đà Nẵng
SH2171603,Kiên Giang
SH2172433,TP.HCM
SH2173006,Quảng Ninh
SH2174816,Pleiku
SH2175582,Kiên Giang
SH2176937,Long An
SH2178890,Thái Nguyên
SH2179102,Pleiku
SH2182480,Đồng Nai
SH2182736,Vũng Tàu
SH2183684,Đà Nẵng
SH2184628,Đồng Nai
SH2184696,TP.HCM
SH2186125,Bến Tre
SH2188167,Quy Nhơn
SH2189907,Pleiku
SH2190263,Đồng Nai
SH2191242,Kiên Giang
SH2191374,Kiên Giang
SH2193206,Kiên Giang
SH2196690,Quảng Ninh
SH2196967,Vinh
SH2197664,Nha Trang
SH2198780,Hà Nội
SH2199617,Cần Thơ
SH2201556,Long An
SH2203321,Đà Nẵng
SH2203724,Quảng Ninh
SH2205276,Hà Nội
SH2205527,Huế
SH2207374,Tiền Giang
SH2208687,Buôn Ma Thuột
SH2208802,Đồng Nai
SH2210751,Nam Định
SH2211733,Kiên Giang
SH2217490,Đà Nẵng
SH2217830,Đà Lạt
SH2219028,Thái Nguyên
SH2221854,Kiên Giang
SH2222395,An Giang
SH2222991,Buôn Ma Thuột
SH2223386,Quy Nhơn
SH2223457,Đà Lạt
SH2224669,An Giang
SH2225651,Nam Định
SH2228027,Vinh
SH2229359,An Giang
SH2229943,Pleiku
SH2231020,Bình Dương
SH2234000,Bình Dương
SH2236275,Bến Tre
SH2237660,An Giang
SH2239574,Cần Thơ
SH2239596,Huế
SH2242111,Bình Dương
SH2244282,Tiền Giang
SH2244415,Pleiku
SH2244712,Vũng Tàu
SH2246659,An Giang
SH2247057,Tiền Giang
SH2247353,Quy Nhơn
SH2247391,Buôn Ma Thuột
SH2248786,Pleiku
SH2249274,Vũng Tàu
SH2249382,Đà Nẵng
SH2249513,An Giang
SH2249674,Buôn Ma Thuột
SH2250064,Nam Định
SH2250434,Vinh
SH2250986,Kiên Giang
SH2251915,Bình Dương
SH2254084,Quy Nhơn
SH2254551,Vinh
SH2255549,An Giang
SH2255891,Đà Lạt
SH2257605,Huế
SH2258262,Cần Thơ
SH2259303,Vũng Tàu
SH2259332,Buôn Ma Thuột
SH2260988,Hải Phòng
SH2261002,Vũng Tàu
SH2261173,Đồng Nai
SH2261524,Huế
SH2262112,An Giang
SH2262586,Bến Tre
SH2274041,Vinh
SH2276248,Vũng Tàu
SH2276313,Đồng Nai
SH2278697,An Giang
SH2280048,Hải Phòng
SH2281267,Thái Nguyên
SH2282728,Huế
SH2285024,Đà Lạt
SH2286849,Quảng Ninh
SH2288937,Kiên Giang
SH2289086,Huế
SH2289171,An Giang
SH2289534,Quy Nhơn
SH2291416,Hà Nội
SH2292516,Bình Dương
SH2293403,Pleiku
SH2293992,Vinh
SH2294596,Bình Dương
SH2294615,Nam Định
SH2298331,Đà Lạt
SH2300536,Nha Trang
SH2300810,Đồng Nai
SH2304420,Đồng Nai
SH2305318,Bình Dương
SH2306317,Cần Thơ
SH2307829,Bến Tre
SH2308844,Vũng Tàu
SH2312044,Nha Trang
SH2315207,Nha Trang
SH2315738,Buôn Ma Thuột
SH2315815,Cần Thơ
SH2316185,Kiên Giang
SH2316802,Tiền Giang
SH2317582,Quảng Ninh
SH2320323,Nha Trang
SH2320971,Đà Lạt
SH2322696,Quy Nhơn
SH2322824,Hải Phòng
SH2323761,Hải Phòng
SH2325893,Vũng Tàu
SH2327617,An Giang
SH2328642,Tiền Giang
SH2329328,Buôn Ma Thuột
SH2329504,Huế
SH2331049,TP.HCM
SH2332311,Kiên Giang
SH2332825,Vũng Tàu
SH2334419,Quảng Ninh
SH2334796,An Giang
SH2335055,Nam Định
SH2335582,TP.HCM
SH2340992,Bình Dương
SH2341310,Bến Tre
SH2343481,An Giang
SH2343763,Đà Lạt
SH2345077,Buôn Ma Thuột
SH2345154,Quy Nhơn
SH2346321,Long An
SH2346370,Pleiku
SH2350621,Kiên Giang
SH2352974,Tiền Giang
SH2354996,Nam Định
SH2355077,Đồng Nai
SH2355772,Kiên Giang
SH2356931,Đà Lạt
SH2358013,Tiền Giang
SH2358129,Long An
SH2359759,Vũng Tàu
SH2360022,Huế
SH2360121,Tiền Giang
SH2360342,Bến Tre
SH2361565,Bến Tre
SH2361914,Đà Nẵng
SH2362277,Thái Nguyên
SH2363690,Buôn Ma Thuột
SH2364330,Long An
SH2366722,Buôn Ma Thuột
SH2367132,Quảng Ninh
SH2370247,Đà Nẵng
SH2370529,Vũng Tàu
SH2370851,Bến Tre
SH2371667,Hà Nội
SH2372974,Nha Trang
SH2373845,Quảng Ninh
SH2374365,Đà Nẵng
SH2375290,Thái Nguyên
SH2375453,Cần Thơ
SH2375683,Vũng Tàu
SH2375726,Đà Nẵng
SH2382256,Đà Lạt
SH2383336,Vinh
SH2385991,Quảng Ninh
SH2386047,Vinh
SH2386127,Buôn Ma Thuột
SH2386282,Cần Thơ
SH2387142,Bình Dương
SH2387391,Vũng Tàu
SH2388317,Đồng Nai
SH2388433,Huế
SH2389365,Buôn Ma Thuột
SH2390234,Vinh
SH2392690,Quảng Ninh
SH2396415,Nha Trang
SH2396638,Pleiku
SH2397006,Quảng Ninh
SH2399014,Hà Nội
SH2400311,Hà Nội
SH2402709,Quảng Ninh
SH2402766,Huế
SH2403142,Kiên Giang
SH2403922,TP.HCM
SH2404057,Tiền Giang
SH2404386,Thái Nguyên
SH2404730,Buôn Ma Thuột
SH2404995,Bến Tre
SH2405840,Đồng Nai
SH2407748,Buôn Ma Thuột
SH2408652,An Giang
SH2410568,TP.HCM
SH2414508,Đồng Nai
SH2414808,Đà Nẵng
SH2417020,TP.HCM
SH2417232,An Giang
SH2417992,Đồng Nai
SH2418404,Bến Tre
SH2419846,Pleiku
SH2421349,Đồng Nai
SH2423010,Quảng Ninh
SH2423837,Quy Nhơn
SH2424356,Bình Dương
SH2424735,Bình Dương
SH2424936,Vũng Tàu
SH2425326,Hà Nội
SH2425342,Thái Nguyên
SH2425479,Đà Lạt
SH2425760,Vinh
SH2425801,Long An
SH2426162,Đồng Nai
SH2428614,An Giang
SH2430216,Long An
SH2430612,TP.HCM
SH2434696,Cần Thơ
SH2435321,Nha Trang
SH2436128,Pleiku
SH2437026,Quảng Ninh
SH2438025,Vinh
SH2438094,Thái Nguyên
SH2438456,Thái Nguyên
SH2439727,Hải Phòng
SH2442367,Nha Trang
SH2444148,Nha Trang
SH2444410,Vũng Tàu
SH2446750,Long An
SH2448060,Cần Thơ
SH2448081,Bến Tre
SH2449920,Đồng Nai
SH2449957,Đà Nẵng
SH2451288,Quy Nhơn
SH2451909,Kiên Giang
SH2451923,TP.HCM
SH2454624,Quảng Ninh
SH2455399,Đà Lạt
SH2456454,Quy Nhơn
SH2457010,Đà Nẵng
SH2457615,Kiên Giang
SH2458649,Long An
SH2458953,Nam Định
SH2459426,Long An
SH2459729,Cần Thơ
SH2459833,Pleiku
SH2461618,Hà Nội
SH2462235,Đồng Nai
SH2462431,Vũng Tàu
SH2463693,Tiền Giang
SH2463709,Thái Nguyên
SH2466111,Hà Nội
SH2466434,Vinh
SH2469295,TP.HCM
SH2469445,Tiền Giang
SH2469501,Hải Phòng
SH2469840,Quy Nhơn
SH2470058,Vũng Tàu
SH2470805,Hà Nội
SH2471018,Huế
SH2475212,Quy Nhơn
SH2476653,Long An
SH2477673,Pleiku
SH2477750,Đồng Nai
SH2480282,Bình Dương
SH2481041,Bình Dương
SH2481471,Quảng Ninh
SH2482766,Hà Nội
SH2483883,Kiên Giang
SH2484123,Tiền Giang
SH2486967,Quảng Ninh
SH2487689,Tiền Giang
SH2488309,Vinh
SH2489435,Hải Phòng
SH2489849,Kiên Giang
SH2491048,Cần Thơ
SH2492527,Kiên Giang
SH2493111,Huế
SH2493219,Cần Thơ
SH2493479,Long An
SH2496140,Nam Định
SH2496186,Tiền Giang
SH2497018,Bến Tre
SH2498456,Tiền Giang
SH2500416,Bến Tre
SH2500901,Vinh
SH2500981,Hải Phòng
SH2502649,Quy Nhơn
SH2503425,Kiên Giang
SH2504225,Tiền Giang
SH2506474,Buôn Ma Thuột
SH2507449,Long An
SH2508228,Đà Lạt
SH2509796,Quảng Ninh
SH2512732,Pleiku
SH2513225,Đà Nẵng
SH2514619,Nha Trang
SH2514920,Vinh
SH2515453,Buôn Ma Thuột
SH2516726,An Giang
SH2520785,Nam Định
SH2521948,TP.HCM
SH2522188,Tiền Giang
SH2523591,Bến Tre
SH2524974,An Giang
SH2528212,Đà Lạt
SH2528869,Quảng Ninh
SH2528934,Tiền Giang
SH2530298,Bình Dương
SH2532162,Đồng Nai
SH2533209,Hà Nội
SH2533486,Nha Trang
SH2535398,Pleiku
SH2536829,Thái Nguyên
SH2539438,Huế
SH2539513,Hà Nội
SH2540137,Nha Trang
SH2542236,Kiên Giang
SH2542997,Pleiku
SH2543109,Vũng Tàu
SH2545911,Nam Định
SH2547851,Buôn Ma Thuột
SH2548789,Bến Tre
SH2549202,Đà Nẵng
SH2550351,Hà Nội
SH2550417,Cần Thơ
SH2552200,Huế
SH2554794,Huế
SH2554904,Hải Phòng
SH2556359,Quảng Ninh
SH2556423,Nam Định
SH2556516,Bến Tre
SH2556841,Bến Tre
SH2557354,Nha Trang
SH2559402,Buôn Ma Thuột
SH2561359,TP.HCM
SH2562037,An Giang
SH2562657,Vũng Tàu
SH2562858,Huế
SH2563790,Nam Định
SH2565010,Cần Thơ
SH2565420,Đà Nẵng
SH2566764,Bến Tre
SH2567140,Buôn Ma Thuột
SH2567533,Bến Tre
SH2568625,Đồng Nai
SH2568722,Vũng Tàu
SH2569938,Đà Lạt
SH2570291,Thái Nguyên
SH2571232,Vinh
SH2572322,Kiên Giang
SH2573623,Kiên Giang
SH2573851,Đà Lạt
SH2577439,Bình Dương
SH2577526,Hà Nội
SH2578264,Long An
SH2578739,Thái Nguyên
SH2579163,Pleiku
SH2581206,Vinh
SH2585394,Đà Lạt
SH2585504,Bình Dương
SH2585775,Cần Thơ
SH2587478,Vinh
SH2589483,Bình Dương
SH2590151,Hà Nội
SH2591255,Đà Lạt
SH2592532,Bình Dương
SH2593146,Tiền Giang
SH2595184,Cần Thơ
SH2596988,Vinh
SH2597481,Hải Phòng
SH2599142,Bình Dương
SH2599906,Hải Phòng
SH2601856,Nha Trang
SH2603125,Đà Lạt
SH2605210,Đà Lạt
SH2606578,Vinh
SH2608162,Nam Định
SH2609202,Cần Thơ
SH2609440,Nam Định
SH2610232,Pleiku
SH2610881,Đà Lạt
SH2613678,Đồng Nai
SH2614602,Nha Trang
SH2615622,An Giang
SH2615625,Hải Phòng
SH2616421,Kiên Giang
SH2619672,Huế
SH2622400,Bình Dương
SH2623835,Cần Thơ
SH2624447,Nha Trang
SH2625726,Pleiku
SH2626819,Hải Phòng
SH2628628,TP.HCM
SH2629498,Bến Tre
SH2629693,Bình Dương
SH2629867,Hà Nội
SH2631452,Pleiku
SH2632397,Vinh
SH2632493,TP.HCM
SH2632827,Đồng Nai
SH2634871,Vũng Tàu
SH2637387,Đồng Nai
SH2638595,Pleiku
SH2638895,Quảng Ninh
SH2639351,Buôn Ma Thuột
SH2639564,Nam Định
SH2642065,Thái Nguyên
SH2643448,Kiên Giang
SH2643732,Vinh
SH2645052,Pleiku
SH2645611,Long An
SH2645738,Quy Nhơn
SH2646766,Tiền Giang
SH2647239,Kiên Giang
SH2649864,Hải Phòng
SH2652229,Cần Thơ
SH2653329,Nam Định
SH2653502,Bình Dương
SH2654187,Buôn Ma Thuột
SH2654470,An Giang
SH2655201,Bến Tre
SH2656171,Huế
SH2660439,Quy Nhơn
SH2661888,Đồng Nai
SH2662338,Kiên Giang
SH2663361,Bình Dương
SH2664822,Vũng Tàu
SH2664863,Huế
SH2665880,Bình Dương
SH2665967,Vinh
SH2668660,Quy Nhơn
SH2670101,Cần Thơ
SH2671913,Bình Dương
SH2672528,Đồng Nai
SH2672870,An Giang
SH2673965,Đồng Nai
SH2674504,An Giang
SH2674678,Tiền Giang
SH2674810,Quy Nhơn
SH2675527,Quảng Ninh
SH2675543,Bình Dương
SH2675580,Pleiku
SH2676269,Tiền Giang
SH2676290,Buôn Ma Thuột
SH2677373,Tiền Giang
SH2677407,Huế
SH2678051,Đà Lạt
SH2678642,Quảng Ninh
SH2679778,Nam Định
SH2679975,Vinh
SH2683918,Nha Trang
SH2684884,Bình Dương
SH2685403,Vinh
SH2685518,Đà Nẵng
SH2685833,TP.HCM
SH2686022,Tiền Giang
SH2686231,Bến Tre
SH2690268,An Giang
SH2690376,Đà Nẵng
SH2691567,Kiên Giang
SH2691886,Pleiku
SH2694100,Nha Trang
SH2694421,Hải Phòng
SH2696557,Quảng Ninh
SH2696651,Tiền Giang
SH2697154,Đà Nẵng
SH2698297,Đồng Nai
SH2698554,Quảng Ninh
SH2698997,Vinh
SH2699161,Tiền Giang
SH2699372,Kiên Giang
SH2699533,Long An
SH2703151,Tiền Giang
SH2703343,Nam Định
SH2705514,Đà Nẵng
SH2706851,Nha Trang
SH2710850,Thái Nguyên
SH2711121,Vũng Tàu
SH2712355,Nam Định
SH2713338,Đồng Nai
SH2714070,Huế
SH2714746,Pleiku
SH2715469,Pleiku
SH2716130,Đà Lạt
SH2716504,An Giang
SH2717063,Buôn Ma Thuột
SH2717147,Buôn Ma Thuột
SH2719583,Pleiku
SH2719601,Đồng Nai
SH2722135,Hà Nội
SH2725315,Tiền Giang
SH2726662,An Giang
SH2726751,Bình Dương
SH2726899,Thái Nguyên
SH2729683,TP.HCM
SH2731464,Nam Định
SH2731726,Kiên Giang
SH2731828,Buôn Ma Thuột
SH2732875,Quảng Ninh
SH2734376,Quy Nhơn
SH2735086,An Giang
SH2735432,Bến Tre
SH2738237,Buôn Ma Thuột
SH2741350,Hà Nội
SH2742095,Bến Tre
SH2742243,Đà Lạt
SH2742939,Hà Nội
SH2744561,Pleiku
SH2744636,Long An
SH2747202,Thái Nguyên
SH2747394,Nha Trang
SH2748618,Kiên Giang
SH2748663,Nam Định
SH2750084,Đà Nẵng
SH2751175,Long An
SH2751710,Tiền Giang
SH2751849,Huế
SH2751953,Bến Tre
SH2753311,Đà Nẵng
SH2759055,Hải Phòng
SH2759945,Đồng Nai
SH2760067,An Giang
SH2760200,Quảng Ninh
SH2764943,Kiên Giang
SH2768504,Nam Định
SH2770378,Thái Nguyên
SH2771823,Đồng Nai
SH2772258,Nam Định
SH2772652,Quy Nhơn
SH2772927,An Giang
SH2772931,Huế
SH2775920,Hải Phòng
SH2776602,Đà Nẵng
SH2776895,Huế
SH2778155,Long An
SH2778176,Vũng Tàu
SH2778577,TP.HCM
SH2780654,Bình Dương
SH2780987,Bến Tre
SH2782408,Cần Thơ
SH2784517,An Giang
SH2784916,An Giang
SH2788506,Nam Định
SH2788584,Hải Phòng
SH2791089,Pleiku
SH2791994,Vũng Tàu
SH2792041,Quy Nhơn
SH2794644,Pleiku
SH2797161,Nha Trang
SH2800206,TP.HCM
SH2800435,Bình Dương
SH2802119,TP.HCM
SH2802583,Bình Dương
SH2803930,TP.HCM
SH2807187,Cần Thơ
SH2808110,Hải Phòng
SH2808532,Đồng Nai
SH2812228,Buôn Ma Thuột
SH2812492,Vinh
SH2814314,Huế
SH2815126,Quảng Ninh
SH2816131,Cần Thơ
SH2817434,Pleiku
SH2817810,Đà Lạt
SH2820783,Nam Định
SH2822168,Hà Nội
SH2824114,Vinh
SH2824919,Đà Lạt
SH2826251,Nha Trang
SH2830278,Nam Định
SH2831167,Nha Trang
SH2831995,Đà Nẵng
SH2832811,Đồng Nai
SH2833332,Hà Nội
SH2835886,Hà Nội
SH2837351,Quy Nhơn
SH2841028,Bến Tre
SH2843416,Đà Nẵng
SH2843426,Hải Phòng
SH2844139,Đồng Nai
SH2848975,Vũng Tàu
SH2851446,Hà Nội
SH2852877,Pleiku
SH2853750,Buôn Ma Thuột
SH2855074,Hải Phòng
SH2856661,Hải Phòng
SH2858484,Hà Nội
SH2859994,Pleiku
SH2860164,Quy Nhơn
SH2860368,Hà Nội
SH2861588,Pleiku
SH2861658,Thái Nguyên
SH2861919,Long An
SH2862929,Hải Phòng
SH2863712,Hải Phòng
SH2866355,Long An
SH2867651,Tiền Giang
SH2867709,Huế
SH2868688,Cần Thơ
SH2869539,Pleiku
SH2871551,Hải Phòng
SH2872664,Cần Thơ
SH2873198,Đà Lạt
SH2874068,Vũng Tàu
SH2874387,Đà Lạt
SH2875419,Bình Dương
SH2877034,Pleiku
SH2877649,An Giang
SH2880198,Đà Nẵng
SH2880577,Bình Dương
SH2882551,Pleiku
SH2882928,Hải Phòng
SH2884180,Hải Phòng
SH2884626,Kiên Giang
SH2885212,Nha Trang
SH2887529,TP.HCM
SH2889999,Pleiku
SH2893169,Vinh
SH2893323,Hà Nội
SH2894109,Huế
SH2894814,Vũng Tàu
SH2895176,Long An
SH2897507,Tiền Giang
SH2899911,Hải Phòng
SH2903697,Tiền Giang
SH2907096,Long An
SH2911898,Nha Trang
SH2912044,Quảng Ninh
SH2912087,Nam Định
SH2912144,Bến Tre
SH2915129,Quy Nhơn
SH2917861,Bình Dương
SH2918984,Đà Lạt
SH2920040,Quảng Ninh
SH2921352,Hà Nội
SH2921542,Đà Nẵng
SH2921689,Kiên Giang
SH2921859,Pleiku
SH2923967,Bến Tre
SH2928826,Cần Thơ
SH2929135,Đà Nẵng
SH2930081,Cần Thơ
SH2930745,TP.HCM
SH2931538,TP.HCM
SH2931889,Hà Nội
SH2931921,Đà Lạt
SH2932023,Buôn Ma Thuột
SH2933937,Vinh
SH2934976,Buôn Ma Thuột
SH2935186,Pleiku
SH2935210,Thái Nguyên
SH2936236,Nam Định
SH2936374,Vũng Tàu
SH2936672,Nha Trang
SH2939032,An Giang
SH2941474,Thái Nguyên
SH2944053,Long An
SH2945379,Buôn Ma Thuột
SH2946018,Đồng Nai
SH2948884,Hà Nội
SH2948986,Hà Nội
SH2949434,Quảng Ninh
SH2950013,Đồng Nai
SH2950183,Bến Tre
SH2950547,Đà Nẵng
SH2952338,Long An
SH2954439,Cần Thơ
SH2955671,Quảng Ninh
SH2957879,Đà Lạt
SH2960320,Bến Tre
SH2962397,Huế
SH2962480,Vinh
SH2962934,Đồng Nai
SH2963284,Thái Nguyên
SH2965397,Bình Dương
SH2965470,Buôn Ma Thuột
SH2968629,Quy Nhơn
SH2970130,Quảng Ninh
SH2971062,An Giang
SH2972044,Bến Tre
SH2973832,Đà Nẵng
SH2973851,Buôn Ma Thuột
SH2973996,Buôn Ma Thuột
SH2974711,Đà Lạt
SH2975230,Long An
SH2976045,Kiên Giang
SH2977453,Đà Lạt
SH2977669,Vũng Tàu
SH2978786,Quảng Ninh
SH2979107,Long An
SH2979436,Đà Nẵng
SH2984160,Nha Trang
SH2984618,Buôn Ma Thuột
SH2985251,Long An
SH2986014,Đồng Nai
SH2986047,Thái Nguyên
SH2987312,Đà Lạt
SH2990842,Đồng Nai
SH2990897,Hà Nội
SH2991456,Bến Tre
SH2992138,Vinh
SH2992563,Long An
SH2996745,TP.HCM
SH2996833,Vũng Tàu
SH2996942,Bình Dương
SH2998738,TP.HCM
SH2999730,Hải Phòng
SH3002861,Đà Nẵng
SH3002962,Đồng Nai
SH3006090,Long An
SH3007231,Quảng Ninh
SH3007345,Vũng Tàu
SH3008349,Đà Nẵng
SH3009969,Nha Trang
SH3012881,An Giang
SH3012984,Đồng Nai
SH3014560,TP.HCM
SH3014932,Pleiku
SH3017338,Thái Nguyên
SH3017414,Pleiku
SH3017994,Vũng Tàu
SH3019619,Đà Nẵng
SH3021076,Vinh
SH3022334,Vinh
SH3022364,Buôn Ma Thuột
SH3024725,Huế
SH3025115,Bến Tre
SH3025651,Huế
SH3025718,Pleiku
SH3027565,An Giang
SH3030966,Cần Thơ
SH3031137,Quy Nhơn
SH3031270,Cần Thơ
SH3032010,Thái Nguyên
SH3032688,Kiên Giang
SH3034448,Long An
SH3036059,Vũng Tàu
SH3036971,An Giang
SH3037191,Kiên Giang
SH3037439,Hà Nội
SH3042986,Quy Nhơn
SH3043098,Vũng Tàu
SH3043149,Đồng Nai
SH3043939,Buôn Ma Thuột
SH3044259,Buôn Ma Thuột
SH3045053,Quảng Ninh
SH3047042,Vũng Tàu
SH3047685,Tiền Giang
SH3047807,Quảng Ninh
SH3048575,Đà Lạt
SH3048736,Nha Trang
SH3049189,Vũng Tàu
SH3049921,Cần Thơ
SH3050044,Buôn Ma Thuột
SH3050208,Vinh
SH3051464,TP.HCM
SH3053134,Quảng Ninh
SH3055260,Quy Nhơn
SH3056200,Hà Nội
SH3057272,Đồng Nai
SH3058008,Cần Thơ
SH3062313,Cần Thơ
SH3062630,Thái Nguyên
SH3065246,Huế
SH3065345,Cần Thơ
SH3065413,Quảng Ninh
SH3067274,Vũng Tàu
SH3067693,TP.HCM
SH3068564,Nha Trang
SH3069162,Kiên Giang
SH3070862,Huế
SH3071361,Nha Trang
SH3071950,Thái Nguyên
SH3074710,Quy Nhơn
SH3075233,Nam Định
SH3076249,TP.HCM
SH3078240,Hà Nội
SH3078241,Vinh
SH3081873,Huế
SH3082334,An Giang
SH3082677,Pleiku
SH3083658,Thái Nguyên
SH3084832,Vinh
SH3085220,Tiền Giang
SH3085515,Tiền Giang
SH3085674,Buôn Ma Thuột
SH3085954,Vinh
SH3086053,Kiên Giang
SH3086548,Đà Lạt
SH3086604,Nam Định
SH3086704,An Giang
SH3088644,Đà Lạt
SH3090590,Đà Lạt
SH3091268,Đà Nẵng
SH3091564,Thái Nguyên
SH3092406,Bình Dương
SH3092948,Vũng Tàu
SH3094047,Long An
SH3095676,Nha Trang
SH3097207,Quy Nhơn
SH3097499,Hải Phòng
SH3097809,Hà Nội
SH3099574,Pleiku
SH3100009,An Giang
SH3100205,Hải Phòng
SH3101602,Pleiku
SH3102292,Huế
SH3103442,Nha Trang
SH3106134,Đà Lạt
SH3106197,Huế
SH3109184,Kiên Giang
SH3115310,Vũng Tàu
SH3115585,Cần Thơ
SH3116927,Nha Trang
SH3119085,An Giang
SH3122471,Tiền Giang
SH3125026,Tiền Giang
SH3128830,Thái Nguyên
SH3129523,Hải Phòng
SH3130343,Buôn Ma Thuột
SH3131460,Long An
SH3131697,Huế
SH3132017,Hà Nội
SH3133971,Bình Dương
SH3135299,Đà Lạt
SH3136181,Buôn Ma Thuột
SH3138440,Buôn Ma Thuột
SH3139046,Long An
SH3139713,Đà Nẵng
SH3139897,Bình Dương
SH3140161,Nha Trang
SH3141078,Quy Nhơn
SH3142714,Đà Nẵng
SH3144978,Bình Dương
SH3145028,Huế
SH3147879,Đà Nẵng
SH3148303,Nam Định
SH3151610,Long An
SH3153282,Hà Nội
SH3153509,Quy Nhơn
SH3153928,Tiền Giang
SH3155957,Tiền Giang
SH3156305,Nam Định
SH3157462,Tiền Giang
SH3157474,Đà Lạt
SH3158135,Huế
SH3158737,TP.HCM
SH3159470,Thái Nguyên
SH3160312,Buôn Ma Thuột
SH3161704,Bến Tre
SH3162462,Đà Nẵng
SH3162630,Long An
SH3163099,Buôn Ma Thuột
SH3163996,Buôn Ma Thuột
SH3164813,Hải Phòng
SH3165750,Đà Nẵng
SH3167069,Buôn Ma Thuột
SH3169300,Vũng Tàu
SH3169334,Bình Dương
SH3169632,Hải Phòng
SH3171957,Buôn Ma Thuột
SH3172754,Pleiku
SH3172959,Bình Dương
SH3173815,Bến Tre
SH3177810,Thái Nguyên
SH3179028,Hải Phòng
SH3179290,Quy Nhơn
SH3179930,Vũng Tàu
SH3180839,An Giang
SH3181313,Long An
SH3181520,Bình Dương
SH3182395,TP.HCM
SH3184185,Bình Dương
SH3186550,An Giang
SH3187332,Đà Lạt
SH3189251,Đà Nẵng
SH3190036,Nha Trang
SH3190940,Kiên Giang
SH3192634,TP.HCM
SH3192890,Tiền Giang
SH3194272,Huế
SH3195026,Cần Thơ
SH3198490,Pleiku
SH3199188,Quảng Ninh
SH3202126,Hải Phòng
SH3202904,Đồng Nai
SH3207715,Đà Lạt
SH3207907,TP.HCM
SH3208458,Hà Nội
SH3209208,Buôn Ma Thuột
SH3209515,Nam Định
SH3211698,TP.HCM
SH3211779,Cần Thơ
SH3212485,Hà Nội
SH3212752,Pleiku
SH3213840,Thái Nguyên
SH3217273,Bình Dương
SH3217627,An Giang
SH3217967,Pleiku
SH3218526,Thái Nguyên
SH3219164,An Giang
SH3219200,Nha Trang
SH3221223,An Giang
SH3223098,Long An
SH3223316,Vũng Tàu
SH3224951,Hải Phòng
SH3225423,Quy Nhơn
SH3225585,Kiên Giang
SH3226653,Vũng Tàu
SH3227318,TP.HCM
SH3228175,Buôn Ma Thuột
SH3231198,Bình Dương
SH3233681,Đà Lạt
SH3234621,Buôn Ma Thuột
SH3234973,Đồng Nai
SH3236718,Hải Phòng
SH3236952,Hải Phòng
SH3239912,Pleiku
SH3240852,Tiền Giang
SH3242414,Vũng Tàu
SH3243123,Thái Nguyên
SH3245604,Đà Lạt
SH3246423,Nam Định
SH3247172,Đà Nẵng
SH3248873,Vũng Tàu
SH3249897,Vũng Tàu
SH3251528,Tiền Giang
SH3252405,Bến Tre
SH3252923,Quảng Ninh
SH3253741,Vinh
SH3254948,Kiên Giang
SH3256479,Long An
SH3256787,Huế
SH3257862,Quảng Ninh
SH3258353,Hải Phòng
SH3259346,Kiên Giang
SH3263414,Long An
SH3267199,TP.HCM
SH3267912,Bến Tre
SH3268441,Hải Phòng
SH3268584,Đà Nẵng
SH3268809,Nam Định
SH3268971,Tiền Giang
SH3270069,TP.HCM
SH3270109,Tiền Giang
SH3272177,Hà Nội
SH3273723,Long An
SH3274016,Bình Dương
SH3275826,Buôn Ma Thuột
SH3275964,Thái Nguyên
SH3276910,Quy Nhơn
SH3276949,Pleiku
SH3277024,Huế
SH3277202,Vinh
SH3277572,Kiên Giang
SH3278320,Nha Trang
SH3278556,Đà Lạt
SH3280748,Bình Dương
SH3280779,Quy Nhơn
SH3283061,Hà Nội
SH3284457,Hải Phòng
SH3284923,Vũng Tàu
SH3284932,Cần Thơ
SH3285489,Nam Định
SH3285853,Đồng Nai
SH3286582,Nam Định
SH3286658,Kiên Giang
SH3287623,Vinh
SH3288346,Cần Thơ
SH3293494,Hải Phòng
SH3293630,Pleiku
SH3297254,Đồng Nai
SH3300272,Bình Dương
SH3302417,Nha Trang
SH3302852,Đồng Nai
SH3306683,Bến Tre
SH3308575,An Giang
SH3310140,Đồng Nai
SH3311285,Nam Định
SH3311667,Hải Phòng
SH3311922,Bến Tre
SH3313072,Nam Định
SH3313573,TP.HCM
SH3313772,Quy Nhơn
SH3315209,Pleiku
SH3316042,Tiền Giang
SH3316968,Đà Lạt
SH3319489,Huế
SH3319495,Nha Trang
SH3321873,Đà Nẵng
SH3322104,Cần Thơ
SH3326880,Pleiku
SH3327790,Buôn Ma Thuột
SH3328554,Đà Lạt
SH3329735,Nam Định
SH3336732,Đà Lạt
SH3337057,Vinh
SH3338462,Huế
SH3338618,Quảng Ninh
SH3340792,Pleiku
SH3341257,Đồng Nai
SH3343048,Đà Lạt
SH3343303,Cần Thơ
SH3345284,Kiên Giang
SH3348114,Đà Lạt
SH3349800,Vinh
SH3350701,Hà Nội
SH3351107,Quảng Ninh
SH3352197,Bến Tre
SH3356313,Cần Thơ
SH3356983,Bình Dương
SH3358208,Cần Thơ
SH3359000,Bến Tre
SH3359064,Hà Nội
SH3360771,Quảng Ninh
SH3361180,Vinh
SH3361601,Pleiku
SH3361901,Vũng Tàu
SH3363734,Thái Nguyên
SH3363821,Tiền Giang
SH3364066,Long An
SH3366658,Kiên Giang
SH3367892,Tiền Giang
SH3368783,Nam Định
SH3369464,Hà Nội
SH3370656,Cần Thơ
SH3371355,Thái Nguyên
SH3371602,Long An
SH3374513,Thái Nguyên
SH3375327,Hải Phòng
SH3376507,Kiên Giang
SH3376537,Buôn Ma Thuột
SH3377099,Tiền Giang
SH3377819,Vinh
SH3380326,Cần Thơ
SH3382577,Huế
SH3382994,Hải Phòng
SH3384327,Long An
SH3384438,Nha Trang
SH3386328,Bình Dương
SH3387063,An Giang
SH3388133,An Giang
SH3389242,Đà Lạt
SH3392875,Nha Trang
SH3393028,An Giang
SH3393373,Bến Tre
SH3393804,Huế
SH3394312,Đà Nẵng
SH3395719,Quy Nhơn
SH3396078,Đà Nẵng
SH3396368,Long An
SH3396676,Cần Thơ
SH3397048,Bến Tre
SH3397279,Quảng Ninh
SH3397637,Cần Thơ
SH3401705,Bến Tre
SH3401850,Cần Thơ
SH3402309,An Giang
SH3404372,Long An
SH3407905,Vinh
SH3410015,Bình Dương
SH3411346,Nam Định
SH3412081,Quảng Ninh
SH3413781,Long An
SH3414221,Cần Thơ
SH3415014,Quảng Ninh
SH3415472,TP.HCM
SH3416225,Huế
SH3416289,Kiên Giang
SH3417133,Bến Tre
SH3417186,Kiên Giang
SH3418432,Kiên Giang
SH3419969,Đồng Nai
SH3422611,TP.HCM
SH3422763,TP.HCM
SH3422826,Đà Lạt
SH3423170,Thái Nguyên
SH3423445,Vũng Tàu
SH3427531,Bình Dương
SH3428420,Huế
SH3428462,Quy Nhơn
SH3429140,Cần Thơ
SH3429724,Huế
SH3432681,Kiên Giang
SH3434125,Huế
SH3434301,Cần Thơ
SH3435279,Quảng Ninh
SH3436166,Nam Định
SH3436633,Đà Lạt
SH3437414,Hải Phòng
SH3438025,Kiên Giang
SH3438687,Cần Thơ
SH3438977,Tiền Giang
SH3442255,Long An
SH3443467,Quảng Ninh
SH3444270,Kiên Giang
SH3447725,TP.HCM
SH3448055,Bình Dương
SH3448514,Quy Nhơn
SH3449521,Vinh
SH3452038,Đà Nẵng
SH3452756,Long An
SH3452982,An Giang
SH3453468,Nha Trang
SH3457722,Đà Lạt
SH3459638,Quảng Ninh
SH3460003,Tiền Giang
SH3460153,Bến Tre
SH3462001,An Giang
SH3463019,Hà Nội
SH3465107,Nam Định
SH3467652,Buôn Ma Thuột
SH3468197,Pleiku
SH3468450,Thái Nguyên
SH3469105,Cần Thơ
SH3470288,Long An
SH3474414,TP.HCM
SH3477463,Nha Trang
SH3477824,Thái Nguyên
SH3478986,Bình Dương
SH3480045,Quảng Ninh
SH3481086,Vũng Tàu
SH3482342,Huế
SH3484601,Hải Phòng
SH3487555,Nam Định
SH3487789,Đà Nẵng
SH3488342,Huế
SH3488425,Thái Nguyên
SH3488634,Quảng Ninh
SH3490769,Hà Nội
SH3492573,Long An
SH3493299,Bến Tre
SH3496387,Đồng Nai
SH3498812,Đồng Nai
SH3499627,Thái Nguyên
SH3501420,TP.HCM
SH3502581,Long An
SH3503192,Bình Dương
SH3503367,Vinh
SH3503456,Đà Nẵng
SH3503994,Đà Nẵng
SH3504296,Thái Nguyên
SH3504700,Đồng Nai
SH3505468,Bến Tre
SH3506246,Hà Nội
SH3507382,Vinh
SH3507839,Đà Lạt
SH3508174,Bến Tre
SH3510061,Pleiku
SH3511322,Kiên Giang
SH3512415,Pleiku
SH3513078,Thái Nguyên
SH3513552,Bình Dương
SH3513725,Hà Nội
SH3513749,Long An
SH3517835,Kiên Giang
SH3518002,Hải Phòng
SH3522845,Cần Thơ
SH3523183,Buôn Ma Thuột
SH3523247,Hà Nội
SH3526003,Long An
SH3527698,Huế
SH3527828,Thái Nguyên
SH3528325,Nha Trang
SH3528827,An Giang
SH3529125,Quảng Ninh
SH3533488,Cần Thơ
SH3533709,Thái Nguyên
SH3535074,An Giang
SH3537801,Tiền Giang
SH3539041,Buôn Ma Thuột
SH3539636,An Giang
SH3539667,Thái Nguyên
SH3540116,Cần Thơ
SH3542507,Cần Thơ
SH3542799,Kiên Giang
SH3543040,Kiên Giang
SH3543606,Nam Định
SH3544205,Cần Thơ
SH3544396,Vinh
SH3544843,Vũng Tàu
SH3548215,Kiên Giang
SH3549937,Buôn Ma Thuột
SH3551903,Hải Phòng
SH3553925,Quy Nhơn
SH3554438,Cần Thơ
SH3555929,Đà Nẵng
SH3556957,TP.HCM
SH3557449,Huế
SH3559706,Pleiku
SH3562495,An Giang
SH3565615,Đà Lạt
SH3566765,Buôn Ma Thuột
SH3567729,Bến Tre
SH3569548,Bình Dương
SH3569617,Buôn Ma Thuột
SH3569857,Hải Phòng
SH3570027,An Giang
SH3573901,Quy Nhơn
SH3574952,Đà Lạt
SH3575047,Nam Định
SH3575441,Nha Trang
SH3575791,Đồng Nai
SH3576306,Quy Nhơn
SH3578153,Pleiku
SH3578194,Huế
SH3578673,Thái Nguyên
SH3579750,Quy Nhơn
SH3580163,Vinh
SH3581014,Huế
SH3581058,Đà Lạt
SH3581318,Vũng Tàu
SH3582270,Thái Nguyên
SH3584329,Cần Thơ
SH3585589,Đà Lạt
SH3585627,Quảng Ninh
SH3585897,TP.HCM
SH3585930,An Giang
SH3586532,Đà Nẵng
SH3586622,Đồng Nai
SH3586700,Bến Tre
SH3587621,Hà Nội
SH3587917,Nha Trang
SH3588336,TP.HCM
SH3588439,Tiền Giang
SH3589358,Vũng Tàu
SH3589815,Vũng Tàu
SH3590801,Long An
SH3592071,Quy Nhơn
SH3593123,Nha Trang
SH3594882,Nha Trang
SH3594951,Cần Thơ
SH3595862,Long An
SH3596185,Hải Phòng
SH3597886,Bình Dương
SH3600333,Quảng Ninh
SH3601089,Bến Tre
SH3601349,Đà Nẵng
SH3604540,Hà Nội
SH3607356,Vũng Tàu
SH3608321,Cần Thơ
SH3608728,Đà Nẵng
SH3609965,Hải Phòng
SH3610866,Cần Thơ
SH3611063,Quy Nhơn
SH3612040,An Giang
SH3612232,Huế
SH3614824,Cần Thơ
SH3615226,Quảng Ninh
SH3616132,Quy Nhơn
SH3616534,Bến Tre
SH3618679,Vũng Tàu
SH3618852,Bình Dương
SH3620107,Đà Lạt
SH3620544,Long An
SH3621405,Đà Nẵng
SH3621766,Bình Dương
SH3622338,Kiên Giang
SH3622448,Bến Tre
SH3623491,Hà Nội
SH3624319,Nam Định
SH3624399,Bình Dương
SH3624423,Buôn Ma Thuột
SH3625266,Huế
SH3625818,Bến Tre
SH3625954,Nha Trang
SH3626181,Vũng Tàu
SH3630379,Nam Định
SH3630468,Kiên Giang
SH3630678,Quảng Ninh
SH3631108,Đà Nẵng
SH3631910,Đà Lạt
SH3633108,Hà Nội
SH3633390,Bến Tre
SH3634111,Tiền Giang
SH3634193,TP.HCM
SH3637534,Bình Dương
SH3639760,Hà Nội
SH3644409,Nha Trang
SH3646552,Pleiku
SH3647418,Cần Thơ
SH3647493,Long An
SH3647534,Hải Phòng
SH3647904,Vũng Tàu
SH3647964,Đà Lạt
SH3649811,Đà Lạt
SH3650636,Đà Lạt
SH3651604,Pleiku
SH3652447,Cần Thơ
SH3653244,Nha Trang
SH3653760,An Giang
SH3655504,Kiên Giang
SH3656814,Tiền Giang
SH3656930,TP.HCM
SH3658243,Nam Định
SH3658543,Pleiku
SH3660840,Tiền Giang
SH3662793,Long An
SH3663146,TP.HCM
SH3663703,Bình Dương
SH3663876,Buôn Ma Thuột
SH3665701,Vinh
SH3666156,Long An
SH3666440,TP.HCM
SH3666472,TP.HCM
SH3666514,Huế
SH3667022,Buôn Ma Thuột
SH3667220,Pleiku
SH3667419,An Giang
SH3667697,Cần Thơ
SH3668559,Thái Nguyên
SH3669548,Đồng Nai
SH3669613,Buôn Ma Thuột
SH3670110,Nha Trang
SH3670217,TP.HCM
SH3671053,Quy Nhơn
SH3671224,TP.HCM
SH3671536,Đà Nẵng
SH3674757,Cần Thơ
SH3675681,Thái Nguyên
SH3675751,Bình Dương
SH3676031,Vũng Tàu
SH3678466,Long An
SH3678638,TP.HCM
SH3681096,Long An
SH3682061,An Giang
SH3682075,Bến Tre
SH3682694,Hải Phòng
SH3682903,Buôn Ma Thuột
SH3683911,An Giang
SH3686124,Thái Nguyên
SH3686324,Cần Thơ
SH3686753,Đà Nẵng
SH3687155,Bến Tre
SH3687227,Vinh
SH3688598,Vinh
SH3688786,Nam Định
SH3690114,Buôn Ma Thuột
SH3692043,Vũng Tàu
SH3693317,Pleiku
SH3693705,An Giang
SH3694370,Nam Định
SH3695764,Hà Nội
SH3696585,Đồng Nai
SH3696717,Buôn Ma Thuột
SH3698512,Hà Nội
SH3699179,Huế
SH3699257,Nam Định
SH3699752,Bến Tre
SH3699938,Quy Nhơn
SH3701014,Long An
SH3705014,TP.HCM
SH3706061,Thái Nguyên
SH3706755,An Giang
SH3706779,Buôn Ma Thuột
SH3707281,Hà Nội
SH3707365,Nha Trang
SH3708302,Quảng Ninh
SH3709721,Vũng Tàu
SH3709865,Vũng Tàu
SH3710352,Hải Phòng
SH3710627,Hải Phòng
SH3711456,Bến Tre
SH3711462,Đà Lạt
SH3712051,Hải Phòng
SH3712737,Hà Nội
SH3713273,Long An
SH3714471,Buôn Ma Thuột
SH3717471,Hải Phòng
SH3717833,Kiên Giang
SH3718341,Nha Trang
SH3719729,An Giang
SH3719991,Bến Tre
SH3720640,Tiền Giang
SH3721158,Hải Phòng
SH3721719,Quảng Ninh
SH3723493,Vinh
SH3724162,Buôn Ma Thuột
SH3724268,Thái Nguyên
SH3724721,Quy Nhơn
SH3725382,Tiền Giang
SH3726327,Đà Nẵng
SH3726425,Vinh
SH3726986,Hà Nội
SH3728725,Pleiku
SH3730673,An Giang
SH3731154,TP.HCM
SH3731440,Vũng Tàu
SH3733001,Bình Dương
SH3735428,Tiền Giang
SH3736201,Tiền Giang
SH3737297,Bến Tre
SH3737845,An Giang
SH3738588,Long An
SH3738798,Huế
SH3740147,Huế
SH3740150,Kiên Giang
SH3740376,An Giang
SH3740542,Huế
SH3740598,Thái Nguyên
SH3740885,Pleiku
SH3743303,Quy Nhơn
SH3743794,Buôn Ma Thuột
SH3744403,Quảng Ninh
SH3746051,Vinh
SH3746334,Kiên Giang
SH3749908,Nha Trang
SH3750775,Hải Phòng
SH3751054,Vũng Tàu
SH3752086,Vũng Tàu
SH3755362,Long An
SH3756096,TP.HCM
SH3756401,Nam Định
SH3757794,Hải Phòng
SH3757814,Pleiku
SH3758732,An Giang
SH3758751,Thái Nguyên
SH3761308,Cần Thơ
SH3761930,Buôn Ma Thuột
SH3761979,Quy Nhơn
SH3762900,Kiên Giang
SH3763470,An Giang
SH3764040,Hà Nội
SH3764318,Bến Tre
SH3764732,Đồng Nai
SH3766121,Vũng Tàu
SH3767605,Quảng Ninh
SH3768991,Thái Nguyên
SH3769232,Đồng Nai
SH3769345,Cần Thơ
SH3770138,Quảng Ninh
SH3770463,Bình Dương
SH3771126,Đồng Nai
SH3772557,Đà Lạt
SH3773979,Tiền Giang
SH3776007,Đồng Nai
SH3777860,Quy Nhơn
SH3778404,Buôn Ma Thuột
SH3779093,Hải Phòng
SH3779198,Đà Lạt
SH3779844,Đồng Nai
SH3782003,Hải Phòng
SH3782061,Nha Trang
SH3782239,Cần Thơ
SH3782393,Thái Nguyên
SH3783829,Bến Tre
SH3783903,Hải Phòng
SH3784969,Cần Thơ
SH3786712,Huế
SH3788447,Nha Trang
SH3788542,Bình Dương
SH3791492,Hà Nội
SH3791582,Đà Nẵng
SH3792369,TP.HCM
SH3792713,Cần Thơ
SH3793032,Đà Nẵng
SH3794447,Vũng Tàu
SH3794477,Bình Dương
SH3795540,Bình Dương
SH3798207,Quy Nhơn
SH3798886,Vinh
SH3799179,Đà Lạt
SH3799477,Nam Định
SH3799531,Đồng Nai
SH3800518,Quy Nhơn
SH3801766,Đồng Nai
SH3802428,Bến Tre
SH3805274,Long An
SH3806405,Thái Nguyên
SH3806907,Nam Định
SH3807033,Cần Thơ
SH3807132,Hà Nội
SH3807694,Đồng Nai
SH3808649,Đà Nẵng
SH3809601,Đà Lạt
SH3809849,Cần Thơ
SH3810081,Đồng Nai
SH3810310,Đà Lạt
SH3810320,An Giang
SH3810620,Hà Nội
SH3811643,Đà Nẵng
SH3813192,Đà Nẵng
SH3814007,TP.HCM
SH3814324,Nha Trang
SH3815291,Đồng Nai
SH3815529,Vũng Tàu
SH3816607,Hải Phòng
SH3816672,Huế
SH3817144,Long An
SH3817316,Đà Nẵng
SH3817334,Huế
SH3819072,Bến Tre
SH3819106,Tiền Giang
SH3821189,Đà Nẵng
SH3822199,Thái Nguyên
SH3822593,Vinh
SH3823299,Huế
SH3823521,Quy Nhơn
SH3825056,An Giang
SH3826036,Đồng Nai
SH3826867,Nha Trang
SH3829301,Vinh
SH3829896,Nha Trang
SH3831396,Kiên Giang
SH3831402,Buôn Ma Thuột
SH3831541,Đà Nẵng
SH3834436,Thái Nguyên
SH3836678,Tiền Giang
SH3839070,Huế
SH3839702,Buôn Ma Thuột
SH3843741,An Giang
SH3847148,Quảng Ninh
SH3848458,Bình Dương
SH3851493,Bình Dương
SH3854940,Pleiku
SH3859793,Kiên Giang
SH3860089,Cần Thơ
SH3860717,An Giang
SH3861727,Vinh
SH3862327,Tiền Giang
SH3863692,Quảng Ninh
SH3865574,Bình Dương
SH3865701,Pleiku
SH3867496,Cần Thơ
SH3869166,Long An
SH3870511,Hà Nội
SH3873072,Đồng Nai
SH3873313,Tiền Giang
SH3873661,Hải Phòng
SH3875316,Nam Định
SH3876733,Long An
SH3877565,Huế
SH3877641,Đà Nẵng
SH3880263,Thái Nguyên
SH3881241,Vũng Tàu
SH3881944,An Giang
SH3884191,Long An
SH3884389,Vũng Tàu
SH3886814,Đồng Nai
SH3889293,An Giang
SH3891095,Vũng Tàu
SH3893723,An Giang
SH3893776,Quy Nhơn
SH3893887,Pleiku
SH3894822,Hải Phòng
SH3895328,Hà Nội
SH3895425,Vũng Tàu
SH3898403,Đồng Nai
SH3898962,Hà Nội
SH3900531,Buôn Ma Thuột
SH3900818,Buôn Ma Thuột
SH3901086,Hải Phòng
SH3903287,Đà Nẵng
SH3904701,Huế
SH3906397,Đà Lạt
SH3907918,Tiền Giang
SH3908064,Hải Phòng
SH3908207,Đồng Nai
SH3908477,Hải Phòng
SH3909431,Nha Trang
SH3911243,Đồng Nai
SH3911408,Tiền Giang
SH3911866,Bình Dương
SH3913368,Thái Nguyên
SH3916847,Đồng Nai
SH3918267,Tiền Giang
SH3919694,Nha Trang
SH3920762,Buôn Ma Thuột
SH3921984,Nha Trang
SH3923131,Cần Thơ
SH3924090,Đồng Nai
SH3924139,Buôn Ma Thuột
SH3924441,Pleiku
SH3927103,Bến Tre
SH3927545,An Giang
SH3927602,Pleiku
SH3928275,Nha Trang
SH3928445,Hải Phòng
SH3928532,Cần Thơ
SH3929534,Thái Nguyên
SH3930205,TP.HCM
SH3931009,Nha Trang
SH3932663,Nam Định
SH3933134,Nam Định
SH3934441,Đồng Nai
SH3936149,Quảng Ninh
SH3939932,Nam Định
SH3940683,Vinh
SH3943128,Tiền Giang
SH3944538,Quy Nhơn
SH3944885,Thái Nguyên
SH3947827,Vinh
SH3948632,Quy Nhơn
SH3949116,Thái Nguyên
SH3949245,Hải Phòng
SH3949614,Tiền Giang
SH3951648,Nam Định
SH3951804,An Giang
SH3951809,Tiền Giang
SH3952620,Hải Phòng
SH3955265,TP.HCM
SH3956857,Đà Nẵng
SH3958801,Quảng Ninh
SH3962560,Long An
SH3963416,An Giang
SH3964766,Cần Thơ
SH3964973,Huế
SH3965194,Hải Phòng
SH3970974,Bình Dương
SH3972109,Buôn Ma Thuột
SH3972390,Vinh
SH3973019,TP.HCM
SH3974790,Buôn Ma Thuột
SH3975443,Đồng Nai
SH3976521,Thái Nguyên
SH3977736,Nha Trang
SH3978208,Quảng Ninh
SH3978858,Huế
SH3983232,Huế
SH3983710,Tiền Giang
SH3984141,Vinh
SH3984802,Bến Tre
SH3984843,Đồng Nai
SH3985261,Cần Thơ
SH3986212,Pleiku
SH3986905,Buôn Ma Thuột
SH3988031,Nam Định
SH3989102,Nam Định
SH3991066,Cần Thơ
SH3991546,Đà Lạt
SH3994301,Hải Phòng
SH3995428,Đà Nẵng
SH3997343,Hải Phòng
SH3997703,Kiên Giang
SH3999773,Hải Phòng
SH4001841,Thái Nguyên
SH4002836,Cần Thơ
SH4003780,Long An
SH4006460,Vinh
SH4006751,Bình Dương
SH4008803,Thái Nguyên
SH4009366,Buôn Ma Thuột
SH4011480,Hà Nội
SH4013728,TP.HCM
SH4017046,Đồng Nai
SH4018040,Cần Thơ
SH4018484,Hà Nội
SH4021241,Nha Trang
SH4024255,Kiên Giang
SH4025767,Nam Định
SH4026721,Hà Nội
SH4027624,An Giang
SH4029442,Quảng Ninh
SH4031259,An Giang
SH4031355,Nam Định
SH4032710,Đà Lạt
SH4033474,Hải Phòng
SH4034533,Quảng Ninh
SH4035544,Bến Tre
SH4035787,Vũng Tàu
SH4038296,Kiên Giang
SH4038461,Đà Nẵng
SH4039834,Cần Thơ
SH4040670,Đà Lạt
SH4040742,Bình Dương
SH4041915,Vinh
SH4042571,Vũng Tàu
SH4046988,Nam Định
SH4048110,Vinh
SH4049729,Bến Tre
SH4049917,Cần Thơ
SH4052535,Quảng Ninh
SH4053370,TP.HCM
SH4054488,Cần Thơ
SH4055989,TP.HCM
SH4058052,TP.HCM
SH4058117,Quảng Ninh
SH4058136,Quảng Ninh
SH4058567,Huế
SH4058930,Hải Phòng
SH4059235,Thái Nguyên
SH4061501,Bình Dương
SH4062782,Đồng Nai
SH4063199,Buôn Ma Thuột
SH4063287,Buôn Ma Thuột
SH4064184,Quy Nhơn
SH4064453,Nam Định
SH4064824,Tiền Giang
SH4065326,Vũng Tàu
SH4065824,Thái Nguyên
SH4066057,Buôn Ma Thuột
SH4069064,Hải Phòng
SH4070487,Bến Tre
SH4070746,Bến Tre
SH4071550,TP.HCM
SH4074873,Nha Trang
SH4075057,Đà Nẵng
SH4076474,Long An
SH4077319,Hải Phòng
SH4077335,Đà Nẵng
SH4078929,Vũng Tàu
SH4079292,Hải Phòng
SH4080123,Đà Lạt
SH4083015,Nam Định
SH4084262,Kiên Giang
SH4085739,Buôn Ma Thuột
SH4086368,Đà Nẵng
SH4087165,Đà Lạt
SH4087244,Nam Định
SH4088269,Huế
SH4090149,Hà Nội
SH4092557,Huế
SH4093012,Cần Thơ
SH4093038,Bình Dương
SH4093525,Vinh
SH4094587,Tiền Giang
SH4096792,Đà Nẵng
SH4098520,Đà Nẵng
SH4101482,Hà Nội
SH4101936,Bến Tre
SH4105251,An Giang
SH4106084,Vinh
SH4110064,Kiên Giang
SH4110845,Nam Định
SH4113226,Thái Nguyên
SH4114486,Quy Nhơn
SH4115342,Kiên Giang
SH4115619,Bến Tre
SH4115755,Tiền Giang
SH4116272,Long An
SH4117269,Kiên Giang
SH4117533,Vũng Tàu
SH4117625,Quảng Ninh
SH4117736,Pleiku
SH4118973,Vũng Tàu
SH4120277,Nha Trang
SH4120731,Hải Phòng
SH4121790,Buôn Ma Thuột
SH4122380,Buôn Ma Thuột
SH4123258,Vũng Tàu
SH4123785,Huế
SH4124198,An Giang
SH4126399,Đồng Nai
SH4126469,Long An
SH4127671,Đà Nẵng
SH4128255,Bình Dương
SH4128472,Vũng Tàu
SH4130061,TP.HCM
SH4130299,Hải Phòng
SH4130342,Quy Nhơn
SH4131388,Cần Thơ
SH4131618,Tiền Giang
SH4132103,Đà Lạt
SH4132734,Quảng Ninh
SH4132898,Vũng Tàu
SH4133354,Quy Nhơn
SH4133961,Hà Nội
SH4134725,Quy Nhơn
SH4135173,Thái Nguyên
SH4137782,Đà Nẵng
SH4139098,Nha Trang
SH4140666,Pleiku
SH4143578,Nha Trang
SH4143804,Nam Định
SH4146255,Vũng Tàu
SH4146456,Đồng Nai
SH4146566,Vinh
SH4147796,Vinh
SH4147850,Quảng Ninh
SH4148654,Nam Định
SH4149609,TP.HCM
SH4150658,Thái Nguyên
SH4151542,Bến Tre
SH4151929,Hải Phòng
SH4153002,Đà Nẵng
SH4153461,Bình Dương
SH4154776,Quảng Ninh
SH4155006,Nam Định
SH4155287,Vũng Tàu
SH4156854,Quy Nhơn
SH4158134,Đà Lạt
SH4160272,Cần Thơ
SH4161109,Pleiku
SH4161264,Đồng Nai
SH4162319,An Giang
SH4164310,Vũng Tàu
SH4164842,Cần Thơ
SH4164963,Nha Trang
SH4167297,Bến Tre
SH4167928,Đà Nẵng
SH4168506,Hà Nội
SH4168658,Hà Nội
SH4170489,Bến Tre
SH4170968,Nha Trang
SH4171701,Buôn Ma Thuột
SH4171911,Vinh
SH4172475,Đà Nẵng
SH4173372,Kiên Giang
SH4173395,Vinh
SH4175169,Vũng Tàu
SH4176646,Nha Trang
SH4178686,Huế
SH4180314,Vũng Tàu
SH4180949,An Giang
SH4184031,Cần Thơ
SH4184884,Bình Dương
SH4185548,Vũng Tàu
SH4186100,Quy Nhơn
SH4186247,Bến Tre
SH4187422,Thái Nguyên
SH4189885,Tiền Giang
SH4190313,Buôn Ma Thuột
SH4191222,Đà Lạt
SH4192759,Đà Nẵng
SH4193974,Vinh
SH4196618,Pleiku
SH4196639,Kiên Giang
SH4200355,Nam Định
SH4200639,Bến Tre
SH4202560,Tiền Giang
SH4203192,TP.HCM
SH4204501,Đồng Nai
SH4204629,Hải Phòng
SH4205892,Thái Nguyên
SH4207437,Quy Nhơn
SH4208725,Vũng Tàu
SH4208857,Vũng Tàu
SH4208967,Huế
SH4211770,Đà Nẵng
SH4215710,Quảng Ninh
SH4216496,TP.HCM
SH4218731,Nha Trang
SH4218852,Buôn Ma Thuột
SH4219121,Hà Nội
SH4224205,Tiền Giang
SH4226318,Buôn Ma Thuột
SH4227894,TP.HCM
SH4229821,Quảng Ninh
SH4229997,Tiền Giang
SH4230057,Quy Nhơn
SH4230654,Thái Nguyên
SH4230948,Pleiku
SH4231751,Cần Thơ
SH4232534,Thái Nguyên
SH4233066,Nam Định
SH4233244,Bến Tre
SH4236109,Quảng Ninh
SH4237572,Đà Lạt
SH4237849,Vinh
SH4238594,Vũng Tàu
SH4238912,Huế
SH4240746,Nha Trang
SH4241330,Tiền Giang
SH4242553,Kiên Giang
SH4243122,Hà Nội
SH4243471,Hà Nội
SH4244314,Hải Phòng
SH4244358,Vũng Tàu
SH4244575,Huế
SH4246928,Pleiku
SH4248715,Huế
SH4248757,Vinh
SH4249389,Bến Tre
SH4249747,Bến Tre
SH4255940,Vinh
SH4257839,Hà Nội
SH4258608,Quy Nhơn
SH4258658,Bến Tre
SH4259690,Pleiku
SH4261199,Vinh
SH4261550,Hà Nội
SH4263287,Huế
SH4263930,Vũng Tàu
SH4264201,Nha Trang
SH4266746,Bình Dương
SH4269688,Nha Trang
SH4270602,Buôn Ma Thuột
SH4270865,Nha Trang
SH4272220,Hà Nội
SH4273782,Hà Nội
SH4274222,Đồng Nai
SH4275448,Đà Nẵng
SH4276121,Bình Dương
SH4276568,Hà Nội
SH4278387,Kiên Giang
SH4278491,Đà Nẵng
SH4278644,Pleiku
SH4279429,Đà Lạt
SH4279510,Nha Trang
SH4282766,Đà Nẵng
SH4283164,Bến Tre
SH4285178,TP.HCM
SH4285472,Quảng Ninh
SH4285957,Đà Lạt
SH4288660,Vũng Tàu
SH4291026,Kiên Giang
SH4291298,Quảng Ninh
SH4293573,Hà Nội
SH4294621,An Giang
SH4294932,Đà Lạt
SH4299848,Quảng Ninh
SH4300652,Quảng Ninh
SH4304688,Quy Nhơn
SH4305595,Kiên Giang
SH4305700,Quảng Ninh
SH4306098,Bình Dương
SH4306809,Cần Thơ
SH4306896,Long An
SH4307323,TP.HCM
SH4308825,Tiền Giang
SH4310073,Quảng Ninh
SH4311458,Buôn Ma Thuột
SH4312137,Nam Định
SH4315734,Pleiku
SH4316248,Huế
SH4316925,Cần Thơ
SH4318928,Vũng Tàu
SH4320375,Huế
SH4320590,Quảng Ninh
SH4321723,Thái Nguyên
SH4327421,Bến Tre
SH4331212,Hà Nội
SH4331283,Tiền Giang
SH4332504,Cần Thơ
SH4334151,Thái Nguyên
SH4334883,Hà Nội
SH4335729,Vũng Tàu
SH4337345,Vinh
SH4338417,Bến Tre
SH4342298,Đà Lạt
SH4344757,Quy Nhơn
SH4345703,Vũng Tàu
SH4346346,Buôn Ma Thuột
SH4346962,Đà Nẵng
SH4347166,Long An
SH4350278,Thái Nguyên
SH4351841,Nha Trang
SH4353703,Huế
SH4353806,Đà Nẵng
SH4355347,Vũng Tàu
SH4355432,Tiền Giang
SH4355853,Bình Dương
SH4356588,Quảng Ninh
SH4356908,Đà Lạt
SH4358481,Kiên Giang
SH4360587,Tiền Giang
SH4360746,Thái Nguyên
SH4362793,Bình Dương
SH4366315,Thái Nguyên
SH4368897,Nha Trang
SH4369728,Đà Nẵng
SH4370328,Bến Tre
SH4370929,Quảng Ninh
SH4371081,Thái Nguyên
SH4371563,Buôn Ma Thuột
SH4373270,Bình Dương
SH4375409,Nha Trang
SH4375746,Quy Nhơn
SH4377359,Bình Dương
SH4378948,Đà Lạt
SH4378985,Hà Nội
SH4381142,Pleiku
SH4384055,Đà Lạt
SH4384399,Hải Phòng
SH4386928,Thái Nguyên
SH4387982,Thái Nguyên
SH4388875,Vũng Tàu
SH4390316,Huế
SH4390767,Bến Tre
SH4393114,Nam Định
SH4393295,Tiền Giang
SH4394202,Nha Trang
SH4398191,Bến Tre
SH4398391,TP.HCM
SH4399598,Bình Dương
SH4401274,Cần Thơ
SH4402156,Huế
SH4404201,Quảng Ninh
SH4405319,Tiền Giang
SH4405484,Bến Tre
SH4406482,Đà Nẵng
SH4406890,Huế
SH4407913,Long An
SH4408751,Đà Lạt
SH4409424,An Giang
SH4410904,Bình Dương
SH4410943,Nha Trang
SH4411176,Vinh
SH4411604,Cần Thơ
SH4412123,TP.HCM
SH4412247,Nha Trang
SH4414674,An Giang
SH4414838,Huế
SH4416606,Vũng Tàu
SH4417412,Pleiku
SH4418885,Quy Nhơn
SH4419865,Nha Trang
SH4420763,Bình Dương
SH4422298,Hà Nội
SH4423255,Bình Dương
SH4425804,Đồng Nai
SH4426466,TP.HCM
SH4426540,Đồng Nai
SH4426599,Hải Phòng
SH4427662,Pleiku
SH4428385,Quảng Ninh
SH4431161,Vinh
SH4431419,Tiền Giang
SH4432210,Thái Nguyên
SH4434062,Bình Dương
SH4434115,Thái Nguyên
SH4434507,TP.HCM
SH4436840,Cần Thơ
SH4437489,Nam Định
SH4438988,An Giang
SH4441027,Hải Phòng
SH4441038,Đà Nẵng
SH4441570,An Giang
SH4444390,Kiên Giang
SH4447799,TP.HCM
SH4448378,Quy Nhơn
SH4451163,Huế
SH4451592,An Giang
SH4452379,Hải Phòng
SH4452394,Buôn Ma Thuột
SH4454281,Quảng Ninh
SH4456150,Pleiku
SH4459323,Đà Lạt
SH4460770,TP.HCM
SH4460803,Nha Trang
SH4464154,Huế
SH4469093,Bình Dương
SH4470776,Quảng Ninh
SH4471949,Bình Dương
SH4472131,Kiên Giang
SH4474885,Đồng Nai
SH4475171,Long An
SH4475340,Quảng Ninh
SH4475491,Long An
SH4475536,Bến Tre
SH4478425,Đà Nẵng
SH4481016,Đồng Nai
SH4483340,Đồng Nai
SH4483449,Nam Định
SH4483978,Nha Trang
SH4485207,Nha Trang
SH4485520,Bình Dương
SH4486442,Bình Dương
SH4487860,Cần Thơ
SH4488260,An Giang
SH4489240,Huế
SH4489565,Hà Nội
SH4489954,Huế
SH4492297,Kiên Giang
SH4492913,Pleiku
SH4494463,Quy Nhơn
SH4495431,TP.HCM
SH4495991,Thái Nguyên
SH4496081,Kiên Giang
SH4496845,An Giang
SH4497271,Long An
SH4498805,Hà Nội
SH4502324,An Giang
SH4502832,An Giang
SH4502954,TP.HCM
SH4503879,Cần Thơ
SH4504154,Tiền Giang
SH4504176,Tiền Giang
SH4504186,Huế
SH4505928,Đà Nẵng
SH4506511,Long An
SH4507293,Nam Định
SH4507886,Kiên Giang
SH4510199,Đà Lạt
SH4513116,Huế
SH4515462,Nha Trang
SH4516117,Nha Trang
SH4518851,Nam Định
SH4519215,Bến Tre
SH4522233,Long An
SH4523842,Buôn Ma Thuột
SH4524729,Buôn Ma Thuột
SH4526360,Bình Dương
SH4526773,Bình Dương
SH4527197,Vinh
SH4528180,Đồng Nai
SH4529699,Đà Nẵng
SH4531145,Hà Nội
SH4531755,Vũng Tàu
SH4531870,Vũng Tàu
SH4532603,Kiên Giang
SH4534635,Quy Nhơn
SH4535032,Bình Dương
SH4536777,Long An
SH4538323,Đà Nẵng
SH4541139,Hà Nội
SH4543054,Đồng Nai
SH4543473,Nam Định
SH4543799,Bình Dương
SH4547011,Hải Phòng
SH4547699,Cần Thơ
SH4548261,Tiền Giang
SH4550264,Thái Nguyên
SH4552199,Vũng Tàu
SH4552207,An Giang
SH4554219,Kiên Giang
SH4554778,Bến Tre
SH4555764,Quảng Ninh
SH4559466,Long An
SH4559613,Kiên Giang
SH4560472,An Giang
SH4560704,Long An
SH4560896,Long An
SH4561243,An Giang
SH4561255,Quy Nhơn
SH4562160,Nha Trang
SH4562316,Huế
SH4562678,Quy Nhơn
SH4563913,Tiền Giang
SH4566389,Hải Phòng
SH4569828,Hà Nội
SH4572819,Long An
SH4574666,TP.HCM
SH4574797,An Giang
SH4574965,Cần Thơ
SH4575673,Đà Lạt
SH4575870,TP.HCM
SH4576301,Đà Lạt
SH4576858,Tiền Giang
SH4576875,Tiền Giang
SH4577436,Cần Thơ
SH4578159,Quy Nhơn
SH4578198,Huế
SH4579252,Đà Lạt
SH4580672,Buôn Ma Thuột
SH4584582,An Giang
SH4585870,Pleiku
SH4586084,Hải Phòng
SH4586632,Huế
SH4590071,Nam Định
SH4590210,Thái Nguyên
SH4590268,TP.HCM
SH4592244,Quy Nhơn
SH4592792,Hà Nội
SH4593100,Đồng Nai
SH4593330,Bình Dương
SH4594303,TP.HCM
SH4595669,Kiên Giang
SH4596066,Buôn Ma Thuột
SH4597745,Bến Tre
SH4598930,Buôn Ma Thuột
SH4599331,Thái Nguyên
SH4600004,Bến Tre
SH4600268,Quy Nhơn
SH4601466,Pleiku
SH4601894,Tiền Giang
SH4602254,Vinh
SH4602737,Quy Nhơn
SH4603936,Thái Nguyên
SH4604147,Thái Nguyên
SH4604390,Quảng Ninh
SH4605302,Quy Nhơn
SH4606763,Vũng Tàu
SH4607488,Vinh
SH4607712,Vũng Tàu
SH4610986,Cần Thơ
SH4614941,Đà Lạt
SH4615365,Đồng Nai
SH4615609,Hải Phòng
SH4615672,Quy Nhơn
SH4616283,An Giang
SH4617370,Đà Nẵng
SH4623062,Vinh
SH4626282,Pleiku
SH4626686,Bến Tre
SH4629446,Pleiku
SH4629948,Nam Định
SH4630379,Thái Nguyên
SH4630654,Hà Nội
SH4631296,Tiền Giang
SH4633129,Buôn Ma Thuột
SH4633348,Nam Định
SH4634210,Bình Dương
SH4636454,Kiên Giang
SH4638089,Thái Nguyên
SH4642197,Tiền Giang
SH4644312,Tiền Giang
SH4644563,TP.HCM
SH4644612,Hà Nội
SH4644707,Vũng Tàu
SH4645905,Đồng Nai
SH4647992,TP.HCM
SH4649178,Hà Nội
SH4649548,Long An
SH4655778,Huế
SH4656067,Pleiku
SH4656231,Đồng Nai
SH4656408,TP.HCM
SH4657567,Nam Định
SH4658293,Quy Nhơn
SH4659331,Kiên Giang
SH4661432,Quảng Ninh
SH4661709,Hải Phòng
SH4661954,Pleiku
SH4663203,Quảng Ninh
SH4664018,Buôn Ma Thuột
SH4664338,Tiền Giang
SH4664866,Kiên Giang
SH4665551,Long An
SH4665598,Nha Trang
SH4666023,Hải Phòng
SH4668256,Quy Nhơn
SH4669305,Bến Tre
SH4669507,Bình Dương
SH4670582,Thái Nguyên
SH4671824,Bình Dương
SH4672640,Pleiku
SH4673269,An Giang
SH4673793,Vinh
SH4674549,Quy Nhơn
SH4674777,Nam Định
SH4674943,Tiền Giang
SH4675766,Kiên Giang
SH4677136,Quy Nhơn
SH4678843,Kiên Giang
SH4680485,Vinh
SH4681354,Cần Thơ
SH4684377,Huế
SH4684950,Vinh
SH4685993,Tiền Giang
SH4686117,Buôn Ma Thuột
SH4688526,Nha Trang
SH4689130,An Giang
SH4694011,Cần Thơ
SH4694096,Bến Tre
SH4694115,TP.HCM
SH4694570,An Giang
SH4695683,Hà Nội
SH4697107,Quảng Ninh
SH4697866,Đồng Nai
SH4699210,Đà Lạt
SH4700025,Quy Nhơn
SH4702106,Cần Thơ
SH4702232,Quảng Ninh
SH4702852,Đà Lạt
SH4703422,Đồng Nai
SH4705229,Thái Nguyên
SH4706786,Đà Nẵng
SH4708255,An Giang
SH4710248,Đà Nẵng
SH4710751,Vũng Tàu
SH4713925,Kiên Giang
SH4714587,Quy Nhơn
SH4718703,Đà Nẵng
SH4719408,Đà Nẵng
SH4727776,Hà Nội
SH4727849,Huế
SH4728326,Nam Định
SH4728927,Pleiku
SH4729429,Vinh
SH4730791,Quảng Ninh
SH4731316,Vũng Tàu
SH4732002,Huế
SH4732633,Đồng Nai
SH4733815,Kiên Giang
SH4734796,Cần Thơ
SH4736280,Quảng Ninh
SH4736479,Kiên Giang
SH4736938,Thái Nguyên
SH4736959,Hải Phòng
SH4737153,Đồng Nai
SH4737250,Long An
SH4737933,Quảng Ninh
SH4739295,Pleiku
SH4739582,Kiên Giang
SH4739830,An Giang
SH4742770,Quảng Ninh
SH4744906,Nha Trang
SH4745730,Nam Định
SH4746820,Nha Trang
SH4747013,TP.HCM
SH4748802,Hà Nội
SH4750764,Vinh
SH4750909,Quy Nhơn
SH4751016,Vũng Tàu
SH4752266,Quảng Ninh
SH4753496,Huế
SH4753645,Tiền Giang
SH4753691,Tiền Giang
SH4754552,Đồng Nai
SH4755261,Đà Lạt
SH4756768,Bến Tre
SH4757489,Cần Thơ
SH4757576,Tiền Giang
SH4757707,Quy Nhơn
SH4759117,Hà Nội
SH4759263,Buôn Ma Thuột
SH4760289,Đồng Nai
SH4761391,Vinh
SH4764064,Vinh
SH4764885,TP.HCM
SH4765929,Đà Nẵng
SH4766214,Đồng Nai
SH4766788,Hải Phòng
SH4767003,Bình Dương
SH4767384,Tiền Giang
SH4768057,Vũng Tàu
SH4768255,Huế
SH4768800,Hà Nội
SH4769080,Long An
SH4769680,Quảng Ninh
SH4771935,Hải Phòng
SH4772284,Nam Định
SH4773320,Long An
SH4773511,Vũng Tàu
SH4773521,Thái Nguyên
SH4773549,Long An
SH4774541,Vinh
SH4774790,Bến Tre
SH4775273,Quảng Ninh
SH4775348,Đồng Nai
SH4775770,Bến Tre
SH4776538,Đà Lạt
SH4776909,Huế
SH4777088,Pleiku
SH4779035,Quảng Ninh
SH4779307,Đồng Nai
SH4779785,TP.HCM
SH4781492,Thái Nguyên
SH4782684,Bình Dương
SH4782826,Đà Nẵng
SH4782896,Kiên Giang
SH4783854,Bình Dương
SH4785697,Huế
SH4788266,Cần Thơ
SH4789409,Bình Dương
SH4789586,Kiên Giang
SH4789853,Vinh
SH4792145,Hà Nội
SH4793217,Pleiku
SH4797474,Long An
SH4798720,Quy Nhơn
SH4799605,An Giang
SH4799708,Buôn Ma Thuột
SH4801418,Long An
SH4803656,Đồng Nai
SH4804674,Bến Tre
SH4804776,TP.HCM
SH4806832,Đà Nẵng
SH4806913,Quy Nhơn
SH4808186,Thái Nguyên
SH4808271,Quy Nhơn
SH4809627,Quy Nhơn
SH4811403,Đà Nẵng
SH4813029,Huế
SH4814129,Đà Nẵng
SH4814257,Đà Lạt
SH4814610,Tiền Giang
SH4814681,Nha Trang
SH4815586,Hà Nội
SH4817755,Quy Nhơn
SH4818006,Nha Trang
SH4819730,Bình Dương
SH4820432,Kiên Giang
SH4821097,Hải Phòng
SH4823830,Huế
SH4824035,Quảng Ninh
SH4824419,Đà Nẵng
SH4824678,Kiên Giang
SH4824723,TP.HCM
SH4827078,Hải Phòng
SH4829721,Huế
SH4830494,Hải Phòng
SH4832119,TP.HCM
SH4833760,Thái Nguyên
SH4833808,Pleiku
SH4835828,Thái Nguyên
SH4835916,Thái Nguyên
SH4835957,Bình Dương
SH4836380,Vũng Tàu
SH4836940,Đà Nẵng
SH4837070,Vũng Tàu
SH4839297,Pleiku
SH4840133,Bình Dương
SH4840752,An Giang
SH4840865,Long An
SH4841091,Nam Định
SH4843178,Vinh
SH4844656,Nam Định
SH4845486,Kiên Giang
SH4846483,Long An
SH4850471,Hà Nội
SH4850836,Bình Dương
SH4850943,Hải Phòng
SH4851410,An Giang
SH4855156,Đồng Nai
SH4855388,Pleiku
SH4856258,Đồng Nai
SH4859756,Nha Trang
SH4860617,Tiền Giang
SH4860662,An Giang
SH4861738,Vũng Tàu
SH4865344,Long An
SH4868835,Đà Nẵng
SH4870352,Hà Nội
SH4873694,Nha Trang
SH4874618,Cần Thơ
SH4875336,Tiền Giang
SH4877872,Bến Tre
SH4879140,Bến Tre
SH4881400,Đà Lạt
SH4882711,Long An
SH4883185,Kiên Giang
SH4884275,Hải Phòng
SH4884505,Vinh
SH4885101,Tiền Giang
SH4886854,Thái Nguyên
SH4887009,Nha Trang
SH4888833,Đà Lạt
SH4889987,Huế
SH4890177,Bình Dương
SH4890386,Vũng Tàu
SH4890432,Quảng Ninh
SH4893816,Vinh
SH4895221,Bình Dương
SH4895353,Nha Trang
SH4895376,Hà Nội
SH4895866,Kiên Giang
SH4896493,Vũng Tàu
SH4897763,Đồng Nai
SH4898391,Quy Nhơn
SH4899452,Bến Tre
SH4900918,Quảng Ninh
SH4901015,Đồng Nai
SH4901379,Đà Lạt
SH4901561,Quảng Ninh
SH4903481,Thái Nguyên
SH4903972,Bến Tre
SH4904235,Nam Định
SH4904272,Pleiku
SH4906349,Long An
SH4907657,Thái Nguyên
SH4908064,Vinh
SH4908330,Hải Phòng
SH4908850,Hải Phòng
SH4915525,Tiền Giang
SH4917508,TP.HCM
SH4918413,Hà Nội
SH4918712,Hà Nội
SH4920740,Cần Thơ
SH4921774,Bến Tre
SH4924251,Nha Trang
SH4928024,Nha Trang
SH4928281,Quảng Ninh
SH4929282,Cần Thơ
SH4934990,Đà Nẵng
SH4936459,Thái Nguyên
SH4937181,Hà Nội
SH4938956,Tiền Giang
SH4939090,Bình Dương
SH4940571,Pleiku
SH4941435,Pleiku
SH4941553,Vũng Tàu
SH4942906,Long An
SH4943299,Tiền Giang
SH4944744,Nha Trang
SH4944803,Quảng Ninh
SH4945132,Kiên Giang
SH4945520,Vũng Tàu
SH4947642,TP.HCM
SH4948271,Pleiku
SH4951387,Bến Tre
SH4951444,Quy Nhơn
SH4951663,Thái Nguyên
SH4951923,Hà Nội
SH4953153,Đà Lạt
SH4954922,Hải Phòng
SH4959725,Hải Phòng
SH4962012,Tiền Giang
SH4962847,Kiên Giang
SH4963902,Quy Nhơn
SH4964080,Hà Nội
SH4964243,Kiên Giang
SH4964703,Tiền Giang
SH4965012,Bến Tre
SH4971834,Hà Nội
SH4971899,An Giang
SH4971929,Huế
SH4972084,Cần Thơ
SH4972124,Bến Tre
SH4972775,Đồng Nai
SH4972999,Huế
SH4973772,Kiên Giang
SH4979755,Nha Trang
SH4981070,Bến Tre
SH4982314,Cần Thơ
SH4984061,TP.HCM
SH4984820,Hải Phòng
SH4986190,Bến Tre
SH4987189,Đồng Nai
SH4988165,Pleiku
SH4994050,An Giang
SH4995521,Pleiku
SH4996784,Hà Nội
SH4996840,Đà Lạt
SH4997281,Hà Nội
SH4997939,Quảng Ninh
SH4997984,Hà Nội
SH5000277,Bến Tre
SH5001087,Huế
SH5002120,Tiền Giang
SH5003244,Pleiku
SH5003283,Tiền Giang
SH5006371,Tiền Giang
SH5006786,Đà Nẵng
SH5007888,Nha Trang
SH5009474,Long An
SH5010851,Hà Nội
SH5013223,Thái Nguyên
SH5014206,Tiền Giang
SH5014599,Đồng Nai
SH5015464,An Giang
SH5015681,Nam Định
SH5016438,Thái Nguyên
SH5016593,Quy Nhơn
SH5017296,Thái Nguyên
SH5019314,Pleiku
SH5020120,Kiên Giang
SH5023537,An Giang
SH5023747,Quảng Ninh
SH5026970,Vũng Tàu
SH5029352,TP.HCM
SH5031487,Đà Lạt
SH5031718,Bến Tre
SH5031816,Tiền Giang
SH5033204,Quảng Ninh
SH5033233,Pleiku
SH5036638,Huế
SH5036857,Nam Định
SH5038568,Bến Tre
SH5039453,Quảng Ninh
SH5040453,Cần Thơ
SH5043239,Cần Thơ
SH5044009,Hà Nội
SH5044403,Vũng Tàu
SH5046113,Đà Lạt
SH5046131,Quy Nhơn
SH5048390,An Giang
SH5048742,Buôn Ma Thuột
SH5050177,Hải Phòng
SH5050722,An Giang
SH5052611,Long An
SH5053281,An Giang
SH5053663,Buôn Ma Thuột
SH5054870,Hà Nội
SH5056936,Long An
SH5059021,An Giang
SH5059357,Thái Nguyên
SH5059397,Hải Phòng
SH5060021,Kiên Giang
SH5060278,Quy Nhơn
SH5060638,Vũng Tàu
SH5061034,Huế
SH5061364,Pleiku
SH5061376,An Giang
SH5061379,Pleiku
SH5062907,Quy Nhơn
SH5063448,Bến Tre
SH5063867,Huế
SH5064263,Hải Phòng
SH5065659,Vinh
SH5066150,Đà Lạt
SH5066816,Tiền Giang
SH5067204,Quy Nhơn
SH5069781,Huế
SH5071537,Thái Nguyên
SH5072535,Nam Định
SH5072543,Đà Nẵng
SH5075450,Quy Nhơn
SH5078098,Đà Nẵng
SH5079617,Tiền Giang
SH5081001,Nam Định
SH5081447,Vũng Tàu
SH5081724,Quảng Ninh
SH5082131,Hà Nội
SH5083016,Quy Nhơn
SH5083365,Đà Lạt
SH5085564,An Giang
SH5086019,Hải Phòng
SH5086740,Bình Dương
SH5087449,Tiền Giang
SH5087607,Đà Nẵng
SH5087705,Tiền Giang
SH5087783,Long An
SH5088328,Đà Lạt
SH5090433,Bến Tre
SH5090716,Tiền Giang
SH5090740,Tiền Giang
SH5090937,Vũng Tàu
SH5091546,Đồng Nai
SH5092045,Tiền Giang
SH5092180,Pleiku
SH5093130,TP.HCM
SH5094863,Quảng Ninh
SH5095330,Buôn Ma Thuột
SH5098200,Vinh
SH5099045,Nha Trang
SH5099102,Pleiku
SH5099412,Bình Dương
SH5100919,Nha Trang
SH5101044,Đà Nẵng
SH5102862,An Giang
SH5103508,Vinh
SH5103793,Pleiku
SH5104413,Kiên Giang
SH5105106,Quy Nhơn
SH5107753,TP.HCM
SH5107782,Bến Tre
SH5108300,TP.HCM
SH5109477,Long An
SH5110017,An Giang
SH5111229,Đồng Nai
SH5111867,Long An
SH5113922,Tiền Giang
SH5115673,Bình Dương
SH5116863,Bến Tre
SH5116937,Bến Tre
SH5117131,Hải Phòng
SH5117463,TP.HCM
SH5117989,Buôn Ma Thuột
SH5119055,Cần Thơ
SH5119360,An Giang
SH5120699,Kiên Giang
SH5121914,Vinh
SH5123439,Nha Trang
SH5123584,Đà Lạt
SH5125653,Pleiku
SH5125991,TP.HCM
SH5127314,Huế
SH5129796,TP.HCM
SH5130100,Quy Nhơn
SH5130432,Vinh
SH5132031,Buôn Ma Thuột
SH5133583,Pleiku
SH5136994,Buôn Ma Thuột
SH5137020,Hà Nội
SH5137249,Kiên Giang
SH5138170,Long An
SH5140925,Thái Nguyên
SH5141290,Cần Thơ
SH5141337,Nam Định
SH5143953,Cần Thơ
SH5144610,Long An
SH5146242,Cần Thơ
SH5148438,Hà Nội
SH5148871,Hải Phòng
SH5148887,Vũng Tàu
SH5151401,Huế
SH5153273,Đồng Nai
SH5154091,Nam Định
SH5154550,Kiên Giang
SH5154597,Buôn Ma Thuột
SH5154710,Thái Nguyên
SH5157325,Hải Phòng
SH5157612,Long An
SH5157706,Vũng Tàu
SH5159882,Pleiku
SH5163555,Bến Tre
SH5164755,TP.HCM
SH5165700,Hà Nội
SH5167075,Buôn Ma Thuột
SH5167770,Huế
SH5167886,Đà Lạt
SH5169748,Long An
SH5170552,An Giang
SH5171147,Pleiku
SH5171220,Nha Trang
SH5172556,Hải Phòng
SH5174633,Thái Nguyên
SH5175359,Bình Dương
SH5175927,Quảng Ninh
SH5176591,Vinh
SH5176993,Đồng Nai
SH5177120,Cần Thơ
SH5177474,Bình Dương
SH5179026,Đà Nẵng
SH5180810,Hà Nội
SH5180820,Hà Nội
SH5184283,Hà Nội
SH5184341,Pleiku
SH5184565,Bến Tre
SH5186414,Bình Dương
SH5187178,Bình Dương
SH5189435,Buôn Ma Thuột
SH5190501,Vũng Tàu
SH5190592,Đà Nẵng
SH5192051,Quy Nhơn
SH5193728,Long An
SH5194038,TP.HCM
SH5196564,Đồng Nai
SH5197957,Nha Trang
SH5199616,Pleiku
SH5199941,Kiên Giang
SH5200999,Thái Nguyên
SH5201809,Hải Phòng
SH5203582,Huế
SH5205147,Đà Nẵng
SH5205279,Nam Định
SH5206737,Vinh
SH5207762,Bình Dương
SH5208672,Bình Dương
SH5209218,Đồng Nai
SH5210069,Nam Định
SH5210656,Kiên Giang
SH5211224,Bến Tre
SH5213339,Thái Nguyên
SH5213838,Vinh
SH5216748,TP.HCM
SH5217473,Bến Tre
SH5218973,Quảng Ninh
SH5219946,Vinh
SH5222335,TP.HCM
SH5226854,An Giang
SH5228095,Đà Nẵng
SH5228681,An Giang
SH5229032,Đà Nẵng
SH5230482,Quảng Ninh
SH5232239,Vinh
SH5235981,Vinh
SH5236162,Tiền Giang
SH5237689,An Giang
SH5238782,Nha Trang
SH5239177,Long An
SH5239470,Hà Nội
SH5240244,Thái Nguyên
SH5240300,Kiên Giang
SH5242824,Quảng Ninh
SH5242849,Huế
SH5243823,Bến Tre
SH5244348,Nha Trang
SH5245703,Nha Trang
SH5245741,Bình Dương
SH5246633,Bến Tre
SH5248607,Long An
SH5249925,Long An
SH5250268,Tiền Giang
SH5252448,Hà Nội
SH5260757,Cần Thơ
SH5262432,Long An
SH5262610,TP.HCM
SH5262908,Vũng Tàu
SH5263793,Hà Nội
SH5263959,An Giang
SH5264310,Cần Thơ
SH5265122,Đồng Nai
SH5266269,Cần Thơ
SH5266371,Hải Phòng
SH5267792,Nam Định
SH5267887,Quảng Ninh
SH5271120,Kiên Giang
SH5272877,Vinh
SH5272981,TP.HCM
SH5273611,Bình Dương
SH5274081,Đà Lạt
SH5275197,Vinh
SH5277631,Buôn Ma Thuột
SH5278214,Hà Nội
SH5278382,Kiên Giang
SH5280628,Nha Trang
SH5281142,TP.HCM
SH5281614,TP.HCM
SH5285297,Bến Tre
SH5286392,Nha Trang
SH5286757,Bình Dương
SH5286957,Long An
SH5287027,Bình Dương
SH5287192,Nha Trang
SH5289540,Hải Phòng
SH5290865,Bình Dương
SH5291063,Hải Phòng
SH5293936,Vinh
SH5295390,TP.HCM
SH5296397,Vinh
SH5296675,Đà Lạt
SH5298443,Nha Trang
SH5298752,Pleiku
SH5301516,Thái Nguyên
SH5301693,Quy Nhơn
SH5301840,Vũng Tàu
SH5302109,Kiên Giang
SH5304732,Cần Thơ
SH5304798,Nha Trang
SH5307116,Bến Tre
SH5307721,Đà Nẵng
SH5309362,Quảng Ninh
SH5315890,Vũng Tàu
SH5317440,Quy Nhơn
SH5319058,Đà Lạt
SH5322289,Tiền Giang
SH5322520,Thái Nguyên
SH5323142,Hà Nội
SH5323737,Long An
SH5325450,Thái Nguyên
SH5326780,Bến Tre
SH5330922,Vinh
SH5331921,Cần Thơ
SH5331950,Đồng Nai
SH5331980,Quảng Ninh
SH5332463,Kiên Giang
SH5333808,Đà Nẵng
SH5334105,Bình Dương
SH5336110,Cần Thơ
SH5336203,Nha Trang
SH5338420,Tiền Giang
SH5339457,Pleiku
SH5340101,Nha Trang
SH5341285,Quảng Ninh
SH5342243,Vinh
SH5342289,Quảng Ninh
SH5343117,Buôn Ma Thuột
SH5344351,Pleiku
SH5344908,Buôn Ma Thuột
SH5348034,Vũng Tàu
SH5348813,Đà Lạt
SH5349498,Thái Nguyên
SH5352422,Đà Lạt
SH5354752,Pleiku
SH5355863,An Giang
SH5356184,Đồng Nai
SH5358288,Tiền Giang
SH5358556,Quảng Ninh
SH5361777,Bến Tre
SH5363771,Thái Nguyên
SH5364423,An Giang
SH5364723,Bình Dương
SH5365936,Đà Nẵng
SH5369500,Bình Dương
SH5369627,An Giang
SH5372416,Pleiku
SH5373061,Long An
SH5375250,Vũng Tàu
SH5375632,Đà Nẵng
SH5377947,Kiên Giang
SH5378177,Hà Nội
SH5378315,Thái Nguyên
SH5379168,An Giang
SH5379451,Kiên Giang
SH5380146,Hà Nội
SH5381125,Nha Trang
SH5382463,Quy Nhơn
SH5382797,Vũng Tàu
SH5383230,An Giang
SH5383532,Hải Phòng
SH5385930,Pleiku
SH5388275,Đà Lạt
SH5388737,Thái Nguyên
SH5390248,Đồng Nai
SH5390623,Hà Nội
SH5390946,Nha Trang
SH5393142,Thái Nguyên
SH5393929,An Giang
SH5395061,Đà Nẵng
SH5396923,Hà Nội
SH5398269,An Giang
SH5398338,Kiên Giang
SH5400778,Hải Phòng
SH5401881,Đà Nẵng
SH5402509,Hải Phòng
SH5403875,Nam Định
SH5404222,Kiên Giang
SH5405291,Pleiku
SH5406052,Thái Nguyên
SH5406629,Huế
SH5407242,Nam Định
SH5408070,Đà Nẵng
SH5408395,Huế
SH5408947,Quảng Ninh
SH5409130,Nam Định
SH5409512,Tiền Giang
SH5411962,Đồng Nai
SH5412292,Hải Phòng
SH5413356,Thái Nguyên
SH5413902,TP.HCM
SH5416038,Quy Nhơn
SH5416796,Pleiku
SH5419989,Bến Tre
SH5420122,Bến Tre
SH5420728,Hải Phòng
SH5420920,Hà Nội
SH5421157,Hải Phòng
SH5421311,Vinh
SH5421583,Vũng Tàu
SH5422047,Vũng Tàu
SH5422464,Vũng Tàu
SH5422714,Pleiku
SH5423636,Vinh
SH5425545,Hải Phòng
SH5426997,Cần Thơ
SH5429016,Cần Thơ
SH5429641,TP.HCM
SH5436173,Quảng Ninh
SH5437029,Pleiku
SH5438649,Hà Nội
SH5439172,Quy Nhơn
SH5439291,Buôn Ma Thuột
SH5439652,TP.HCM
SH5439814,Cần Thơ
SH5440339,Quảng Ninh
SH5440575,Bình Dương
SH5442642,Hà Nội
SH5442678,Long An
SH5443931,Bình Dương
SH5446912,An Giang
SH5447266,Quảng Ninh
SH5449004,Hà Nội
SH5451132,TP.HCM
SH5451151,Bình Dương
SH5451988,Hà Nội
SH5454133,Bình Dương
SH5454562,Pleiku
SH5454909,Cần Thơ
SH5455111,Pleiku
SH5456045,Bình Dương
SH5456272,Tiền Giang
SH5456556,Hải Phòng
SH5459377,Đà Lạt
SH5462862,Đồng Nai
SH5463027,Pleiku
SH5464426,Tiền Giang
SH5466437,Hà Nội
SH5466716,Đà Lạt
SH5467089,Buôn Ma Thuột
SH5467103,Bình Dương
SH5467578,Đà Lạt
SH5473408,Vũng Tàu
SH5474013,An Giang
SH5474917,Thái Nguyên
SH5475083,Bình Dương
SH5478529,Bến Tre
SH5478801,An Giang
SH5480282,Huế
SH5480794,Vũng Tàu
SH5484870,Đà Lạt
SH5486857,Vũng Tàu
SH5487172,Bình Dương
SH5487758,Bến Tre
SH5489668,Bến Tre
SH5490136,Nha Trang
SH5490245,Vinh
SH5491072,Quy Nhơn
SH5491448,Hải Phòng
SH5491748,Huế
SH5492325,Bến Tre
SH5492929,Tiền Giang
SH5494644,An Giang
SH5495106,Đồng Nai
SH5495743,Đà Lạt
SH5496133,Bến Tre
SH5496799,Hà Nội
SH5497120,Quảng Ninh
SH5498365,Hải Phòng
SH5499012,Pleiku
SH5500748,Hải Phòng
SH5501897,Tiền Giang
SH5502245,Tiền Giang
SH5502929,Vinh
SH5506019,Thái Nguyên
SH5506509,Nam Định
SH5508524,Thái Nguyên
SH5508903,Vũng Tàu
SH5509606,Kiên Giang
SH5510085,Quảng Ninh
SH5510798,Đà Lạt
SH5511227,Hà Nội
SH5512879,Hà Nội
SH5518357,Hải Phòng
SH5519410,Nha Trang
SH5519499,Quy Nhơn
SH5521161,An Giang
SH5521644,Đà Nẵng
SH5522403,TP.HCM
SH5522997,Đà Lạt
SH5523281,Buôn Ma Thuột
SH5523795,Quy Nhơn
SH5524166,Nha Trang
SH5525254,Bến Tre
SH5527187,Đồng Nai
SH5527326,Long An
SH5527477,Vinh
SH5527899,Đà Nẵng
SH5531368,Huế
SH5532049,Vũng Tàu
SH5532570,Hải Phòng
SH5532695,Nam Định
SH5532781,Kiên Giang
SH5533586,Cần Thơ
SH5535463,Nha Trang
SH5536636,Hải Phòng
SH5537913,Bình Dương
SH5537994,Nam Định
SH5538377,Nam Định
SH5540312,Tiền Giang
SH5542450,Tiền Giang
SH5544983,Cần Thơ
SH5546237,Đồng Nai
SH5546458,Bến Tre
SH5547048,Nam Định
SH5547063,Tiền Giang
SH5548130,Long An
SH5548431,An Giang
SH5548806,Đà Lạt
SH5549059,Quảng Ninh
SH5550758,Hà Nội
SH5553736,Thái Nguyên
SH5554916,Hà Nội
SH5555291,Vũng Tàu
SH5557052,An Giang
SH5557092,Buôn Ma Thuột
SH5558760,Tiền Giang
SH5560533,Hải Phòng
SH5560990,Tiền Giang
SH5561309,Nha Trang
SH5565127,Hải Phòng
SH5565271,Huế
SH5567227,Huế
SH5568345,Tiền Giang
SH5569371,Nam Định
SH5570355,Thái Nguyên
SH5572302,Thái Nguyên
SH5572561,Pleiku
SH5573210,Đà Lạt
SH5573719,Hà Nội
SH5575186,Đà Nẵng
SH5575750,Thái Nguyên
SH5576740,Hải Phòng
SH5577437,Tiền Giang
SH5577636,Bình Dương
SH5579661,Thái Nguyên
SH5580646,Quy Nhơn
SH5581930,Quy Nhơn
SH5582044,Bình Dương
SH5582437,Bến Tre
SH5583613,Long An
SH5583705,TP.HCM
SH5585666,Vũng Tàu
SH5588065,Đà Lạt
SH5589695,Thái Nguyên
SH5590782,Nam Định
SH5591159,Hải Phòng
SH5592588,Nam Định
SH5593840,Thái Nguyên
SH5594163,An Giang
SH5594415,Vinh
SH5595091,Bình Dương
SH5596360,Cần Thơ
SH5599364,Vinh
SH5599450,Thái Nguyên
SH5602459,Tiền Giang
SH5603927,Nam Định
SH5605983,Vũng Tàu
SH5606232,Pleiku
SH5607997,Vũng Tàu
SH5609082,Cần Thơ
SH5611025,Quy Nhơn
SH5613288,Đồng Nai
SH5613624,Đà Lạt
SH5617103,Long An
SH5620085,Đồng Nai
SH5620692,Đà Nẵng
SH5621443,An Giang
SH5621624,Hà Nội
SH5623682,Hà Nội
SH5627149,Buôn Ma Thuột
SH5627279,Hải Phòng
SH5628150,Vinh
SH5628396,Hà Nội
SH5628929,Đồng Nai
SH5629123,Bình Dương
SH5629354,Cần Thơ
SH5629452,Bình Dương
SH5629556,Đà Lạt
SH5629792,Buôn Ma Thuột
SH5632027,Hà Nội
SH5632190,Đồng Nai
SH5633030,Buôn Ma Thuột
SH5635017,Buôn Ma Thuột
SH5637554,Đà Lạt
SH5638060,Hà Nội
SH5638893,Buôn Ma Thuột
SH5639156,Hải Phòng
SH5640157,Buôn Ma Thuột
SH5642193,Hà Nội
SH5644752,Hải Phòng
SH5646458,Quảng Ninh
SH5647681,Đà Nẵng
SH5648789,Tiền Giang
SH5648869,Vũng Tàu
SH5650251,Huế
SH5651273,An Giang
SH5652512,Buôn Ma Thuột
SH5653978,Vinh
SH5655218,Đà Lạt
SH5658522,Đà Lạt
SH5659571,Đồng Nai
SH5659649,Long An
SH5659788,Quảng Ninh
SH5660351,Quảng Ninh
SH5660649,An Giang
SH5661219,Huế
SH5662455,Đà Nẵng
SH5662904,An Giang
SH5663380,Cần Thơ
SH5664160,Vũng Tàu
SH5665960,Pleiku
SH5666356,Đồng Nai
SH5669680,Huế
SH5671330,Kiên Giang
SH5671585,Quảng Ninh
SH5672721,Bến Tre
SH5673083,Quy Nhơn
SH5674174,Buôn Ma Thuột
SH5674754,Long An
SH5675106,Nha Trang
SH5675458,Pleiku
SH5675948,Nam Định
SH5677163,Quy Nhơn
SH5677995,Vinh
SH5680271,Đà Nẵng
SH5680950,Vinh
SH5681638,Long An
SH5682940,Buôn Ma Thuột
SH5684892,Thái Nguyên
SH5685432,An Giang
SH5685869,Nam Định
SH5686145,Vinh
SH5686885,Đà Nẵng
SH5687558,Huế
SH5687632,An Giang
SH5688808,Quy Nhơn
SH5690283,Buôn Ma Thuột
SH5691660,Bến Tre
SH5692181,Vinh
SH5692934,An Giang
SH5694772,Bến Tre
SH5697115,Đà Nẵng
SH5697377,Cần Thơ
SH5698305,Đồng Nai
SH5698850,Buôn Ma Thuột
SH5700131,Tiền Giang
SH5700249,Nha Trang
SH5704514,Vũng Tàu
SH5705960,Bến Tre
SH5706307,Bến Tre
SH5706947,Bến Tre
SH5707191,TP.HCM
SH5708829,Long An
SH5709807,Cần Thơ
SH5710588,Quảng Ninh
SH5710737,Buôn Ma Thuột
SH5710783,Đà Lạt
SH5711206,Cần Thơ
SH5711754,Bến Tre
SH5713314,An Giang
SH5715196,Đồng Nai
SH5716623,Quy Nhơn
SH5719106,Nha Trang
SH5719224,Kiên Giang
SH5719781,Hải Phòng
SH5721480,Hải Phòng
SH5723052,TP.HCM
SH5724687,Pleiku
SH5726023,Long An
SH5727085,Bến Tre
SH5728772,Pleiku
SH5729054,Cần Thơ
SH5729096,Bến Tre
SH5730411,Bến Tre
SH5731610,Tiền Giang
SH5731833,Huế
SH5731977,Quy Nhơn
SH5732502,Vũng Tàu
SH5732826,Vinh
SH5733314,Long An
SH5736888,Vinh
SH5737123,Đồng Nai
SH5737283,Huế
SH5738866,Đà Nẵng
SH5739034,Đồng Nai
SH5739585,TP.HCM
SH5740955,Nha Trang
SH5741173,Bình Dương
SH5742531,Nam Định
SH5742634,Đồng Nai
SH5743032,Nam Định
SH5744743,Bến Tre
SH5745083,Buôn Ma Thuột
SH5746584,Kiên Giang
SH5746706,Bến Tre
SH5750139,Hải Phòng
SH5751216,Long An
SH5751267,Đà Nẵng
SH5752118,Nam Định
SH5752935,Hải Phòng
SH5753123,Huế
SH5753188,Vinh
SH5754721,Quảng Ninh
SH5755257,Kiên Giang
SH5755579,Huế
SH5760225,Đà Lạt
SH5763194,Quy Nhơn
SH5764012,Buôn Ma Thuột
SH5765662,Huế
SH5770101,Nha Trang
SH5771138,Đà Nẵng
SH5772963,Quảng Ninh
SH5775640,Nha Trang
SH5778616,Huế
SH5780177,Bến Tre
SH5785479,Thái Nguyên
SH5788377,An Giang
SH5789180,Kiên Giang
SH5789713,Kiên Giang
SH5790495,Pleiku
SH5793768,Bến Tre
SH5796087,Pleiku
SH5796637,Kiên Giang
SH5796746,TP.HCM
SH5798959,An Giang
SH5800144,Hải Phòng
SH5802115,Quy Nhơn
SH5806394,Huế
SH5807067,Thái Nguyên
SH5808221,Đồng Nai
SH5809679,Nam Định
SH5812104,Vinh
SH5812480,Tiền Giang
SH5813347,Thái Nguyên
SH5814049,Quy Nhơn
SH5815766,Bình Dương
SH5818203,TP.HCM
SH5819487,Đà Lạt
SH5819493,Nam Định
SH5820173,Vinh
SH5821026,Nha Trang
SH5822081,Pleiku
SH5823255,Hải Phòng
SH5825591,Quảng Ninh
SH5826621,Đà Lạt
SH5826778,Bến Tre
SH5829884,Nam Định
SH5831567,Đồng Nai
SH5832165,Đà Lạt
SH5832444,Đà Nẵng
SH5832903,Cần Thơ
SH5834948,Long An
SH5836541,Bến Tre
SH5836626,Bình Dương
SH5837150,TP.HCM
SH5837652,Nam Định
SH5838680,TP.HCM
SH5838756,Vinh
SH5838878,Bến Tre
SH5839059,Bình Dương
SH5839523,Vinh
SH5841424,Hà Nội
SH5843084,Vũng Tàu
SH5843397,Bến Tre
SH5845328,Hà Nội
SH5848188,Pleiku
SH5848198,Đà Lạt
SH5848200,Buôn Ma Thuột
SH5849642,TP.HCM
SH5850623,Cần Thơ
SH5852579,Hà Nội
SH5853906,An Giang
SH5854705,Kiên Giang
SH5855124,Vinh
SH5855738,Long An
SH5856664,Tiền Giang
SH5857837,Cần Thơ
SH5859342,Tiền Giang
SH5860226,Nha Trang
SH5861048,Pleiku
SH5861273,Nam Định
SH5861870,An Giang
SH5862847,Cần Thơ
SH5863421,Nam Định
SH5864248,Buôn Ma Thuột
SH5865071,An Giang
SH5865896,Bình Dương
SH5867457,Buôn Ma Thuột
SH5868690,Kiên Giang
SH5868949,An Giang
SH5869172,Pleiku
SH5871762,Hà Nội
SH5872771,Cần Thơ
SH5873020,Quảng Ninh
SH5873283,Kiên Giang
SH5873459,TP.HCM
SH5874943,Quảng Ninh
SH5875114,Tiền Giang
SH5875697,Quảng Ninh
SH5876388,Bến Tre
SH5876798,Bến Tre
SH5878387,Đồng Nai
SH5879230,Vinh
SH5879512,Long An
SH5882155,Buôn Ma Thuột
SH5882674,Quy Nhơn
SH5886661,Thái Nguyên
SH5887785,Huế
SH5888482,Huế
SH5889205,Thái Nguyên
SH5890204,An Giang
SH5890476,Đồng Nai
SH5897094,Quảng Ninh
SH5898322,Bình Dương
SH5900823,Bình Dương
SH5900891,Đà Lạt
SH5901770,Kiên Giang
SH5902041,Đà Lạt
SH5904727,Đà Lạt
SH5906836,Đà Nẵng
SH5912954,Vinh
SH5912991,Vũng Tàu
SH5916190,TP.HCM
SH5916321,Kiên Giang
SH5916685,Đồng Nai
SH5917143,Long An
SH5918412,Thái Nguyên
SH5918715,An Giang
SH5921118,Vũng Tàu
SH5921478,Bến Tre
SH5921482,Đồng Nai
SH5922335,Đồng Nai
SH5922343,Bình Dương
SH5922610,Hải Phòng
SH5922958,Nha Trang
SH5930508,TP.HCM
SH5931000,Đà Nẵng
SH5931039,Đà Lạt
SH5931124,Hải Phòng
SH5931635,Pleiku
SH5932600,Đà Nẵng
SH5935684,Cần Thơ
SH5935875,Đồng Nai
SH5937075,Thái Nguyên
SH5941656,Đà Lạt
SH5944694,Hải Phòng
SH5945871,Hà Nội
SH5948547,Tiền Giang
SH5949535,Tiền Giang
SH5951651,TP.HCM
SH5953905,Quy Nhơn
SH5955926,TP.HCM
SH5956763,Vinh
SH5957567,Đồng Nai
SH5958029,Nam Định
SH5960015,An Giang
SH5960818,Tiền Giang
SH5961073,Pleiku
SH5961248,Bình Dương
SH5961687,Bình Dương
SH5964509,An Giang
SH5964636,Đồng Nai
SH5965761,Buôn Ma Thuột
SH5966358,Bến Tre
SH5967790,Kiên Giang
SH5971050,Đà Lạt
SH5975491,An Giang
SH5978272,Cần Thơ
SH5979323,Hà Nội
SH5979392,Nha Trang
SH5979441,Đà Nẵng
SH5979872,Đà Lạt
SH5980427,Vinh
SH5983486,Hải Phòng
SH5984835,Đồng Nai
SH5985521,Quy Nhơn
SH5986295,Tiền Giang
SH5988998,Quảng Ninh
SH5990296,Cần Thơ
SH5991068,Tiền Giang
SH5991806,Đồng Nai
SH5993696,Vũng Tàu
SH5995122,Hà Nội
SH5995921,Đà Lạt
SH5997287,Cần Thơ
SH5999083,Bến Tre
SH6000323,An Giang
SH6001552,Kiên Giang
SH6002163,Bình Dương
SH6006787,Cần Thơ
SH6007066,Thái Nguyên
SH6008443,Kiên Giang
SH6009153,Long An
SH6011987,Hà Nội
SH6012390,An Giang
SH6012883,Buôn Ma Thuột
SH6013436,Hải Phòng
SH6013906,Bến Tre
SH6014641,Long An
SH6014814,Tiền Giang
SH6015302,Nha Trang
SH6017424,Buôn Ma Thuột
SH6020069,Pleiku
SH6020258,Bến Tre
SH6020319,Buôn Ma Thuột
SH6021129,Kiên Giang
SH6022500,Bình Dương
SH6022741,Nam Định
SH6023168,Long An
SH6024989,Hải Phòng
SH6027633,Huế
SH6028286,Huế
SH6029984,Tiền Giang
SH6031481,Nam Định
SH6031620,Pleiku
SH6031648,Đà Lạt
SH6032509,Cần Thơ
SH6032739,Quảng Ninh
SH6033709,Đà Nẵng
SH6034623,Đà Lạt
SH6034983,Vinh
SH6035119,An Giang
SH6035632,Đà Lạt
SH6035956,Quy Nhơn
SH6037482,Vũng Tàu
SH6038571,Tiền Giang
SH6038940,Đồng Nai
SH6039762,Cần Thơ
SH6040020,Buôn Ma Thuột
SH6040091,Quảng Ninh
SH6040478,Quy Nhơn
SH6040881,Buôn Ma Thuột
SH6041756,Long An
SH6041872,Huế
SH6042941,Bến Tre
SH6043465,Long An
SH6044864,Quy Nhơn
SH6046644,Đà Nẵng
SH6047602,Hải Phòng
SH6047987,Đồng Nai
SH6048215,Đồng Nai
SH6050631,Vũng Tàu
SH6051155,Bến Tre
SH6051859,Vũng Tàu
SH6052021,Cần Thơ
SH6053387,TP.HCM
SH6054719,Quy Nhơn
SH6056012,Kiên Giang
SH6056497,Quy Nhơn
SH6059400,Nha Trang
SH6059624,Pleiku
SH6060517,Hà Nội
SH6060781,Pleiku
SH6061186,Hà Nội
SH6061591,Quảng Ninh
SH6064152,Nha Trang
SH6065908,Nha Trang
SH6067030,Đà Nẵng
SH6067992,Buôn Ma Thuột
SH6071208,Pleiku
SH6074207,Quảng Ninh
SH6075069,Nha Trang
SH6075106,An Giang
SH6075721,Buôn Ma Thuột
SH6075855,Nha Trang
SH6075879,Huế
SH6077709,Bến Tre
SH6078183,Thái Nguyên
SH6078780,Pleiku
SH6079484,Vinh
SH6079625,Vũng Tàu
SH6082533,Pleiku
SH6083368,Quy Nhơn
SH6084244,Đà Nẵng
SH6084418,Đà Lạt
SH6085171,Bến Tre
SH6086491,Vinh
SH6087512,Buôn Ma Thuột
SH6089714,Hải Phòng
SH6090715,Vũng Tàu
SH6090854,Bến Tre
SH6091238,Đà Lạt
SH6091391,Vũng Tàu
SH6094740,Quảng Ninh
SH6096035,Quảng Ninh
SH6097419,Long An
SH6097514,Vinh
SH6098672,Huế
SH6099973,Bình Dương
SH6101021,Huế
SH6101321,Hà Nội
SH6101803,Quy Nhơn
SH6103567,An Giang
SH6104470,TP.HCM
SH6105693,TP.HCM
SH6106390,Nam Định
SH6107092,Nam Định
SH6109075,Hà Nội
SH6111457,Nam Định
SH6112432,Kiên Giang
SH6115785,Nha Trang
SH6116374,Tiền Giang
SH6119047,Nha Trang
SH6119689,Tiền Giang
SH6119801,Huế
SH6120253,Vinh
SH6121645,Bình Dương
SH6122342,Đà Nẵng
SH6123870,Cần Thơ
SH6124355,Hải Phòng
SH6125508,Huế
SH6127216,Huế
SH6129290,Tiền Giang
SH6129623,Hà Nội
SH6130098,Kiên Giang
SH6131578,Huế
SH6132001,Vũng Tàu
SH6132214,TP.HCM
SH6134852,Hà Nội
SH6136672,Huế
SH6136886,Đà Nẵng
SH6140622,Hà Nội
SH6142132,Quy Nhơn
SH6142532,Long An
SH6142810,Bến Tre
SH6143155,Đồng Nai
SH6143988,Long An
SH6144280,Nam Định
SH6147015,An Giang
SH6149129,TP.HCM
SH6154185,Vinh
SH6155456,Nam Định
SH6155691,Đồng Nai
SH6158069,Hà Nội
SH6158541,Tiền Giang
SH6158936,Đà Nẵng
SH6159274,Quảng Ninh
SH6160031,Bình Dương
SH6160074,Đà Lạt
SH6160098,Bình Dương
SH6160775,Đà Nẵng
SH6161099,Pleiku
SH6162867,Vũng Tàu
SH6164323,Huế
SH6165171,Quy Nhơn
SH6169066,Đà Nẵng
SH6170299,Kiên Giang
SH6170784,Nam Định
SH6171636,Thái Nguyên
SH6171733,Bình Dương
SH6172545,Nam Định
SH6173267,Vinh
SH6174508,Long An
SH6175905,Cần Thơ
SH6176924,Hải Phòng
SH6177386,Hà Nội
SH6177577,Vinh
SH6178936,Huế
SH6180104,Đà Lạt
SH6180257,An Giang
SH6180871,Nam Định
SH6181672,Cần Thơ
SH6185270,Kiên Giang
SH6185544,Vũng Tàu
SH6185646,Vũng Tàu
SH6187094,Vũng Tàu
SH6188973,Long An
SH6189026,Tiền Giang
SH6192100,Tiền Giang
SH6193888,TP.HCM
SH6194058,Hải Phòng
SH6196614,Huế
SH6198079,Quy Nhơn
SH6198692,Kiên Giang
SH6200487,Pleiku
SH6202094,Vũng Tàu
SH6202636,An Giang
SH6203057,Cần Thơ
SH6203659,Buôn Ma Thuột
SH6203954,Đà Lạt
SH6204731,Đà Nẵng
SH6206904,Quảng Ninh
SH6206949,Hà Nội
SH6207306,Quảng Ninh
SH6209285,Nam Định
SH6209399,Hà Nội
SH6212898,Hà Nội
SH6213397,Quy Nhơn
SH6213765,Bến Tre
SH6214383,Nha Trang
SH6214633,Đà Nẵng
SH6216787,Đà Nẵng
SH6217344,Kiên Giang
SH6218019,Buôn Ma Thuột
SH6218479,Quảng Ninh
SH6221536,Nam Định
SH6222352,Hà Nội
SH6223105,Kiên Giang
SH6223433,Hải Phòng
SH6225349,Đà Lạt
SH6225807,Nha Trang
SH6228650,Vinh
SH6229731,Tiền Giang
SH6232456,Kiên Giang
SH6232610,Hà Nội
SH6234607,Vũng Tàu
SH6234672,Quảng Ninh
SH6237674,Long An
SH6238380,Bến Tre
SH6238526,Tiền Giang
SH6238913,Hà Nội
SH6240368,Quảng Ninh
SH6240671,Đà Lạt
SH6241357,Pleiku
SH6242557,Nha Trang
SH6243275,Bình Dương
SH6246485,Đà Nẵng
SH6247713,Quảng Ninh
SH6247944,Nha Trang
SH6249548,Cần Thơ
SH6250468,Quy Nhơn
SH6250879,Hải Phòng
SH6251075,Nam Định
SH6251431,Pleiku
SH6252222,Thái Nguyên
SH6252627,Pleiku
SH6253043,Buôn Ma Thuột
SH6253981,Buôn Ma Thuột
SH6255096,Tiền Giang
SH6256161,Huế
SH6256890,Quảng Ninh
SH6257695,Vinh
SH6259911,An Giang
SH6260786,Đồng Nai
SH6262297,Nha Trang
SH6263378,Nam Định
SH6263801,Cần Thơ
SH6264000,Vinh
SH6265911,Cần Thơ
SH6268490,Vũng Tàu
SH6270869,Pleiku
SH6272037,Tiền Giang
SH6272038,Buôn Ma Thuột
SH6273013,Thái Nguyên
SH6273994,Nam Định
SH6275739,An Giang
SH6275986,Hải Phòng
SH6276469,Bến Tre
SH6279603,Đà Nẵng
SH6279831,Thái Nguyên
SH6280031,Pleiku
SH6282827,Vinh
SH6283100,Đồng Nai
SH6284040,Vũng Tàu
SH6284544,Quảng Ninh
SH6284723,Hà Nội
SH6286061,Nam Định
SH6286533,Quy Nhơn
SH6286578,Buôn Ma Thuột
SH6289819,Long An
SH6291071,Nha Trang
SH6291094,Vinh
SH6291817,Cần Thơ
SH6291925,Đồng Nai
SH6292423,Quảng Ninh
SH6294788,Đồng Nai
SH6297024,Nha Trang
SH6302632,Đà Lạt
SH6303618,Pleiku
SH6303898,Nha Trang
SH6303930,Quảng Ninh
SH6304580,Hà Nội
SH6304957,Long An
SH6308143,Hải Phòng
SH6309945,Long An
SH6310532,Quy Nhơn
SH6310982,Đà Lạt
SH6311628,Tiền Giang
SH6312160,Hải Phòng
SH6314894,TP.HCM
SH6315916,Quy Nhơn
SH6317360,Cần Thơ
SH6319782,An Giang
SH6320140,Quy Nhơn
SH6321178,Pleiku
SH6323868,An Giang
SH6326278,Cần Thơ
SH6328751,Vũng Tàu
SH6331060,Đà Lạt
SH6332789,Đà Nẵng
SH6334268,Đà Nẵng
SH6334600,Tiền Giang
SH6334947,Quảng Ninh
SH6334997,Bình Dương
SH6337290,Đồng Nai
SH6339855,Long An
SH6340631,Vinh
SH6340849,Nam Định
SH6341250,An Giang
SH6341556,An Giang
SH6343290,Bến Tre
SH6344676,Hải Phòng
SH6346158,Tiền Giang
SH6346637,Vũng Tàu
SH6349518,Vinh
SH6350220,Tiền Giang
SH6350316,Tiền Giang
SH6350354,Bình Dương
SH6350795,Huế
SH6353005,Đà Lạt
SH6354606,Nha Trang
SH6354995,Bình Dương
SH6356201,Pleiku
SH6357357,TP.HCM
SH6358337,Đồng Nai
SH6358628,Thái Nguyên
SH6358756,Thái Nguyên
SH6361399,Buôn Ma Thuột
SH6361793,Bến Tre
SH6363402,Tiền Giang
SH6364445,Hải Phòng
SH6364830,Nha Trang
SH6366337,Huế
SH6366709,Nha Trang
SH6366867,Pleiku
SH6367049,Bình Dương
SH6367620,Quảng Ninh
SH6370980,Quảng Ninh
SH6371047,Bến Tre
SH6371156,Tiền Giang
SH6371339,Buôn Ma Thuột
SH6374007,Hà Nội
SH6374140,Long An
SH6375798,Hà Nội
SH6376144,Pleiku
SH6376423,Vinh
SH6376889,Hà Nội
SH6379463,Huế
SH6380919,Huế
SH6381462,Vũng Tàu
SH6381652,TP.HCM
SH6383277,Long An
SH6383442,Đà Nẵng
SH6384674,Nam Định
SH6385396,Bến Tre
SH6385974,Buôn Ma Thuột
SH6393921,Tiền Giang
SH6396217,Đà Lạt
SH6397278,Vũng Tàu
SH6398116,Thái Nguyên
SH6399296,Buôn Ma Thuột
SH6399789,Đà Lạt
SH6400269,Bình Dương
SH6402696,Đồng Nai
SH6403226,Bến Tre
SH6405242,An Giang
SH6405853,Huế
SH6406221,Nha Trang
SH6406444,Vũng Tàu
SH6406778,Đà Lạt
SH6407321,Quảng Ninh
SH6407658,Hà Nội
SH6408592,Tiền Giang
SH6408662,Bình Dương
SH6410210,Bình Dương
SH6410982,Quảng Ninh
SH6411834,Kiên Giang
SH6412383,Đà Nẵng
SH6413691,Đà Nẵng
SH6414066,Nam Định
SH6414076,Huế
SH6414185,Quy Nhơn
SH6416279,Bến Tre
SH6417440,Kiên Giang
SH6418564,Hà Nội
SH6418889,Đồng Nai
SH6419744,Tiền Giang
SH6420100,Hải Phòng
SH6423373,Đà Lạt
SH6424896,Hải Phòng
SH6425131,Nam Định
SH6425820,Quảng Ninh
SH6426400,Pleiku
SH6428764,TP.HCM
SH6430463,Quy Nhơn
SH6431983,Quy Nhơn
SH6432543,Quảng Ninh
SH6435127,Tiền Giang
SH6435975,Quảng Ninh
SH6436196,Quảng Ninh
SH6437072,Bến Tre
SH6438342,Pleiku
SH6440100,Hà Nội
SH6443422,TP.HCM
SH6443492,Huế
SH6446890,Bến Tre
SH6448705,An Giang
SH6450867,Quy Nhơn
SH6454311,Quy Nhơn
SH6455474,Huế
SH6455706,An Giang
SH6455993,Hải Phòng
SH6457141,Quy Nhơn
SH6457472,Bến Tre
SH6458249,Nha Trang
SH6458938,Vũng Tàu
SH6459434,TP.HCM
SH6459880,Quảng Ninh
SH6461852,Vũng Tàu
SH6464086,Nam Định
SH6464531,Kiên Giang
SH6465402,An Giang
SH6467748,Hà Nội
SH6469120,Bình Dương
SH6470011,Hà Nội
SH6470261,Quy Nhơn
SH6470553,Hải Phòng
SH6472201,Hải Phòng
SH6473180,Bình Dương
SH6474513,Tiền Giang
SH6475832,Đồng Nai
SH6476037,Cần Thơ
SH6478087,Hải Phòng
SH6480092,Đồng Nai
SH6482325,Long An
SH6484940,Huế
SH6487058,Quy Nhơn
SH6487622,Đà Lạt
SH6487665,Hà Nội
SH6488547,Quảng Ninh
SH6490630,Vũng Tàu
SH6492362,Long An
SH6492735,Vũng Tàu
SH6492824,Nha Trang
SH6494717,Huế
SH6494925,Quảng Ninh
SH6496976,TP.HCM
SH6497119,Hải Phòng
SH6497182,Hà Nội
SH6497758,Thái Nguyên
SH6499272,Đà Nẵng
SH6501091,Quảng Ninh
SH6503029,Cần Thơ
SH6504576,Quy Nhơn
SH6505833,Tiền Giang
SH6506081,Thái Nguyên
SH6512493,Quy Nhơn
SH6512781,Kiên Giang
SH6513147,Vũng Tàu
SH6513699,Hà Nội
SH6518619,Cần Thơ
SH6518690,Nha Trang
SH6520427,Đà Lạt
SH6523816,Đà Nẵng
SH6524250,Quy Nhơn
SH6524540,Vinh
SH6525134,Đà Lạt
SH6525685,Đồng Nai
SH6525702,Bình Dương
SH6528230,TP.HCM
SH6528371,Cần Thơ
SH6528792,Long An
SH6531182,Pleiku
SH6534099,Long An
SH6535152,Buôn Ma Thuột
SH6539653,Nam Định
SH6540684,An Giang
SH6540893,Vũng Tàu
SH6541983,TP.HCM
SH6542159,Quảng Ninh
SH6543670,Vinh
SH6543941,Nam Định
SH6544571,Bến Tre
SH6544773,Vinh
SH6545057,Hà Nội
SH6545917,Nha Trang
SH6546485,Buôn Ma Thuột
SH6546545,TP.HCM
SH6548917,Đà Nẵng
SH6549075,Đồng Nai
SH6549850,Đồng Nai
SH6551912,Nha Trang
SH6552150,An Giang
SH6554087,Huế
SH6555770,Bến Tre
SH6557278,Long An
SH6558135,Đồng Nai
SH6559713,Hải Phòng
SH6561358,Bến Tre
SH6561525,Huế
SH6562484,Vũng Tàu
SH6562703,Vũng Tàu
SH6564342,Quy Nhơn
SH6565326,Bình Dương
SH6565582,Tiền Giang
SH6567096,Bến Tre
SH6567363,Vũng Tàu
SH6567769,TP.HCM
SH6569820,Long An
SH6570043,Đà Nẵng
SH6572372,Hải Phòng
SH6574014,Pleiku
SH6574204,Thái Nguyên
SH6574549,Đồng Nai
SH6574981,Hà Nội
SH6576297,Kiên Giang
SH6577016,Hải Phòng
SH6578736,Bình Dương
SH6582253,Cần Thơ
SH6583476,Cần Thơ
SH6583896,Vinh
SH6585147,Huế
SH6585848,Hải Phòng
SH6586883,Kiên Giang
SH6587167,Nam Định
SH6588362,Nha Trang
SH6589281,Hải Phòng
SH6589859,TP.HCM
SH6591284,Hải Phòng
SH6591855,Tiền Giang
SH6593573,Hà Nội
SH6596259,Vinh
SH6596408,Quy Nhơn
SH6596864,Cần Thơ
SH6599357,Huế
SH6599609,An Giang
SH6600208,Bến Tre
SH6600282,Thái Nguyên
SH6601074,Kiên Giang
SH6603893,Đồng Nai
SH6604644,Kiên Giang
SH6608323,Nam Định
SH6608326,Bình Dương
SH6608533,Vũng Tàu
SH6608665,Vinh
SH6609198,Đà Nẵng
SH6612339,Vũng Tàu
SH6613895,Quy Nhơn
SH6614312,Buôn Ma Thuột
SH6614484,Nam Định
SH6615855,Pleiku
SH6617954,Bến Tre
SH6618205,Nam Định
SH6619469,Nha Trang
SH6619594,Quảng Ninh
SH6619686,TP.HCM
SH6622406,Nam Định
SH6622424,Kiên Giang
SH6622443,Long An
SH6622902,Quảng Ninh
SH6623525,Vinh
SH6624133,An Giang
SH6624867,Đà Lạt
SH6625935,Buôn Ma Thuột
SH6628280,Nha Trang
SH6628763,Kiên Giang
SH6630421,Tiền Giang
SH6630539,Quảng Ninh
SH6631889,Long An
SH6632834,Buôn Ma Thuột
SH6632941,Quy Nhơn
SH6633294,Huế
SH6634586,Pleiku
SH6635435,Nha Trang
SH6639966,Cần Thơ
SH6640884,Pleiku
SH6641950,Bình Dương
SH6642583,Vũng Tàu
SH6643721,Vũng Tàu
SH6644283,Cần Thơ
SH6645229,Đà Nẵng
SH6646529,Hà Nội
SH6649498,An Giang
SH6650270,Kiên Giang
SH6650319,Bình Dương
SH6651130,Hà Nội
SH6651204,Cần Thơ
SH6651425,TP.HCM
SH6651446,Nam Định
SH6653240,Hà Nội
SH6654424,TP.HCM
SH6657553,Hải Phòng
SH6658004,Thái Nguyên
SH6659678,Tiền Giang
SH6659750,Vũng Tàu
SH6660363,Đà Lạt
SH6661773,Bến Tre
SH6661819,Vũng Tàu
SH6662421,Quy Nhơn
SH6662853,Hải Phòng
SH6662878,Kiên Giang
SH6663342,Huế
SH6663388,Đà Lạt
SH6664316,Cần Thơ
SH6665078,Bình Dương
SH6665355,Hà Nội
SH6669692,Vinh
SH6672134,Pleiku
SH6672261,Đồng Nai
SH6673350,TP.HCM
SH6674910,Nam Định
SH6675127,Đà Nẵng
SH6676054,Vũng Tàu
SH6676162,Quy Nhơn
SH6676201,Cần Thơ
SH6677560,Quảng Ninh
SH6680184,Long An
SH6685447,Đà Nẵng
SH6686716,Đồng Nai
SH6687145,Cần Thơ
SH6688698,Vũng Tàu
SH6693502,Đà Nẵng
SH6697277,Vũng Tàu
SH6697928,Quảng Ninh
SH6698389,Kiên Giang
SH6698851,Tiền Giang
SH6700339,Nha Trang
SH6700506,Bình Dương
SH6701061,Bến Tre
SH6701311,Đà Nẵng
SH6701944,Tiền Giang
SH6702153,Pleiku
SH6702797,Đà Lạt
SH6704104,Kiên Giang
SH6705306,Vũng Tàu
SH6705386,Pleiku
SH6705773,Hải Phòng
SH6706556,Buôn Ma Thuột
SH6707004,Đồng Nai
SH6707556,Đà Lạt
SH6707702,Thái Nguyên
SH6709023,Cần Thơ
SH6710690,TP.HCM
SH6713482,Hải Phòng
SH6714239,Tiền Giang
SH6715036,Nam Định
SH6715202,Đà Lạt
SH6715585,Tiền Giang
SH6716053,Hải Phòng
SH6716160,Cần Thơ
SH6719439,Đà Nẵng
SH6720037,Nam Định
SH6720745,Đà Lạt
SH6723099,Quảng Ninh
SH6724909,Long An
SH6725685,An Giang
SH6725780,Thái Nguyên
SH6727598,Hải Phòng
SH6727630,Đà Lạt
SH6727764,Tiền Giang
SH6728665,Cần Thơ
SH6730134,Huế
SH6733210,Quảng Ninh
SH6739511,Hải Phòng
SH6742335,Cần Thơ
SH6742471,An Giang
SH6742901,Vinh
SH6744306,Đà Lạt
SH6745242,Đà Nẵng
SH6745716,An Giang
SH6748021,Kiên Giang
SH6751144,Hà Nội
SH6752060,Nam Định
SH6753744,Bến Tre
SH6753964,Bình Dương
SH6758942,Bình Dương
SH6759137,Nam Định
SH6759537,Bình Dương
SH6760768,Long An
SH6761812,Hà Nội
SH6763742,Đà Lạt
SH6763874,Huế
SH6764699,Nha Trang
SH6766785,An Giang
SH6767507,Quảng Ninh
SH6771074,Hải Phòng
SH6772430,Hải Phòng
SH6772847,Vinh
SH6774032,Vũng Tàu
SH6775461,Huế
SH6775808,Đà Nẵng
SH6775856,Cần Thơ
SH6776712,Vũng Tàu
SH6777282,Pleiku
SH6777340,Đồng Nai
SH6779170,Quy Nhơn
SH6780009,Đà Nẵng
SH6780919,Kiên Giang
SH6781442,Đà Lạt
SH6781924,Đà Nẵng
SH6782010,Quy Nhơn
SH6783989,Cần Thơ
SH6784096,Buôn Ma Thuột
SH6784289,Quảng Ninh
SH6786275,Cần Thơ
SH6787240,Bình Dương
SH6789409,Quy Nhơn
SH6790539,Long An
SH6792919,Thái Nguyên
SH6794791,Nam Định
SH6795611,Quảng Ninh
SH6798616,Nam Định
SH6799536,Quy Nhơn
SH6801971,Pleiku
SH6805112,Bình Dương
SH6805303,Buôn Ma Thuột
SH6806319,Đồng Nai
SH6807734,Vinh
SH6809223,Kiên Giang
SH6810442,Buôn Ma Thuột
SH6810876,Quảng Ninh
SH6811045,Kiên Giang
SH6811062,Thái Nguyên
SH6812234,Đồng Nai
SH6816080,Cần Thơ
SH6816746,Quy Nhơn
SH6816935,Huế
SH6817736,Long An
SH6819805,Đà Nẵng
SH6820448,Nha Trang
SH6821259,Pleiku
SH6821441,Cần Thơ
SH6822202,Quảng Ninh
SH6823746,Bến Tre
SH6825310,Nha Trang
SH6827024,Vũng Tàu
SH6827112,Vũng Tàu
SH6828807,Vinh
SH6830197,TP.HCM
SH6830831,Quảng Ninh
SH6834893,Kiên Giang
SH6835191,An Giang
SH6835332,Bến Tre
SH6836386,Nam Định
SH6837016,Quy Nhơn
SH6837553,Long An
SH6839461,Tiền Giang
SH6839683,Hà Nội
SH6839862,An Giang
SH6842088,Buôn Ma Thuột
SH6842443,Kiên Giang
SH6843985,Vũng Tàu
SH6844876,Pleiku
SH6844936,Bến Tre
SH6844967,Hải Phòng
SH6846066,Long An
SH6846412,TP.HCM
SH6847354,Thái Nguyên
SH6851527,Vũng Tàu
SH6855180,Đồng Nai
SH6857017,Đồng Nai
SH6857160,Thái Nguyên
SH6860272,Cần Thơ
SH6862008,Huế
SH6863572,Tiền Giang
SH6864184,An Giang
SH6864281,Kiên Giang
SH6864452,Đà Lạt
SH6867228,Hải Phòng
SH6869794,Đồng Nai
SH6870977,Quy Nhơn
SH6874014,Đồng Nai
SH6874525,Đà Lạt
SH6876634,Buôn Ma Thuột
SH6877112,Vũng Tàu
SH6877681,Tiền Giang
SH6878493,Kiên Giang
SH6878859,Quy Nhơn
SH6879519,Bến Tre
SH6882425,Tiền Giang
SH6882609,An Giang
SH6885707,An Giang
SH6887244,Quy Nhơn
SH6887479,Đà Nẵng
SH6889724,Tiền Giang
SH6890539,Pleiku
SH6892074,Long An
SH6892384,Vũng Tàu
SH6894194,Hải Phòng
SH6895533,Cần Thơ
SH6896214,Nam Định
SH6897140,Bến Tre
SH6898403,Thái Nguyên
SH6900247,Cần Thơ
SH6900644,Đà Lạt
SH6902944,Đồng Nai
SH6903647,Nha Trang
SH6905347,Đà Nẵng
SH6906708,Kiên Giang
SH6907545,Buôn Ma Thuột
SH6909866,Hà Nội
SH6910559,Huế
SH6910676,Thái Nguyên
SH6911339,Long An
SH6912239,Đồng Nai
SH6912275,Đà Nẵng
SH6913626,Bình Dương
SH6914100,Đà Nẵng
SH6914963,Long An
SH6915060,Vũng Tàu
SH6915978,Thái Nguyên
SH6917334,Pleiku
SH6917519,Buôn Ma Thuột
SH6918759,Bình Dương
SH6919532,Vinh
SH6919817,Pleiku
SH6922413,Vinh
SH6923686,Cần Thơ
SH6924480,Cần Thơ
SH6927978,Hải Phòng
SH6929450,Hải Phòng
SH6930723,Vũng Tàu
SH6931509,Đà Lạt
SH6933026,Nam Định
SH6933188,Quy Nhơn
SH6933633,Hải Phòng
SH6937488,Nam Định
SH6938019,TP.HCM
SH6938291,Nam Định
SH6939785,Vinh
SH6940792,Đồng Nai
SH6942839,Kiên Giang
SH6943589,Pleiku
SH6945016,Pleiku
SH6945432,Thái Nguyên
SH6946534,Đồng Nai
SH6949369,Đà Lạt
SH6950148,Nam Định
SH6952593,Pleiku
SH6953815,Bình Dương
SH6955093,Huế
SH6955771,Buôn Ma Thuột
SH6957414,Nam Định
SH6958167,TP.HCM
SH6960453,Quy Nhơn
SH6961641,Huế
SH6961714,Bình Dương
SH6962669,Đà Lạt
SH6969923,Hà Nội
SH6970645,TP.HCM
SH6970949,Quảng Ninh
SH6972496,Đồng Nai
SH6973457,An Giang
SH6973542,Vinh
SH6973743,Đà Lạt
SH6974725,Nha Trang
SH6977683,Vũng Tàu
SH6978238,Bến Tre
SH6979519,Bến Tre
SH6981197,Buôn Ma Thuột
SH6981786,Bến Tre
SH6982910,Vũng Tàu
SH6983510,Cần Thơ
SH6984503,Kiên Giang
SH6986195,Vũng Tàu
SH6986539,Cần Thơ
SH6986767,Đồng Nai
SH6987578,Đà Lạt
SH6988402,TP.HCM
SH6988423,Vinh
SH6992546,Quy Nhơn
SH6994144,Quảng Ninh
SH6995317,Pleiku
SH6995682,Huế
SH6995933,Quy Nhơn
SH6997357,Huế
SH6998442,Kiên Giang
SH6998844,Long An
SH7001099,Bình Dương
SH7001651,Huế
SH7001942,Pleiku
SH7005628,Bến Tre
SH7006761,Đồng Nai
SH7008021,Kiên Giang
SH7008420,An Giang
SH7008883,An Giang
SH7010211,Đồng Nai
SH7011139,Thái Nguyên
SH7012532,Quảng Ninh
SH7014111,Hà Nội
SH7014246,Huế
SH7014574,TP.HCM
SH7014744,Kiên Giang
SH7017865,Hà Nội
SH7019155,Kiên Giang
SH7019415,Vũng Tàu
SH7020608,Nha Trang
SH7021650,Nha Trang
SH7022335,Bến Tre
SH7022607,Cần Thơ
SH7022674,An Giang
SH7023053,Kiên Giang
SH7024756,Huế
SH7025406,Huế
SH7025541,Pleiku
SH7026376,Tiền Giang
SH7028175,Thái Nguyên
SH7029298,Bến Tre
SH7029612,Thái Nguyên
SH7029753,Vũng Tàu
SH7029800,Đồng Nai
SH7032283,Hải Phòng
SH7033731,Buôn Ma Thuột
SH7035521,Đồng Nai
SH7035783,Vinh
SH7037153,Bình Dương
SH7038122,Hải Phòng
SH7038155,Vũng Tàu
SH7038727,Vũng Tàu
SH7042962,Quảng Ninh
SH7043037,Hà Nội
SH7046381,Quảng Ninh
SH7046955,Tiền Giang
SH7047102,Bình Dương
SH7047539,Bình Dương
SH7048062,Long An
SH7048122,Huế
SH7048575,Đà Lạt
SH7051337,Vũng Tàu
SH7052099,Buôn Ma Thuột
SH7054838,Bình Dương
SH7055966,Bình Dương
SH7055973,Pleiku
SH7060427,Vũng Tàu
SH7060776,Pleiku
SH7061123,Tiền Giang
SH7061298,Nha Trang
SH7062488,Hải Phòng
SH7063033,Cần Thơ
SH7063240,Huế
SH7064017,An Giang
SH7066905,Pleiku
SH7067364,Nha Trang
SH7069317,Cần Thơ
SH7070025,Buôn Ma Thuột
SH7070468,Nha Trang
SH7073292,Thái Nguyên
SH7074006,Nam Định
SH7074016,Hà Nội
SH7076594,TP.HCM
SH7077081,Tiền Giang
SH7078334,An Giang
SH7079661,Vinh
SH7079798,Cần Thơ
SH7083471,Pleiku
SH7083948,Tiền Giang
SH7084059,TP.HCM
SH7084611,Quảng Ninh
SH7085409,Pleiku
SH7085796,Vũng Tàu
SH7087108,Buôn Ma Thuột
SH7088470,Quảng Ninh
SH7089179,Bến Tre
SH7090779,TP.HCM
SH7091258,Quy Nhơn
SH7091887,Buôn Ma Thuột
SH7092983,An Giang
SH7093060,Tiền Giang
SH7093926,TP.HCM
SH7094706,Quảng Ninh
SH7095071,Nam Định
SH7095349,Tiền Giang
SH7095713,Thái Nguyên
SH7095875,Vinh
SH7096256,Hà Nội
SH7097786,Vũng Tàu
SH7099251,Pleiku
SH7102041,TP.HCM
SH7103001,Kiên Giang
SH7103458,Nha Trang
SH7103819,Đà Lạt
SH7104993,Hải Phòng
SH7105194,Nha Trang
SH7106690,Pleiku
SH7106894,Long An
SH7108168,Vinh
SH7109313,Nha Trang
SH7111929,Vinh
SH7114240,Nha Trang
SH7114952,Vũng Tàu
SH7115519,Kiên Giang
SH7116865,Cần Thơ
SH7117955,Kiên Giang
SH7119729,Nam Định
SH7121849,Huế
SH7123457,Vinh
SH7126427,Hà Nội
SH7128174,TP.HCM
SH7128711,Nam Định
SH7129152,Hà Nội
SH7129798,Quảng Ninh
SH7130336,Hà Nội
SH7130767,Hà Nội
SH7130822,Đà Lạt
SH7131350,Đà Nẵng
SH7131631,Kiên Giang
SH7133460,Tiền Giang
SH7133857,Huế
SH7134426,Bến Tre
SH7134938,Kiên Giang
SH7135067,Bến Tre
SH7135890,Kiên Giang
SH7136988,Vũng Tàu
SH7138923,Nam Định
SH7139188,Long An
SH7139576,Kiên Giang
SH7141336,Huế
SH7141379,Kiên Giang
SH7144765,Tiền Giang
SH7145165,Hải Phòng
SH7145971,Cần Thơ
SH7146104,Vũng Tàu
SH7146970,Huế
SH7147674,Nha Trang
SH7148229,Đà Nẵng
SH7151958,TP.HCM
SH7152507,Nha Trang
SH7153328,Bến Tre
SH7153780,Long An
SH7154283,Long An
SH7154919,Hải Phòng
SH7155388,Huế
SH7156788,Hải Phòng
SH7159812,Buôn Ma Thuột
SH7160829,Quy Nhơn
SH7160963,Đà Lạt
SH7161981,Pleiku
SH7163659,Hà Nội
SH7165419,Buôn Ma Thuột
SH7166957,Pleiku
SH7168602,Nam Định
SH7168683,Thái Nguyên
SH7169127,TP.HCM
SH7169641,Hà Nội
SH7169672,Pleiku
SH7170509,Pleiku
SH7170597,Quảng Ninh
SH7172000,Hải Phòng
SH7172964,Kiên Giang
SH7178250,Vinh
SH7178837,Quy Nhơn
SH7178852,Nam Định
SH7180555,Vinh
SH7183674,Quy Nhơn
SH7185065,Vinh
SH7186297,Nam Định
SH7187806,Đồng Nai
SH7189439,Cần Thơ
SH7190456,Huế
SH7191135,Buôn Ma Thuột
SH7191591,Tiền Giang
SH7194004,TP.HCM
SH7195765,TP.HCM
SH7197168,TP.HCM
SH7197907,Đà Nẵng
SH7198425,Bình Dương
SH7198743,Đồng Nai
SH7199511,Bình Dương
SH7200724,Đà Nẵng
SH7203126,Huế
SH7203961,Quy Nhơn
SH7205029,Vũng Tàu
SH7206350,Vũng Tàu
SH7207171,Hải Phòng
SH7207931,Thái Nguyên
SH7208440,Buôn Ma Thuột
SH7208876,Vũng Tàu
SH7209387,Cần Thơ
SH7210098,Vinh
SH7210394,Bình Dương
SH7210962,Kiên Giang
SH7211403,Vinh
SH7212431,Hải Phòng
SH7214815,Đà Nẵng
SH7215142,Pleiku
SH7216461,Vũng Tàu
SH7216582,TP.HCM
SH7216632,Nam Định
SH7217607,Long An
SH7219517,Pleiku
SH7221580,Nha Trang
SH7222040,Vinh
SH7223453,Đồng Nai
SH7224122,Huế
SH7224807,Bến Tre
SH7225499,Hải Phòng
SH7226123,Đà Lạt
SH7226752,Kiên Giang
SH7228596,Quy Nhơn
SH7231633,Long An
SH7231899,Buôn Ma Thuột
SH7233398,Kiên Giang
SH7233855,Thái Nguyên
SH7236011,Quảng Ninh
SH7236364,Nha Trang
SH7236418,Kiên Giang
SH7240352,Nam Định
SH7242867,Đà Nẵng
SH7242968,Bình Dương
SH7245694,Quy Nhơn
SH7247450,Đồng Nai
SH7247961,Long An
SH7248414,Hà Nội
SH7248454,Tiền Giang
SH7248964,Hải Phòng
SH7250140,Long An
SH7251562,Đà Nẵng
SH7252171,Long An
SH7252556,Bình Dương
SH7253171,TP.HCM
SH7253670,Đà Lạt
SH7254970,Bến Tre
SH7255103,Cần Thơ
SH7255647,Tiền Giang
SH7256326,An Giang
SH7256649,Kiên Giang
SH7256739,Hải Phòng
SH7257735,An Giang
SH7258332,Nam Định
SH7259078,Tiền Giang
SH7259939,An Giang
SH7260277,Quảng Ninh
SH7261430,Pleiku
SH7261552,Đà Lạt
SH7262350,TP.HCM
SH7262388,Bình Dương
SH7263627,Long An
SH7265486,Hà Nội
SH7266344,Tiền Giang
SH7267268,Nam Định
SH7268303,Vũng Tàu
SH7268550,Hà Nội
SH7273997,Đồng Nai
SH7275637,Bến Tre
SH7276341,Nam Định
SH7277517,Pleiku
SH7279849,Vũng Tàu
SH7280153,Hải Phòng
SH7281558,Cần Thơ
SH7283482,Tiền Giang
SH7284497,Kiên Giang
SH7284551,Tiền Giang
SH7286706,Bình Dương
SH7287422,Cần Thơ
SH7287562,Long An
SH7288704,Đà Nẵng
SH7291774,Hải Phòng
SH7291982,Cần Thơ
SH7299307,An Giang
SH7299855,Đồng Nai
SH7300065,Nam Định
SH7302031,Đà Nẵng
SH7304131,An Giang
SH7304414,Long An
SH7304758,Đà Lạt
SH7305252,Tiền Giang
SH7305370,TP.HCM
SH7305729,Pleiku
SH7307007,Bình Dương
SH7307445,Bình Dương
SH7309229,Quảng Ninh
SH7309908,Huế
SH7310216,Cần Thơ
SH7310431,Hà Nội
SH7310809,Tiền Giang
SH7311721,Buôn Ma Thuột
SH7312675,Buôn Ma Thuột
SH7314548,Bình Dương
SH7314617,Kiên Giang
SH7315576,Nha Trang
SH7319298,Bình Dương
SH7319483,Nha Trang
SH7320310,Đà Nẵng
SH7323234,Nam Định
SH7323342,Quy Nhơn
SH7324847,TP.HCM
SH7325135,Kiên Giang
SH7327218,Huế
SH7329559,Quy Nhơn
SH7332141,Đà Lạt
SH7334741,Hà Nội
SH7335410,An Giang
SH7336938,Quy Nhơn
SH7337844,Tiền Giang
SH7338067,Quy Nhơn
SH7338108,Hà Nội
SH7338467,Quảng Ninh
SH7338996,Vũng Tàu
SH7339384,Thái Nguyên
SH7339540,Đà Lạt
SH7341293,Bến Tre
SH7341428,Vũng Tàu
SH7343582,Tiền Giang
SH7347525,Đà Nẵng
SH7347912,Tiền Giang
SH7352484,Vinh
SH7354119,Bến Tre
SH7356276,Pleiku
SH7356509,An Giang
SH7356973,Nam Định
SH7357071,Kiên Giang
SH7357346,An Giang
SH7358385,Đà Lạt
SH7360505,Huế
SH7360682,Long An
SH7361742,Quảng Ninh
SH7365892,Tiền Giang
SH7366035,Buôn Ma Thuột
SH7367070,Quảng Ninh
SH7370043,Đà Lạt
SH7370211,Đồng Nai
SH7371105,Bình Dương
SH7371808,Thái Nguyên
SH7372584,An Giang
SH7372604,Quảng Ninh
SH7372642,Nam Định
SH7372736,Bến Tre
SH7373024,Bình Dương
SH7376562,An Giang
SH7376999,Huế
SH7377891,Vinh
SH7379809,Huế
SH7380211,Vinh
SH7380431,Nam Định
SH7380575,Huế
SH7380578,Bến Tre
SH7381032,Kiên Giang
SH7383228,Bình Dương
SH7384261,TP.HCM
SH7384324,Quảng Ninh
SH7384534,Thái Nguyên
SH7385526,Đà Nẵng
SH7385983,Nam Định
SH7386788,Vũng Tàu
SH7387106,Bến Tre
SH7387534,Kiên Giang
SH7389110,Cần Thơ
SH7390162,Thái Nguyên
SH7390415,Nha Trang
SH7391303,An Giang
SH7391943,Tiền Giang
SH7395596,Hà Nội
SH7395628,Nha Trang
SH7395704,Quy Nhơn
SH7395968,Đà Lạt
SH7398092,Đồng Nai
SH7398678,Quy Nhơn
SH7400259,Đà Nẵng
SH7400271,Đà Nẵng
SH7400338,Hải Phòng
SH7401920,Quy Nhơn
SH7402018,Long An
SH7403032,Pleiku
SH7403346,Long An
SH7405376,Pleiku
SH7406756,Long An
SH7408577,Quy Nhơn
SH7408817,Quy Nhơn
SH7409222,An Giang
SH7409686,Tiền Giang
SH7410129,Huế
SH7410771,Hải Phòng
SH7411843,Huế
SH7412862,Hải Phòng
SH7420191,Vinh
SH7423817,Hải Phòng
SH7425184,Long An
SH7426092,Quảng Ninh
SH7426414,An Giang
SH7426442,Cần Thơ
SH7426911,An Giang
SH7429312,Cần Thơ
SH7430165,Cần Thơ
SH7430237,An Giang
SH7431224,Quy Nhơn
SH7432505,An Giang
SH7433589,Quảng Ninh
SH7433863,Quảng Ninh
SH7437563,Thái Nguyên
SH7437932,Quy Nhơn
SH7438905,Kiên Giang
SH7439371,Huế
SH7439562,Cần Thơ
SH7439626,Quảng Ninh
SH7441255,Bình Dương
SH7442986,Long An
SH7443037,Kiên Giang
SH7443567,Long An
SH7444684,Long An
SH7445481,An Giang
SH7445760,Đà Lạt
SH7446117,Đà Nẵng
SH7447495,Bến Tre
SH7448481,Nha Trang
SH7449270,Kiên Giang
SH7450389,Đà Nẵng
SH7450998,Thái Nguyên
SH7452434,Bình Dương
SH7454700,Bình Dương
SH7455317,Kiên Giang
SH7455872,Đà Nẵng
SH7457158,Pleiku
SH7457170,Bình Dương
SH7458007,Vinh
SH7458432,Quy Nhơn
SH7459520,Đà Lạt
SH7460415,Vũng Tàu
SH7462506,Huế
SH7464522,Long An
SH7465311,Buôn Ma Thuột
SH7465343,Huế
SH7465486,Hà Nội
SH7465524,Hà Nội
SH7467172,Cần Thơ
SH7467733,Đà Lạt
SH7467813,An Giang
SH7469141,Huế
SH7469859,Cần Thơ
SH7470924,Nam Định
SH7472175,Đà Nẵng
SH7473815,Pleiku
SH7473863,An Giang
SH7474228,Vinh
SH7474909,Kiên Giang
SH7477274,Bến Tre
SH7477665,Vinh
SH7480304,Buôn Ma Thuột
SH7481438,Bến Tre
SH7481628,Hải Phòng
SH7482414,Đà Lạt
SH7488130,Bến Tre
SH7488236,Cần Thơ
SH7488421,Đồng Nai
SH7491167,Nam Định
SH7493199,Hải Phòng
SH7493864,Pleiku
SH7494535,Hải Phòng
SH7494562,Long An
SH7495927,Quảng Ninh
SH7496851,Buôn Ma Thuột
SH7497460,Buôn Ma Thuột
SH7497988,Vũng Tàu
SH7498324,Vũng Tàu
SH7498751,Kiên Giang
SH7499837,Vũng Tàu
SH7499943,Bến Tre
SH7500246,Đà Lạt
SH7500366,Huế
SH7500931,Cần Thơ
SH7501494,Quảng Ninh
SH7504595,Vinh
SH7505803,Hà Nội
SH7507893,An Giang
SH7508112,Bến Tre
SH7508783,Thái Nguyên
SH7509900,Tiền Giang
SH7511061,Cần Thơ
SH7511474,Bình Dương
SH7511820,Đồng Nai
SH7512547,Pleiku
SH7512992,TP.HCM
SH7513336,An Giang
SH7515937,An Giang
SH7516648,Đà Nẵng
SH7517139,Đà Nẵng
SH7517997,Nha Trang
SH7518553,Pleiku
SH7520284,Cần Thơ
SH7521659,Vũng Tàu
SH7523750,Nam Định
SH7523795,Nam Định
SH7525330,Quy Nhơn
SH7526203,Đồng Nai
SH7527429,Bến Tre
SH7528964,Pleiku
SH7530662,Kiên Giang
SH7530811,Huế
SH7530972,Kiên Giang
SH7531196,Bình Dương
SH7532030,Huế
SH7535264,Buôn Ma Thuột
SH7535788,Tiền Giang
SH7536255,Tiền Giang
SH7537849,Hà Nội
SH7538471,Vinh
SH7538789,An Giang
SH7539483,Buôn Ma Thuột
SH7540760,An Giang
SH7541109,Long An
SH7541115,Bình Dương
SH7542233,Vinh
SH7542448,Quy Nhơn
SH7542924,Pleiku
SH7543549,An Giang
SH7548199,Long An
SH7550091,Nam Định
SH7553873,Thái Nguyên
SH7555495,Bến Tre
SH7557342,Hà Nội
SH7560826,Pleiku
SH7562442,Hải Phòng
SH7563364,Bình Dương
SH7563559,Nam Định
SH7564250,Hà Nội
SH7565546,Bình Dương
SH7569981,Cần Thơ
SH7571272,TP.HCM
SH7572119,Nha Trang
SH7572309,Buôn Ma Thuột
SH7572496,Hải Phòng
SH7572601,Vinh
SH7572700,Quy Nhơn
SH7573108,Thái Nguyên
SH7574301,Quảng Ninh
SH7576978,An Giang
SH7577072,Nam Định
SH7577177,Nam Định
SH7578537,Thái Nguyên
SH7578907,Vinh
SH7579637,Đà Nẵng
SH7580103,Vũng Tàu
SH7580894,Đồng Nai
SH7581459,Tiền Giang
SH7586532,Đà Nẵng
SH7589461,Nha Trang
SH7589940,Kiên Giang
SH7590085,Bình Dương
SH7591477,An Giang
SH7592651,TP.HCM
SH7592738,Vũng Tàu
SH7594058,Long An
SH7596732,Vinh
SH7597538,Kiên Giang
SH7598220,Vũng Tàu
SH7598577,Kiên Giang
SH7604903,Đồng Nai
SH7605325,Quy Nhơn
SH7606979,TP.HCM
SH7607968,Thái Nguyên
SH7607995,Pleiku
SH7609027,Kiên Giang
SH7610835,Vũng Tàu
SH7610946,Quảng Ninh
SH7611043,Bình Dương
SH7611522,Bến Tre
SH7611593,Quảng Ninh
SH7613627,Nha Trang
SH7616116,Cần Thơ
SH7616496,Huế
SH7616537,Đồng Nai
SH7616924,Hải Phòng
SH7617162,Quảng Ninh
SH7622513,Đồng Nai
SH7623361,Vũng Tàu
SH7624140,Hà Nội
SH7624655,Vũng Tàu
SH7625083,TP.HCM
SH7625199,Vũng Tàu
SH7625367,Quảng Ninh
SH7626953,Quảng Ninh
SH7627695,Vũng Tàu
SH7628708,Quảng Ninh
SH7629805,Quy Nhơn
SH7631049,Vinh
SH7631493,Thái Nguyên
SH7631693,Kiên Giang
SH7634179,Đồng Nai
SH7634639,Vũng Tàu
SH7634880,Tiền Giang
SH7636874,Hải Phòng
SH7639846,Huế
SH7640565,Bình Dương
SH7642851,Long An
SH7643612,Pleiku
SH7645541,Cần Thơ
SH7647856,Vinh
SH7649560,Đồng Nai
SH7651021,Quy Nhơn
SH7651324,Đồng Nai
SH7652004,An Giang
SH7652146,Quy Nhơn
SH7654595,Bến Tre
SH7656720,Cần Thơ
SH7658078,Long An
SH7658665,Đà Nẵng
SH7658955,Đà Lạt
SH7659629,Huế
SH7659900,Đồng Nai
SH7660559,Nam Định
SH7662761,Kiên Giang
SH7663113,Hà Nội
SH7665472,Đà Lạt
SH7665601,Quảng Ninh
SH7665779,TP.HCM
SH7667458,Pleiku
SH7668395,Tiền Giang
SH7668663,TP.HCM
SH7669918,Buôn Ma Thuột
SH7670331,Hải Phòng
SH7670460,Hải Phòng
SH7672274,TP.HCM
SH7674214,Hà Nội
SH7675580,Thái Nguyên
SH7677616,Nha Trang
SH7679581,Hải Phòng
SH7679985,Kiên Giang
SH7680009,Kiên Giang
SH7680015,Đà Lạt
SH7680364,Kiên Giang
SH7680763,Nha Trang
SH7681153,Quảng Ninh
SH7681222,Cần Thơ
SH7682705,TP.HCM
SH7683567,Đà Lạt
SH7685239,Hải Phòng
SH7685461,An Giang
SH7686365,Vinh
SH7686685,Buôn Ma Thuột
SH7687292,Vinh
SH7688721,Long An
SH7689438,Huế
SH7694402,Huế
SH7695058,Nha Trang
SH7695337,Vũng Tàu
SH7695628,Bình Dương
SH7695802,TP.HCM
SH7696159,Long An
SH7696236,Huế
SH7696734,Long An
SH7697932,An Giang
SH7698531,Tiền Giang
SH7698551,Tiền Giang
SH7699071,Nam Định
SH7701313,Buôn Ma Thuột
SH7702476,Bình Dương
SH7702519,Kiên Giang
SH7704386,Buôn Ma Thuột
SH7704457,Đồng Nai
SH7704473,TP.HCM
SH7710323,Quảng Ninh
SH7713076,Buôn Ma Thuột
SH7714998,Đà Lạt
SH7715147,Long An
SH7716111,Vũng Tàu
SH7718619,TP.HCM
SH7720115,An Giang
SH7722708,Pleiku
SH7725374,Đà Lạt
SH7725763,Bến Tre
SH7726402,Vũng Tàu
SH7727219,Hà Nội
SH7730547,Bình Dương
SH7731559,Hà Nội
SH7732163,Cần Thơ
SH7733128,Cần Thơ
SH7735271,Vũng Tàu
SH7737944,Bình Dương
SH7738777,Tiền Giang
SH7739464,Hải Phòng
SH7741007,Vinh
SH7742602,Bình Dương
SH7744287,Buôn Ma Thuột
SH7745496,Thái Nguyên
SH7746260,Đồng Nai
SH7746677,Vinh
SH7746781,Hà Nội
SH7749412,Đồng Nai
SH7749788,Nam Định
SH7751464,Nha Trang
SH7751520,Vũng Tàu
SH7751842,Thái Nguyên
SH7752669,Vũng Tàu
SH7752786,Hà Nội
SH7753014,Tiền Giang
SH7755913,Tiền Giang
SH7756284,Quảng Ninh
SH7757085,Buôn Ma Thuột
SH7758079,Long An
SH7758787,Cần Thơ
SH7759547,Kiên Giang
SH7760181,Cần Thơ
SH7763032,Thái Nguyên
SH7764490,Đà Lạt
SH7765720,Pleiku
SH7765860,An Giang
SH7766517,TP.HCM
SH7767404,Bến Tre
SH7769570,An Giang
SH7770277,Quy Nhơn
SH7770605,Hà Nội
SH7772243,Đà Lạt
SH7773685,Bến Tre
SH7774201,Hà Nội
SH7774729,Huế
SH7777264,Quy Nhơn
SH7780483,Vinh
SH7780932,Hà Nội
SH7782763,TP.HCM
SH7782771,Hải Phòng
SH7783672,Vũng Tàu
SH7784429,Long An
SH7784575,Pleiku
SH7784614,Bến Tre
SH7785319,Thái Nguyên
SH7785437,Buôn Ma Thuột
SH7785511,Hà Nội
SH7785940,Hà Nội
SH7787413,Hải Phòng
SH7790959,Quảng Ninh
SH7792633,Hải Phòng
SH7793468,Nam Định
SH7798481,Cần Thơ
SH7801839,Thái Nguyên
SH7802298,TP.HCM
SH7802685,Kiên Giang
SH7803292,Kiên Giang
SH7804944,Nam Định
SH7807103,Nha Trang
SH7808402,Buôn Ma Thuột
SH7808902,Bình Dương
SH7809358,Bình Dương
SH7812225,Nha Trang
SH7812259,Hà Nội
SH7813283,Nam Định
SH7813566,Huế
SH7813860,Cần Thơ
SH7813972,Đà Nẵng
SH7815071,Buôn Ma Thuột
SH7816276,Long An
SH7817082,Vũng Tàu
SH7818024,Buôn Ma Thuột
SH7818054,Vinh
SH7819533,Quy Nhơn
SH7821069,Tiền Giang
SH7822135,Pleiku
SH7824904,TP.HCM
SH7827850,Vinh
SH7828255,Bình Dương
SH7829372,Thái Nguyên
SH7829432,Cần Thơ
SH7830771,Thái Nguyên
SH7831016,Nam Định
SH7831109,Thái Nguyên
SH7831720,Thái Nguyên
SH7831964,Cần Thơ
SH7833399,Long An
SH7833627,Đà Nẵng
SH7833969,Quảng Ninh
SH7834768,Quy Nhơn
SH7835243,Long An
SH7837960,Đà Lạt
SH7838382,Vũng Tàu
SH7839010,Hà Nội
SH7839304,Đồng Nai
SH7839559,Nam Định
SH7840442,Kiên Giang
SH7842069,Hà Nội
SH7842115,Cần Thơ
SH7843136,Long An
SH7845833,Pleiku
SH7846812,Nha Trang
SH7847437,Hải Phòng
SH7849905,Bình Dương
SH7850567,Long An
SH7851007,Cần Thơ
SH7851032,Buôn Ma Thuột
SH7851813,Vũng Tàu
SH7853344,Buôn Ma Thuột
SH7853533,Hải Phòng
SH7858320,Thái Nguyên
SH7858412,Đà Lạt
SH7859493,Nam Định
SH7860828,Bến Tre
SH7861466,Vũng Tàu
SH7861709,Thái Nguyên
SH7862890,Tiền Giang
SH7864256,Thái Nguyên
SH7865459,Bến Tre
SH7867197,Đà Lạt
SH7868469,Hải Phòng
SH7870389,Tiền Giang
SH7874568,Hải Phòng
SH7877386,Hà Nội
SH7877664,Đà Nẵng
SH7880557,Bến Tre
SH7882197,Huế
SH7882752,Vinh
SH7883649,Vinh
SH7885148,Pleiku
SH7887260,Thái Nguyên
SH7887282,Bến Tre
SH7887795,Bến Tre
SH7889628,Cần Thơ
SH7890994,Huế
SH7893538,Nam Định
SH7893744,Hải Phòng
SH7894297,Cần Thơ
SH7895326,Vũng Tàu
SH7895468,Bình Dương
SH7896441,Buôn Ma Thuột
SH7896688,Hà Nội
SH7897247,An Giang
SH7897654,Đà Nẵng
SH7901481,Đà Nẵng
SH7901963,Đồng Nai
SH7904482,An Giang
SH7909840,TP.HCM
SH7910092,Quy Nhơn
SH7910492,Long An
SH7910876,Hà Nội
SH7912261,Hà Nội
SH7913101,Hải Phòng
SH7914310,An Giang
SH7916680,Hải Phòng
SH7917936,Thái Nguyên
SH7919142,Nha Trang
SH7919933,Thái Nguyên
SH7923821,Bình Dương
SH7925241,Quy Nhơn
SH7925354,Hà Nội
SH7926488,An Giang
SH7929238,Đồng Nai
SH7930068,Hải Phòng
SH7930801,Pleiku
SH7931573,Pleiku
SH7931802,Đồng Nai
SH7933678,Hà Nội
SH7934958,Buôn Ma Thuột
SH7935903,Đà Nẵng
SH7937523,Bình Dương
SH7938388,Hải Phòng
SH7939415,Đồng Nai
SH7940865,Pleiku
SH7942783,TP.HCM
SH7945279,Bến Tre
SH7945478,Huế
SH7945545,Bình Dương
SH7945843,Vinh
SH7946254,Đồng Nai
SH7946564,Cần Thơ
SH7947528,Kiên Giang
SH7948604,Bến Tre
SH7948929,Vinh
SH7949507,Hà Nội
SH7949934,Quy Nhơn
SH7952674,Quy Nhơn
SH7954096,Đồng Nai
SH7954389,Thái Nguyên
SH7955435,Pleiku
SH7962906,Đà Lạt
SH7963855,Nha Trang
SH7964536,Kiên Giang
SH7966165,Đà Lạt
SH7967787,Thái Nguyên
SH7968920,Pleiku
SH7969137,Hà Nội
SH7969139,Đà Lạt
SH7969792,Đồng Nai
SH7970964,Kiên Giang
SH7971116,An Giang
SH7972774,Nha Trang
SH7973012,Buôn Ma Thuột
SH7973244,Long An
SH7974007,Đồng Nai
SH7975770,Long An
SH7975966,Vinh
SH7976146,TP.HCM
SH7979051,Tiền Giang
SH7979502,Đà Lạt
SH7979786,Đà Lạt
SH7980418,Huế
SH7984488,Đồng Nai
SH7984575,Long An
SH7987605,Thái Nguyên
SH7987624,Đà Nẵng
SH7988325,Pleiku
SH7989052,Nam Định
SH7989275,Quy Nhơn
SH7990607,Long An
SH7990951,Quảng Ninh
SH7995438,Quảng Ninh
SH7997408,Nha Trang
SH7999383,Bình Dương
SH8001145,Nam Định
SH8002077,Bình Dương
SH8003747,Quy Nhơn
SH8004270,Nha Trang
SH8005329,Kiên Giang
SH8005797,Huế
SH8006128,Hải Phòng
SH8008491,Bình Dương
SH8009424,Bình Dương
SH8009891,An Giang
SH8010543,Huế
SH8010785,Kiên Giang
SH8011041,Đà Nẵng
SH8014220,Nam Định
SH8014407,Huế
SH8017399,Kiên Giang
SH8019596,An Giang
SH8024277,Huế
SH8025845,Tiền Giang
SH8026061,Vinh
SH8026853,Buôn Ma Thuột
SH8027733,Quy Nhơn
SH8028142,Bình Dương
SH8029014,Kiên Giang
SH8031780,Thái Nguyên
SH8031853,Đà Nẵng
SH8032065,Nha Trang
SH8033433,Nam Định
SH8033901,Đồng Nai
SH8034721,Nha Trang
SH8035637,Nha Trang
SH8036335,Buôn Ma Thuột
SH8037768,Buôn Ma Thuột
SH8039259,Nam Định
SH8039841,Vinh
SH8042146,Cần Thơ
SH8042167,Kiên Giang
SH8042351,Huế
SH8043228,Đà Lạt
SH8043341,Hải Phòng
SH8045968,Đà Lạt
SH8046262,Nha Trang
SH8047457,Đà Nẵng
SH8048312,Đồng Nai
SH8050191,An Giang
SH8052414,Đà Nẵng
SH8052503,Đồng Nai
SH8053690,Bến Tre
SH8054188,An Giang
SH8054268,Đà Lạt
SH8054731,Nha Trang
SH8054923,TP.HCM
SH8056018,Quy Nhơn
SH8058391,Nam Định
SH8058562,Vũng Tàu
SH8058810,Cần Thơ
SH8059996,Huế
SH8060918,Tiền Giang
SH8061842,Thái Nguyên
SH8063338,Đà Lạt
SH8065653,Huế
SH8066975,Đà Lạt
SH8068258,Vũng Tàu
SH8070049,TP.HCM
SH8070294,Đà Nẵng
SH8075239,Huế
SH8075793,Long An
SH8076666,An Giang
SH8077035,Kiên Giang
SH8077313,Bến Tre
SH8077339,Đồng Nai
SH8077565,Long An
SH8078601,Tiền Giang
SH8079136,Huế
SH8079725,An Giang
SH8080237,Quy Nhơn
SH8081357,Quảng Ninh
SH8081714,Bình Dương
SH8082668,Đồng Nai
SH8082763,Quảng Ninh
SH8087224,Nha Trang
SH8087672,Buôn Ma Thuột
SH8088238,Bình Dương
SH8088302,Cần Thơ
SH8092502,Buôn Ma Thuột
SH8092834,Hà Nội
SH8093626,Hà Nội
SH8094015,Kiên Giang
SH8094894,Nha Trang
SH8095702,Hải Phòng
SH8096466,Tiền Giang
SH8096887,Pleiku
SH8097624,Nha Trang
SH8097721,Hà Nội
SH8097969,Đà Nẵng
SH8098358,Đà Nẵng
SH8101178,Bến Tre
SH8103052,Tiền Giang
SH8103847,Vũng Tàu
SH8106672,Đà Lạt
SH8106959,Tiền Giang
SH8107132,Cần Thơ
SH8107177,Vũng Tàu
SH8107988,Pleiku
SH8109602,Nam Định
SH8113803,Quy Nhơn
SH8114745,Kiên Giang
SH8118545,Hải Phòng
SH8118722,Vũng Tàu
SH8119299,Cần Thơ
SH8119368,Hà Nội
SH8120263,Vinh
SH8123598,Thái Nguyên
SH8125083,Huế
SH8128878,Quảng Ninh
SH8130059,Đà Nẵng
SH8132043,Đồng Nai
SH8133034,Bến Tre
SH8134465,Tiền Giang
SH8135061,Kiên Giang
SH8136077,Thái Nguyên
SH8136273,Quảng Ninh
SH8136853,Huế
SH8138153,Đà Lạt
SH8138196,Nha Trang
SH8140130,Buôn Ma Thuột
SH8141807,Bình Dương
SH8142072,Đồng Nai
SH8142635,Quy Nhơn
SH8143228,An Giang
SH8143932,Pleiku
SH8144753,Quy Nhơn
SH8146329,Cần Thơ
SH8147380,Buôn Ma Thuột
SH8147819,Kiên Giang
SH8148295,Quy Nhơn
SH8151286,Kiên Giang
SH8152401,An Giang
SH8153068,Hải Phòng
SH8154596,Hải Phòng
SH8154895,An Giang
SH8156108,Hải Phòng
SH8157847,Đồng Nai
SH8158234,Huế
SH8159756,Pleiku
SH8159792,Đồng Nai
SH8161659,Đà Lạt
SH8164308,Quy Nhơn
SH8165549,Tiền Giang
SH8165734,Đà Nẵng
SH8165791,Kiên Giang
SH8166784,Đà Lạt
SH8167112,Tiền Giang
SH8167189,Buôn Ma Thuột
SH8168450,Hà Nội
SH8169423,Đà Lạt
SH8170058,Buôn Ma Thuột
SH8170621,Thái Nguyên
SH8172078,Hà Nội
SH8172651,Quảng Ninh
SH8172943,Đồng Nai
SH8175206,Đồng Nai
SH8175669,Quảng Ninh
SH8176846,Đà Nẵng
SH8178761,Đồng Nai
SH8179243,Đà Lạt
SH8179741,Vũng Tàu
SH8180682,Quy Nhơn
SH8183935,Bình Dương
SH8189094,Long An
SH8189268,Thái Nguyên
SH8189437,Đà Lạt
SH8189549,Kiên Giang
SH8190073,Pleiku
SH8190929,Vũng Tàu
SH8191536,Nha Trang
SH8194732,Nam Định
SH8196063,Đà Nẵng
SH8196632,Nam Định
SH8199919,Quy Nhơn
SH8200668,TP.HCM
SH8201418,Long An
SH8201680,Cần Thơ
SH8201903,Cần Thơ
SH8203514,Kiên Giang
SH8204131,Nam Định
SH8204386,Hải Phòng
SH8207257,Đà Lạt
SH8208206,An Giang
SH8208215,Đà Lạt
SH8208441,Vũng Tàu
SH8208994,Tiền Giang
SH8209161,Pleiku
SH8213778,TP.HCM
SH8216962,Long An
SH8217851,Vũng Tàu
SH8220540,Huế
SH8222302,Bến Tre
SH8223819,Đà Nẵng
SH8227688,Quảng Ninh
SH8228132,Buôn Ma Thuột
SH8228437,Hải Phòng
SH8228742,Đà Lạt
SH8230134,Bình Dương
SH8230898,Long An
SH8232325,Nha Trang
SH8236960,Pleiku
SH8238505,Huế
SH8239156,Vinh
SH8239257,Bình Dương
SH8240459,TP.HCM
SH8241401,Đồng Nai
SH8242292,Quảng Ninh
SH8242914,Quy Nhơn
SH8244164,Kiên Giang
SH8244240,Hà Nội
SH8244357,Hà Nội
SH8245056,Tiền Giang
SH8245685,Bình Dương
SH8247127,Buôn Ma Thuột
SH8249042,Tiền Giang
SH8249719,Cần Thơ
SH8250077,TP.HCM
SH8251335,Tiền Giang
SH8251473,Kiên Giang
SH8253602,Tiền Giang
SH8254446,Bến Tre
SH8255851,Bến Tre
SH8258611,Quảng Ninh
SH8260487,Pleiku
SH8263354,Nam Định
SH8267899,Cần Thơ
SH8268205,Đà Lạt
SH8268869,An Giang
SH8269737,Pleiku
SH8269809,Cần Thơ
SH8271396,Vũng Tàu
SH8272164,Nam Định
SH8275056,An Giang
SH8276470,Đồng Nai
SH8276736,Buôn Ma Thuột
SH8278024,Buôn Ma Thuột
SH8279185,Cần Thơ
SH8280297,An Giang
SH8280502,Cần Thơ
SH8281246,Pleiku
SH8281628,TP.HCM
SH8282041,Pleiku
SH8284002,Huế
SH8284274,Nha Trang
SH8288055,Bến Tre
SH8288314,Nam Định
SH8288489,Pleiku
SH8292352,Huế
SH8293482,Nha Trang
SH8293757,Quy Nhơn
SH8294423,Buôn Ma Thuột
SH8295371,Quảng Ninh
SH8296545,Long An
SH8297709,Kiên Giang
SH8298194,Nam Định
SH8300889,Đà Lạt
SH8301508,Thái Nguyên
SH8302025,Đồng Nai
SH8302077,Quảng Ninh
SH8302424,Nha Trang
SH8305024,Đà Nẵng
SH8305514,Quảng Ninh
SH8305583,Buôn Ma Thuột
SH8307571,Bến Tre
SH8309439,Buôn Ma Thuột
SH8309538,Quảng Ninh
SH8309667,Đà Lạt
SH8310364,Nha Trang
SH8311348,TP.HCM
SH8312018,Nam Định
SH8312133,An Giang
SH8313632,Đồng Nai
SH8315457,Nha Trang
SH8315833,Quảng Ninh
SH8316922,Quảng Ninh
SH8318019,Thái Nguyên
SH8319762,Long An
SH8320592,Huế
SH8323566,Thái Nguyên
SH8323766,Bình Dương
SH8325324,Hải Phòng
SH8326069,Long An
SH8326285,Kiên Giang
SH8327043,Kiên Giang
SH8327521,Thái Nguyên
SH8328113,Buôn Ma Thuột
SH8329186,Đà Nẵng
SH8329397,An Giang
SH8331203,Cần Thơ
SH8331935,Hà Nội
SH8332001,TP.HCM
SH8332874,Nam Định
SH8334649,Tiền Giang
SH8335722,Đà Lạt
SH8337169,Huế
SH8339206,Hà Nội
SH8339797,Vinh
SH8341708,Vũng Tàu
SH8341765,Quy Nhơn
SH8342987,Tiền Giang
SH8345974,Đà Lạt
SH8346426,Đà Lạt
SH8347503,Quảng Ninh
SH8348027,Tiền Giang
SH8348994,Quy Nhơn
SH8351011,Nha Trang
SH8352697,Tiền Giang
SH8354627,Huế
SH8357476,Quy Nhơn
SH8358018,Vũng Tàu
SH8362559,Đà Nẵng
SH8363199,Đồng Nai
SH8368425,Thái Nguyên
SH8368441,Vũng Tàu
SH8368859,Bến Tre
SH8369037,Pleiku
SH8370013,Đà Lạt
SH8371931,Hải Phòng
SH8372116,Nam Định
SH8373517,An Giang
SH8374942,Cần Thơ
SH8375271,Tiền Giang
SH8377556,Đồng Nai
SH8377596,Hải Phòng
SH8379650,Kiên Giang
SH8379657,Tiền Giang
SH8379665,Thái Nguyên
SH8379807,Bến Tre
SH8381552,Bình Dương
SH8386086,Cần Thơ
SH8386629,Vũng Tàu
SH8387157,Hải Phòng
SH8389391,Bình Dương
SH8390152,Pleiku
SH8390451,Hà Nội
SH8395677,Đồng Nai
SH8395785,Bình Dương
SH8396003,Đà Nẵng
SH8398943,Vũng Tàu
SH8400298,Vinh
SH8400692,Quy Nhơn
SH8408190,An Giang
SH8410440,Hà Nội
SH8412769,Long An
SH8414298,Quy Nhơn
SH8414351,Long An
SH8414487,An Giang
SH8414740,Huế
SH8416066,Hải Phòng
SH8416270,Huế
SH8416504,Kiên Giang
SH8417300,Nam Định
SH8419054,Vũng Tàu
SH8419419,Cần Thơ
SH8419922,Nam Định
SH8420581,Kiên Giang
SH8421587,Huế
SH8422287,Đồng Nai
SH8424152,Đà Lạt
SH8424270,Hải Phòng
SH8424384,Vũng Tàu
SH8427120,Thái Nguyên
SH8427453,Quảng Ninh
SH8429684,Pleiku
SH8430506,Nam Định
SH8430904,Huế
SH8433920,Kiên Giang
SH8434464,Hải Phòng
SH8436816,Thái Nguyên
SH8436951,Nha Trang
SH8437237,Đồng Nai
SH8439666,Đà Nẵng
SH8440412,Quảng Ninh
SH8441169,Nha Trang
SH8441741,Quảng Ninh
SH8442808,Bình Dương
SH8443172,Hà Nội
SH8443265,Đà Nẵng
SH8445005,Vũng Tàu
SH8445119,TP.HCM
SH8445639,Tiền Giang
SH8445869,Vũng Tàu
SH8446596,Quảng Ninh
SH8447225,Bến Tre
SH8447582,Nam Định
SH8448185,Pleiku
SH8448286,Huế
SH8449415,Huế
SH8450060,Pleiku
SH8451739,Hà Nội
SH8452705,Pleiku
SH8452783,Thái Nguyên
SH8452933,Pleiku
SH8453719,Pleiku
SH8457126,Bình Dương
SH8457880,An Giang
SH8459412,An Giang
SH8459558,Thái Nguyên
SH8459906,TP.HCM
SH8460359,Vũng Tàu
SH8460426,Thái Nguyên
SH8460803,Tiền Giang
SH8462774,Hà Nội
SH8463862,Pleiku
SH8464194,Hà Nội
SH8464248,Hải Phòng
SH8464319,Đà Lạt
SH8464509,Nam Định
SH8464950,Huế
SH8466761,Vinh
SH8466983,Bến Tre
SH8468068,Kiên Giang
SH8468706,Vinh
SH8468713,TP.HCM
SH8469790,Vũng Tàu
SH8470322,Đà Lạt
SH8474842,Đồng Nai
SH8476180,Kiên Giang
SH8477568,Hà Nội
SH8478566,Long An
SH8478776,Quảng Ninh
SH8478794,Huế
SH8483778,Quảng Ninh
SH8485108,Nam Định
SH8489470,Hải Phòng
SH8490652,Cần Thơ
SH8494985,Bình Dương
SH8496553,Đà Nẵng
SH8505433,TP.HCM
SH8508580,Quảng Ninh
SH8512901,Bình Dương
SH8513124,Đà Lạt
SH8514510,Đà Lạt
SH8514949,Đà Nẵng
SH8516545,Pleiku
SH8518486,Nam Định
SH8519465,An Giang
SH8519541,Buôn Ma Thuột
SH8519887,Vinh
SH8525486,An Giang
SH8526486,Đà Nẵng
SH8527555,Quảng Ninh
SH8529960,TP.HCM
SH8530609,Nha Trang
SH8532094,Huế
SH8532729,Bình Dương
SH8533031,Vinh
SH8533738,Quy Nhơn
SH8534089,Đà Lạt
SH8534286,Cần Thơ
SH8536945,Huế
SH8537227,Nam Định
SH8537652,Bến Tre
SH8537680,Bến Tre
SH8537810,Vinh
SH8538325,Thái Nguyên
SH8539211,Quy Nhơn
SH8539415,Quy Nhơn
SH8540786,Kiên Giang
SH8541891,Kiên Giang
SH8542836,Quảng Ninh
SH8543762,Hà Nội
SH8550026,TP.HCM
SH8550515,Vinh
SH8551752,Đồng Nai
SH8552180,Tiền Giang
SH8552187,Hà Nội
SH8552545,Tiền Giang
SH8552733,Hà Nội
SH8553274,Hà Nội
SH8554468,Vũng Tàu
SH8554987,Quy Nhơn
SH8555310,Buôn Ma Thuột
SH8557973,An Giang
SH8558675,Vũng Tàu
SH8558810,Huế
SH8560977,Bình Dương
SH8563799,Vũng Tàu
SH8565186,Quảng Ninh
SH8565242,Long An
SH8565514,Bình Dương
SH8567384,An Giang
SH8567612,Bình Dương
SH8569000,Cần Thơ
SH8569809,Đà Nẵng
SH8571416,Buôn Ma Thuột
SH8571591,Thái Nguyên
SH8574654,Hải Phòng
SH8576723,Nam Định
SH8577425,An Giang
SH8577767,Nam Định
SH8578703,Đà Nẵng
SH8578973,Vũng Tàu
SH8579106,An Giang
SH8581014,Buôn Ma Thuột
SH8581485,Bến Tre
SH8581822,Cần Thơ
SH8582208,Vinh
SH8583681,Bình Dương
SH8584593,Quy Nhơn
SH8585176,Bến Tre
SH8585307,Hà Nội
SH8586575,Quảng Ninh
SH8587594,Quảng Ninh
SH8587744,Bến Tre
SH8588532,Đồng Nai
SH8588663,Cần Thơ
SH8588667,An Giang
SH8588799,Tiền Giang
SH8589943,Hà Nội
SH8590487,Đà Nẵng
SH8590566,Vũng Tàu
SH8590804,Nha Trang
SH8594467,Buôn Ma Thuột
SH8597181,Hà Nội
SH8597882,Hải Phòng
SH8601909,Bến Tre
SH8602375,Đà Nẵng
SH8602690,Buôn Ma Thuột
SH8603914,Pleiku
SH8605673,Cần Thơ
SH8608620,Thái Nguyên
SH8608994,Bến Tre
SH8610197,Pleiku
SH8611033,Cần Thơ
SH8611927,Bình Dương
SH8614576,Bình Dương
SH8616105,Đà Lạt
SH8616181,Huế
SH8617224,Buôn Ma Thuột
SH8617381,Vinh
SH8617787,Quy Nhơn
SH8618003,Buôn Ma Thuột
SH8618037,Pleiku
SH8619230,Long An
SH8619273,Hà Nội
SH8620153,Thái Nguyên
SH8620567,Vinh
SH8621945,Pleiku
SH8623654,Hải Phòng
SH8624054,Kiên Giang
SH8624134,Nha Trang
SH8625045,Quảng Ninh
SH8626061,Nam Định
SH8626561,Thái Nguyên
SH8626886,Đà Lạt
SH8633369,Thái Nguyên
SH8633454,Vũng Tàu
SH8634413,Tiền Giang
SH8638893,Huế
SH8639157,Quy Nhơn
SH8639889,Cần Thơ
SH8646186,Nam Định
SH8649014,Đồng Nai
SH8649591,Nha Trang
SH8650891,Bến Tre
SH8652215,An Giang
SH8652851,Nha Trang
SH8653803,Buôn Ma Thuột
SH8654679,Quy Nhơn
SH8655056,Vinh
SH8655554,Bến Tre
SH8657036,Tiền Giang
SH8657436,Nam Định
SH8657937,Bình Dương
SH8658638,TP.HCM
SH8658790,TP.HCM
SH8658887,Cần Thơ
SH8659103,Long An
SH8659696,Buôn Ma Thuột
SH8660787,Bến Tre
SH8661030,Buôn Ma Thuột
SH8661818,Vinh
SH8663691,Vinh
SH8669463,Nam Định
SH8669985,Huế
SH8670074,Cần Thơ
SH8671957,Tiền Giang
SH8673707,Vinh
SH8675182,Nha Trang
SH8676557,TP.HCM
SH8676774,Bến Tre
SH8676803,Buôn Ma Thuột
SH8679826,Huế
SH8680684,Cần Thơ
SH8682112,Hải Phòng
SH8682401,Pleiku
SH8684373,Bến Tre
SH8686829,Bình Dương
SH8687397,Kiên Giang
SH8688119,Buôn Ma Thuột
SH8688134,Pleiku
SH8691559,Cần Thơ
SH8692675,An Giang
SH8693689,An Giang
SH8696599,Buôn Ma Thuột
SH8698024,Quy Nhơn
SH8698180,Đà Nẵng
SH8698256,Thái Nguyên
SH8699037,Nha Trang
SH8702631,Vinh
SH8702751,Hà Nội
SH8706139,Kiên Giang
SH8707788,Long An
SH8710789,Cần Thơ
SH8710913,TP.HCM
SH8711874,TP.HCM
SH8713605,Đà Lạt
SH8715461,Pleiku
SH8715606,Đà Nẵng
SH8717186,Quảng Ninh
SH8717244,Huế
SH8717767,Kiên Giang
SH8718185,Tiền Giang
SH8719030,TP.HCM
SH8721958,Vũng Tàu
SH8722037,Hà Nội
SH8722253,Hải Phòng
SH8722609,Bình Dương
SH8723303,Tiền Giang
SH8723456,Bình Dương
SH8724035,Pleiku
SH8724131,An Giang
SH8726065,Đà Lạt
SH8728009,Quy Nhơn
SH8728326,Kiên Giang
SH8729583,Thái Nguyên
SH8729987,Tiền Giang
SH8730320,TP.HCM
SH8730667,Huế
SH8731957,Vinh
SH8736118,Vinh
SH8737204,Huế
SH8737724,Bến Tre
SH8740047,Bình Dương
SH8740286,Pleiku
SH8740365,Vinh
SH8740454,Đà Lạt
SH8740921,Vũng Tàu
SH8742197,Đồng Nai
SH8742296,Bình Dương
SH8742766,Buôn Ma Thuột
SH8743537,Đà Nẵng
SH8743662,Long An
SH8743823,Cần Thơ
SH8745331,An Giang
SH8748005,Nam Định
SH8748174,TP.HCM
SH8748429,Hải Phòng
SH8751883,Hải Phòng
SH8753058,Kiên Giang
SH8753435,Long An
SH8754634,Quảng Ninh
SH8754886,Quảng Ninh
SH8755439,Kiên Giang
SH8755807,Kiên Giang
SH8756015,Vinh
SH8756150,Hà Nội
SH8759060,Cần Thơ
SH8759763,Hà Nội
SH8760216,Đà Lạt
SH8760737,Hải Phòng
SH8763837,An Giang
SH8765259,Đà Nẵng
SH8766593,Bình Dương
SH8766942,Nha Trang
SH8768126,Nam Định
SH8768138,Hải Phòng
SH8768222,Bến Tre
SH8768273,Pleiku
SH8769203,Thái Nguyên
SH8769529,Huế
SH8772326,Đà Lạt
SH8772927,Quy Nhơn
SH8773463,Buôn Ma Thuột
SH8774158,Long An
SH8775431,Hà Nội
SH8780612,Bến Tre
SH8783257,Cần Thơ
SH8783461,Hà Nội
SH8783840,Cần Thơ
SH8783942,Cần Thơ
SH8784269,Đà Lạt
SH8785256,An Giang
SH8785268,Bến Tre
SH8789014,Bình Dương
SH8790689,Hà Nội
SH8791066,Bình Dương
SH8791214,Thái Nguyên
SH8791765,Thái Nguyên
SH8792046,An Giang
SH8794001,Nam Định
SH8795152,Đồng Nai
SH8795645,Vũng Tàu
SH8795690,Đồng Nai
SH8796326,Huế
SH8796388,Đà Nẵng
SH8796669,Nam Định
SH8797609,An Giang
SH8797852,Long An
SH8797904,Kiên Giang
SH8800812,Đồng Nai
SH8800942,Buôn Ma Thuột
SH8802571,Long An
SH8802905,Kiên Giang
SH8803483,Nam Định
SH8805654,Tiền Giang
SH8808058,Vinh
SH8808525,Đà Lạt
SH8809255,Huế
SH8811741,Pleiku
SH8811985,Quy Nhơn
SH8814431,Đà Lạt
SH8816091,Vũng Tàu
SH8818534,Đà Lạt
SH8819144,Đồng Nai
SH8820493,Thái Nguyên
SH8822331,Kiên Giang
SH8825556,Bình Dương
SH8827281,TP.HCM
SH8827322,Huế
SH8827548,An Giang
SH8828476,Đà Nẵng
SH8830137,Buôn Ma Thuột
SH8830689,Pleiku
SH8831313,An Giang
SH8831655,Vũng Tàu
SH8831951,Bình Dương
SH8833150,Long An
SH8835009,Buôn Ma Thuột
SH8836205,Huế
SH8836327,Tiền Giang
SH8836901,Hà Nội
SH8837418,Đà Nẵng
SH8839914,Kiên Giang
SH8840652,Hải Phòng
SH8840888,Huế
SH8841285,Kiên Giang
SH8841710,TP.HCM
SH8843817,Nam Định
SH8844494,An Giang
SH8844678,Bình Dương
SH8845552,Long An
SH8846695,Đồng Nai
SH8847422,Đồng Nai
SH8848119,Hải Phòng
SH8849014,Huế
SH8852698,Tiền Giang
SH8855600,Long An
SH8856113,Quảng Ninh
SH8856301,Huế
SH8856712,Bến Tre
SH8859049,Vũng Tàu
SH8859220,Bến Tre
SH8859663,An Giang
SH8862814,Kiên Giang
SH8862907,Quy Nhơn
SH8863605,Đà Nẵng
SH8863674,Đà Lạt
SH8863701,Long An
SH8867577,Vũng Tàu
SH8868776,Huế
SH8869040,Buôn Ma Thuột
SH8869293,Kiên Giang
SH8869583,Quy Nhơn
SH8869636,Thái Nguyên
SH8870858,Đà Lạt
SH8870968,Pleiku
SH8872257,Đồng Nai
SH8873203,Nha Trang
SH8874165,Quy Nhơn
SH8874357,Thái Nguyên
SH8875106,Tiền Giang
SH8880122,Nam Định
SH8880304,Thái Nguyên
SH8881688,Long An
SH8882503,Hải Phòng
SH8883139,Hải Phòng
SH8884051,An Giang
SH8885674,Đồng Nai
SH8887754,Quy Nhơn
SH8889444,Bến Tre
SH8892760,Bến Tre
SH8895137,Hà Nội
SH8896498,An Giang
SH8897884,Nam Định
SH8898026,Quy Nhơn
SH8899687,Nha Trang
SH8902206,Đà Nẵng
SH8902593,Nha Trang
SH8903263,Vũng Tàu
SH8903724,Nha Trang
SH8904748,Quy Nhơn
SH8905164,Kiên Giang
SH8905394,Vũng Tàu
SH8906784,Buôn Ma Thuột
SH8906960,TP.HCM
SH8907996,Pleiku
SH8908785,Long An
SH8910966,Hà Nội
SH8911742,Tiền Giang
SH8913298,Nha Trang
SH8913629,Buôn Ma Thuột
SH8916565,Quảng Ninh
SH8916748,Buôn Ma Thuột
SH8921527,Vũng Tàu
SH8922606,TP.HCM
SH8923004,Thái Nguyên
SH8923903,Kiên Giang
SH8925295,Pleiku
SH8925331,Cần Thơ
SH8928710,Long An
SH8929430,Hải Phòng
SH8930103,Đà Lạt
SH8932249,Vinh
SH8934503,Nha Trang
SH8936104,Nha Trang
SH8937840,Bình Dương
SH8940166,Kiên Giang
SH8941429,An Giang
SH8941680,Đà Lạt
SH8944891,Buôn Ma Thuột
SH8944940,Kiên Giang
SH8945032,Vũng Tàu
SH8946390,Vinh
SH8946989,Vũng Tàu
SH8947918,Bình Dương
SH8948107,Thái Nguyên
SH8949482,Bình Dương
SH8949535,Đà Lạt
SH8949803,Thái Nguyên
SH8951535,Thái Nguyên
SH8953616,Đồng Nai
SH8954031,Kiên Giang
SH8956695,Đồng Nai
SH8956723,Pleiku
SH8959326,Đà Nẵng
SH8959460,Bến Tre
SH8959686,Đà Nẵng
SH8959753,Cần Thơ
SH8961085,Bến Tre
SH8961878,Quy Nhơn
SH8962302,Kiên Giang
SH8964187,Đà Nẵng
SH8964822,Quy Nhơn
SH8965351,Tiền Giang
SH8966175,Kiên Giang
SH8966256,Vũng Tàu
SH8966383,Vũng Tàu
SH8966629,Huế
SH8966781,Kiên Giang
SH8969234,Hải Phòng
SH8970099,Pleiku
SH8971766,Long An
SH8972523,Tiền Giang
SH8973433,Hải Phòng
SH8975196,Vũng Tàu
SH8975793,Đà Nẵng
SH8977556,Đà Nẵng
SH8978811,Huế
SH8979998,Thái Nguyên
SH8980532,Bình Dương
SH8981570,Quy Nhơn
SH8982486,Long An
SH8983343,TP.HCM
SH8986040,Hà Nội
SH8987516,Đà Lạt
SH8989103,Pleiku
SH8989636,Vũng Tàu
SH8990215,An Giang
SH8990934,Vinh
SH8992988,Tiền Giang
SH8993431,Đà Lạt
SH8994929,Nha Trang
SH8995112,Thái Nguyên
SH8996376,Thái Nguyên
SH8996556,An Giang
SH8998298,Vinh
SH8999013,Buôn Ma Thuột
SH8999672,Vinh
SH9000563,Bến Tre
SH9001949,Tiền Giang
SH9004235,Nha Trang
SH9006323,Kiên Giang
SH9006402,Buôn Ma Thuột
SH9009453,Kiên Giang
SH9010663,Đà Lạt
SH9011739,Đà Lạt
SH9012615,Đà Nẵng
SH9014255,Đà Lạt
SH9014739,An Giang
SH9014965,Quảng Ninh
SH9019156,Nam Định
SH9019850,Đồng Nai
SH9022784,Cần Thơ
SH9023619,Kiên Giang
SH9024130,Nam Định
SH9024868,Nha Trang
SH9024898,Đồng Nai
SH9033348,Nam Định
SH9033944,Vinh
SH9035909,Quy Nhơn
SH9036116,Long An
SH9037659,Buôn Ma Thuột
SH9039605,Quy Nhơn
SH9039790,Hải Phòng
SH9041643,Quảng Ninh
SH9043668,Quảng Ninh
SH9044411,Đồng Nai
SH9044494,Cần Thơ
SH9045906,Buôn Ma Thuột
SH9046032,Hải Phòng
SH9046216,Buôn Ma Thuột
SH9046308,Pleiku
SH9047769,Đà Lạt
SH9053373,Bình Dương
SH9053548,Đồng Nai
SH9053977,Nam Định
SH9057843,Đồng Nai
SH9058573,Hà Nội
SH9059928,Vũng Tàu
SH9060974,Nha Trang
SH9061707,Vinh
SH9062973,Pleiku
SH9065534,Đồng Nai
SH9066089,Bình Dương
SH9066931,Buôn Ma Thuột
SH9067917,Bến Tre
SH9071332,Buôn Ma Thuột
SH9071594,Bình Dương
SH9073323,Tiền Giang
SH9075443,Quy Nhơn
SH9078781,Quảng Ninh
SH9080218,Đà Nẵng
SH9081810,Pleiku
SH9083873,Đà Lạt
SH9085316,Tiền Giang
SH9085428,Nam Định
SH9085712,Đồng Nai
SH9087279,Bình Dương
SH9087798,Thái Nguyên
SH9088689,Đồng Nai
SH9089070,Hà Nội
SH9089526,Đồng Nai
SH9089795,Nam Định
SH9089823,Hà Nội
SH9089921,Pleiku
SH9093392,An Giang
SH9097458,Bình Dương
SH9097767,Vinh
SH9099709,Quảng Ninh
SH9100571,Nha Trang
SH9102469,Tiền Giang
SH9103851,Hà Nội
SH9104003,Huế
SH9105332,Bình Dương
SH9105360,Vinh
SH9106221,Pleiku
SH9107980,Long An
SH9109645,Vũng Tàu
SH9110374,Hà Nội
SH9110494,Bến Tre
SH9110583,Bến Tre
SH9111150,Long An
SH9111841,Hải Phòng
SH9112071,Đà Nẵng
SH9114202,Kiên Giang
SH9114517,Đà Lạt
SH9114925,TP.HCM
SH9115352,Thái Nguyên
SH9116089,Bình Dương
SH9119299,TP.HCM
SH9120691,Kiên Giang
SH9121258,Đà Nẵng
SH9123408,Tiền Giang
SH9124128,Long An
SH9124192,Quảng Ninh
SH9125900,Pleiku
SH9126125,Tiền Giang
SH9127304,Bến Tre
SH9127895,Bình Dương
SH9129457,Đồng Nai
SH9129458,Vinh
SH9129618,Tiền Giang
SH9130388,Đồng Nai
SH9130904,Bình Dương
SH9131617,Bến Tre
SH9131814,Đà Nẵng
SH9131851,Nha Trang
SH9132648,Bến Tre
SH9135262,Đà Nẵng
SH9136197,Huế
SH9136201,Hải Phòng
SH9139299,Pleiku
SH9140297,Nam Định
SH9140810,Long An
SH9141900,Quảng Ninh
SH9142618,Tiền Giang
SH9144350,Huế
SH9144961,Quy Nhơn
SH9145476,Thái Nguyên
SH9145779,An Giang
SH9146156,Đà Lạt
SH9146760,Đà Lạt
SH9147727,Đà Nẵng
SH9151398,An Giang
SH9152593,Huế
SH9153687,TP.HCM
SH9158107,Bình Dương
SH9158212,Long An
SH9159212,Đà Lạt
SH9160661,Tiền Giang
SH9162551,TP.HCM
SH9162832,Vinh
SH9164342,Nha Trang
SH9164719,Tiền Giang
SH9165172,Nam Định
SH9165219,An Giang
SH9167778,Tiền Giang
SH9168705,Cần Thơ
SH9172237,TP.HCM
SH9173698,Bình Dương
SH9173892,TP.HCM
SH9175606,Vinh
SH9175995,Thái Nguyên
SH9176265,Bình Dương
SH9180640,Buôn Ma Thuột
SH9181291,Nha Trang
SH9181335,Huế
SH9181645,Thái Nguyên
SH9181715,Tiền Giang
SH9183489,Vinh
SH9183911,Buôn Ma Thuột
SH9184918,Hà Nội
SH9186848,Nam Định
SH9190792,Pleiku
SH9190921,Hà Nội
SH9191811,Hải Phòng
SH9192021,Hải Phòng
SH9192440,Bến Tre
SH9192945,Bến Tre
SH9194715,An Giang
SH9194903,Đồng Nai
SH9195048,Pleiku
SH9195585,Bình Dương
SH9196832,Thái Nguyên
SH9197443,Bình Dương
SH9198215,Nha Trang
SH9200633,TP.HCM
SH9201213,Quảng Ninh
SH9201859,Huế
SH9203440,Kiên Giang
SH9204110,Bình Dương
SH9205669,Pleiku
SH9205877,Bình Dương
SH9205956,Nam Định
SH9207371,Nam Định
SH9208001,Huế
SH9208312,Quảng Ninh
SH9210573,Vinh
SH9211754,Kiên Giang
SH9212376,Nha Trang
SH9213136,Long An
SH9213304,Cần Thơ
SH9213416,Huế
SH9213447,Đà Lạt
SH9214082,Nam Định
SH9215334,An Giang
SH9215392,Pleiku
SH9219877,Vũng Tàu
SH9222311,Nha Trang
SH9222596,TP.HCM
SH9222666,Đà Nẵng
SH9225404,Thái Nguyên
SH9226877,Cần Thơ
SH9230095,Đà Nẵng
SH9230125,Tiền Giang
SH9230366,Cần Thơ
SH9233181,Đà Nẵng
SH9233449,Buôn Ma Thuột
SH9233802,Vinh
SH9235577,Hà Nội
SH9236941,Quy Nhơn
SH9238063,Kiên Giang
SH9239610,Nha Trang
SH9240861,Đà Lạt
SH9240971,Thái Nguyên
SH9241865,An Giang
SH9242744,Tiền Giang
SH9242860,Vinh
SH9244976,Long An
SH9246985,Quy Nhơn
SH9247142,Nam Định
SH9248819,Thái Nguyên
SH9249291,Tiền Giang
SH9249489,Pleiku
SH9249789,Đà Lạt
SH9250720,Hà Nội
SH9251645,Hà Nội
SH9254323,Hà Nội
SH9254374,Thái Nguyên
SH9255025,Pleiku
SH9255362,Long An
SH9256986,Pleiku
SH9257506,Long An
SH9258597,Vũng Tàu
SH9259287,Đồng Nai
SH9260612,Bình Dương
SH9260690,Long An
SH9260937,Vũng Tàu
SH9261459,Quy Nhơn
SH9263440,Đà Nẵng
SH9264613,TP.HCM
SH9266335,Quy Nhơn
SH9269258,Hải Phòng
SH9269280,Buôn Ma Thuột
SH9269834,Quảng Ninh
SH9271947,Thái Nguyên
SH9272134,Pleiku
SH9272832,Quảng Ninh
SH9273027,Bình Dương
SH9274081,Đồng Nai
SH9274985,Pleiku
SH9275354,Hà Nội
SH9276464,An Giang
SH9278999,Cần Thơ
SH9282662,Hà Nội
SH9283023,Huế
SH9289190,Cần Thơ
SH9289405,Cần Thơ
SH9289747,Bến Tre
SH9290445,Bến Tre
SH9291346,Thái Nguyên
SH9294125,Huế
SH9295865,Vũng Tàu
SH9296866,Long An
SH9296929,Bến Tre
SH9299539,Đồng Nai
SH9302292,Tiền Giang
SH9303014,Đà Lạt
SH9303632,Huế
SH9304849,Quy Nhơn
SH9305654,Pleiku
SH9307322,Kiên Giang
SH9308229,An Giang
SH9308847,Nha Trang
SH9309504,Pleiku
SH9309833,Tiền Giang
SH9311162,Huế
SH9312160,Đồng Nai
SH9312583,Bình Dương
SH9312590,Đồng Nai
SH9314364,Hải Phòng
SH9314402,Hải Phòng
SH9315137,Bình Dương
SH9317941,Quảng Ninh
SH9318064,Bình Dương
SH9318184,Huế
SH9318729,Quảng Ninh
SH9320631,Long An
SH9321939,Thái Nguyên
SH9323692,Tiền Giang
SH9324603,Quảng Ninh
SH9324825,Tiền Giang
SH9325145,Hà Nội
SH9325622,Long An
SH9326807,Bình Dương
SH9327645,Tiền Giang
SH9327907,Cần Thơ
SH9328158,Kiên Giang
SH9328292,An Giang
SH9328682,Long An
SH9332170,Nha Trang
SH9333551,Bình Dương
SH9334603,Đà Lạt
SH9336013,Hà Nội
SH9337532,Đồng Nai
SH9341542,An Giang
SH9347387,Đồng Nai
SH9348768,Đà Lạt
SH9350305,Vũng Tàu
SH9350344,Kiên Giang
SH9350655,Huế
SH9352238,Cần Thơ
SH9353359,Quy Nhơn
SH9354503,Buôn Ma Thuột
SH9355065,Đà Lạt
SH9355981,Đà Lạt
SH9356859,Tiền Giang
SH9357666,Đà Lạt
SH9361693,Vũng Tàu
SH9361963,Bình Dương
SH9361982,Bình Dương
SH9363326,Hải Phòng
SH9365272,Huế
SH9368760,Cần Thơ
SH9370362,Đà Lạt
SH9371621,Đồng Nai
SH9372452,Đà Nẵng
SH9373087,Huế
SH9373678,Bến Tre
SH9375299,Thái Nguyên
SH9377405,Pleiku
SH9377871,Đồng Nai
SH9379959,Huế
SH9381287,Đà Nẵng
SH9381447,Long An
SH9381604,Quảng Ninh
SH9382373,Nam Định
SH9382875,Đà Nẵng
SH9383571,Quy Nhơn
SH9386347,Nam Định
SH9390674,Thái Nguyên
SH9390699,Thái Nguyên
SH9392388,Thái Nguyên
SH9392397,Đà Nẵng
SH9396422,Hà Nội
SH9397114,Nam Định
SH9397901,Tiền Giang
SH9398699,Hải Phòng
SH9399318,Buôn Ma Thuột
SH9399526,Pleiku
SH9400075,Pleiku
SH9400547,Hải Phòng
SH9402269,Đà Lạt
SH9402368,Vinh
SH9404704,Quy Nhơn
SH9404963,Tiền Giang
SH9405268,Đà Nẵng
SH9405347,Hà Nội
SH9408308,Đà Nẵng
SH9409580,Đồng Nai
SH9410136,Vũng Tàu
SH9410273,Buôn Ma Thuột
SH9411435,Nam Định
SH9414386,Đà Nẵng
SH9416644,Quảng Ninh
SH9416915,Nam Định
SH9417612,Pleiku
SH9418218,Kiên Giang
SH9418940,Nam Định
SH9419411,Cần Thơ
SH9419884,Đồng Nai
SH9421225,TP.HCM
SH9422001,Vũng Tàu
SH9424046,Nha Trang
SH9425658,Nha Trang
SH9425665,An Giang
SH9425877,Bến Tre
SH9426669,Pleiku
SH9427002,Hải Phòng
SH9427666,Hà Nội
SH9431822,Quy Nhơn
SH9434835,Hà Nội
SH9435412,Quảng Ninh
SH9439632,Quy Nhơn
SH9440838,Đà Nẵng
SH9441498,Thái Nguyên
SH9442968,An Giang
SH9444452,Huế
SH9446398,Tiền Giang
SH9446439,An Giang
SH9446593,Bình Dương
SH9447851,Nam Định
SH9448755,Pleiku
SH9449329,Huế
SH9450935,Đồng Nai
SH9450936,Thái Nguyên
SH9452659,Buôn Ma Thuột
SH9453649,Quảng Ninh
SH9454622,Nha Trang
SH9457812,Buôn Ma Thuột
SH9459284,Huế
SH9462834,TP.HCM
SH9466346,Bình Dương
SH9467237,Đồng Nai
SH9468772,Pleiku
SH9470736,Nam Định
SH9472177,Đồng Nai
SH9472695,Vũng Tàu
SH9473644,Đà Lạt
SH9477402,Long An
SH9479318,Quảng Ninh
SH9479788,Đồng Nai
SH9479950,Vinh
SH9481156,Tiền Giang
SH9483147,Huế
SH9483674,Huế
SH9485444,Nha Trang
SH9485735,Quảng Ninh
SH9486798,Vinh
SH9487745,Đà Nẵng
SH9488960,Long An
SH9490760,Bến Tre
SH9492077,Hà Nội
SH9492828,Buôn Ma Thuột
SH9496643,Vũng Tàu
SH9496736,Quy Nhơn
SH9497062,Pleiku
SH9499228,Hà Nội
SH9502419,Bến Tre
SH9504433,Vũng Tàu
SH9505390,Long An
SH9505716,Buôn Ma Thuột
SH9506299,Bến Tre
SH9507186,Cần Thơ
SH9508997,Kiên Giang
SH9509533,Đà Lạt
SH9510655,Huế
SH9511330,Đà Nẵng
SH9511530,Cần Thơ
SH9512372,Nha Trang
SH9512910,Bến Tre
SH9514426,Hải Phòng
SH9514611,Nam Định
SH9515685,Buôn Ma Thuột
SH9515904,Bến Tre
SH9516094,Đà Lạt
SH9517169,Thái Nguyên
SH9517884,Huế
SH9522430,Buôn Ma Thuột
SH9524340,Bình Dương
SH9524370,Hải Phòng
SH9524533,Vinh
SH9525435,Kiên Giang
SH9526211,Quảng Ninh
SH9526649,Long An
SH9526867,Thái Nguyên
SH9528836,Nam Định
SH9529387,Tiền Giang
SH9530616,Cần Thơ
SH9532665,Quảng Ninh
SH9534273,Thái Nguyên
SH9534501,Đồng Nai
SH9537279,Nha Trang
SH9537455,Long An
SH9538946,Bình Dương
SH9539119,Tiền Giang
SH9539673,Nam Định
SH9542620,Đà Nẵng
SH9542892,Hà Nội
SH9544879,Đà Lạt
SH9545843,Cần Thơ
SH9546975,Hà Nội
SH9546989,Long An
SH9547694,Nha Trang
SH9549535,Nha Trang
SH9550084,Hải Phòng
SH9551602,Cần Thơ
SH9554163,Quảng Ninh
SH9555321,TP.HCM
SH9556458,Long An
SH9558134,Đà Nẵng
SH9559875,Tiền Giang
SH9560164,Đồng Nai
SH9561085,Pleiku
SH9564488,Buôn Ma Thuột
SH9565320,Đồng Nai
SH9565416,Nam Định
SH9567311,Nam Định
SH9568507,Đà Nẵng
SH9569129,Nha Trang
SH9569497,Đà Lạt
SH9569924,Đồng Nai
SH9572486,Tiền Giang
SH9572494,Đồng Nai
SH9574016,Tiền Giang
SH9575908,Kiên Giang
SH9576556,Quy Nhơn
SH9577002,Bình Dương
SH9578269,Thái Nguyên
SH9579547,Long An
SH9579549,An Giang
SH9580834,Bến Tre
SH9581612,Kiên Giang
SH9582257,Long An
SH9582482,Tiền Giang
SH9582992,An Giang
SH9585231,Kiên Giang
SH9586816,Bến Tre
SH9589117,Nam Định
SH9589252,Huế
SH9591066,Huế
SH9591879,Long An
SH9592429,An Giang
SH9594877,Bến Tre
SH9596189,Kiên Giang
SH9598448,TP.HCM
SH9598757,Hà Nội
SH9599207,Đà Nẵng
SH9602547,Vinh
SH9603094,Quy Nhơn
SH9604097,Vinh
SH9606126,Buôn Ma Thuột
SH9607922,Huế
SH9608182,An Giang
SH9609009,Tiền Giang
SH9609823,Nam Định
SH9610536,Vinh
SH9610869,Cần Thơ
SH9611152,Pleiku
SH9611521,Pleiku
SH9613156,Bến Tre
SH9614497,Đồng Nai
SH9615090,Quảng Ninh
SH9615400,TP.HCM
SH9616768,Vinh
SH9617883,Kiên Giang
SH9622363,Huế
SH9622743,Tiền Giang
SH9622958,Hà Nội
SH9623013,Pleiku
SH9624152,Vinh
SH9624780,Pleiku
SH9626848,Kiên Giang
SH9627700,Nam Định
SH9627892,Hà Nội
SH9627967,Kiên Giang
SH9630451,Tiền Giang
SH9630721,Quảng Ninh
SH9631208,Buôn Ma Thuột
SH9633551,Nha Trang
SH9634200,Quy Nhơn
SH9634736,Đà Lạt
SH9635016,Kiên Giang
SH9635947,Đà Lạt
SH9636027,Hà Nội
SH9636236,Quy Nhơn
SH9636401,Hà Nội
SH9636545,Vinh
SH9637655,Đà Nẵng
SH9638650,Vinh
SH9639110,Thái Nguyên
SH9639154,Buôn Ma Thuột
SH9641898,Hải Phòng
SH9642403,Vũng Tàu
SH9643663,Nha Trang
SH9644379,Hà Nội
SH9645532,Vũng Tàu
SH9646852,An Giang
SH9647567,Cần Thơ
SH9648175,Long An
SH9648790,TP.HCM
SH9649141,Hải Phòng
SH9649668,Quảng Ninh
SH9649816,Huế
SH9650558,Bến Tre
SH9652230,Hà Nội
SH9652279,Pleiku
SH9653199,Tiền Giang
SH9653916,An Giang
SH9655078,An Giang
SH9655206,Long An
SH9657780,Nam Định
SH9659503,Thái Nguyên
SH9659536,Tiền Giang
SH9660477,Đà Nẵng
SH9660487,Đà Lạt
SH9661485,Bến Tre
SH9665673,Bến Tre
SH9665768,Cần Thơ
SH9666820,Đà Nẵng
SH9669760,Buôn Ma Thuột
SH9670192,Pleiku
SH9670359,Nha Trang
SH9670766,An Giang
SH9671681,Quảng Ninh
SH9673937,Hải Phòng
SH9674209,Nam Định
SH9676026,Vinh
SH9679086,Vinh
SH9679670,Quảng Ninh
SH9682223,Vũng Tàu
SH9682767,Bến Tre
SH9684044,Nha Trang
SH9685239,Tiền Giang
SH9686124,Vinh
SH9686324,Pleiku
SH9686433,Tiền Giang
SH9688409,Hà Nội
SH9688443,Hà Nội
SH9689307,Bình Dương
SH9690383,Quy Nhơn
SH9693462,Đà Lạt
SH9693792,Cần Thơ
SH9694087,TP.HCM
SH9698799,Nam Định
SH9699445,Kiên Giang
SH9699967,Cần Thơ
SH9703982,Bến Tre
SH9706284,Đồng Nai
SH9708196,Thái Nguyên
SH9709844,Hải Phòng
SH9712448,Pleiku
SH9714211,Thái Nguyên
SH9714808,Nha Trang
SH9714816,Cần Thơ
SH9715207,Bình Dương
SH9718383,An Giang
SH9719744,Pleiku
SH9720112,Bình Dương
SH9721531,Kiên Giang
SH9723129,Đà Nẵng
SH9723371,Đà Lạt
SH9725456,An Giang
SH9725552,Vinh
SH9726921,Pleiku
SH9727784,Vinh
SH9728545,Tiền Giang
SH9728991,TP.HCM
SH9729340,An Giang
SH9732674,Quảng Ninh
SH9733424,An Giang
SH9733740,Nam Định
SH9734983,Đồng Nai
SH9736027,Quy Nhơn
SH9736618,Đà Lạt
SH9737102,Bến Tre
SH9738020,Đà Lạt
SH9739520,TP.HCM
SH9739541,Tiền Giang
SH9740376,TP.HCM
SH9740807,Nha Trang
SH9740844,Pleiku
SH9741829,An Giang
SH9743710,Bình Dương
SH9745409,An Giang
SH9745874,Huế
SH9752411,Quy Nhơn
SH9753742,Cần Thơ
SH9753827,Huế
SH9757456,Nam Định
SH9758437,An Giang
SH9760988,Huế
SH9761179,Buôn Ma Thuột
SH9761244,Nha Trang
SH9761271,Đà Nẵng
SH9761648,Đà Lạt
SH9761958,Thái Nguyên
SH9762826,Vinh
SH9764165,Quy Nhơn
SH9764329,An Giang
SH9765062,An Giang
SH9766934,Đồng Nai
SH9767135,Nam Định
SH9767312,Vũng Tàu
SH9768170,Huế
SH9768275,Kiên Giang
SH9769803,Kiên Giang
SH9770031,An Giang
SH9770842,Đà Lạt
SH9773624,Quy Nhơn
SH9774395,Kiên Giang
SH9774432,Long An
SH9776214,An Giang
SH9778875,Long An
SH9778944,Pleiku
SH9780144,Đà Lạt
SH9781093,Quảng Ninh
SH9782090,Cần Thơ
SH9782849,Hà Nội
SH9783755,Đồng Nai
SH9784157,Bình Dương
SH9784207,Đà Nẵng
SH9786538,Pleiku
SH9786991,An Giang
SH9789295,Đà Lạt
SH9789342,TP.HCM
SH9791397,Tiền Giang
SH9791443,Long An
SH9791515,Huế
SH9795418,Quảng Ninh
SH9795885,Đà Nẵng
SH9796467,Quy Nhơn
SH9797610,Đà Lạt
SH9797750,Kiên Giang
SH9798264,TP.HCM
SH9798981,Huế
SH9799137,Cần Thơ
SH9799204,Vũng Tàu
SH9799535,Kiên Giang
SH9800067,Buôn Ma Thuột
SH9801144,Pleiku
SH9801756,An Giang
SH9802632,Vũng Tàu
SH9804916,Đà Nẵng
SH9805124,An Giang
SH9805934,Bến Tre
SH9810617,Vinh
SH9812089,Long An
SH9812447,An Giang
SH9812589,An Giang
SH9813842,Nam Định
SH9816238,Kiên Giang
SH9816477,Quy Nhơn
SH9816670,Thái Nguyên
SH9817680,Thái Nguyên
SH9818011,Buôn Ma Thuột
SH9821037,Long An
SH9821826,Quảng Ninh
SH9821855,Vinh
SH9822878,Hà Nội
SH9823994,Hà Nội
SH9825812,Buôn Ma Thuột
SH9827042,An Giang
SH9827514,Huế
SH9828037,Cần Thơ
SH9828362,Nam Định
SH9829898,Nam Định
SH9829992,Quảng Ninh
SH9830165,Pleiku
SH9831303,Long An
SH9831969,Đà Nẵng
SH9836267,Đà Lạt
SH9837903,Hải Phòng
SH9838222,Đà Nẵng
SH9838407,An Giang
SH9839210,Buôn Ma Thuột
SH9842475,Cần Thơ
SH9842520,Quy Nhơn
SH9843194,Buôn Ma Thuột
SH9844719,Nam Định
SH9849783,Quy Nhơn
SH9850211,Kiên Giang
SH9853171,Pleiku
SH9854536,Nha Trang
SH9854747,Quy Nhơn
SH9856567,Vinh
SH9858366,Bến Tre
SH9860422,Vũng Tàu
SH9861949,Vũng Tàu
SH9862314,Cần Thơ
SH9863271,TP.HCM
SH9863607,Bình Dương
SH9863756,Nam Định
SH9863866,Đồng Nai
SH9864053,Long An
SH9864139,Tiền Giang
SH9866902,Đồng Nai
SH9868030,Pleiku
SH9868896,Kiên Giang
SH9869529,Pleiku
SH9870866,Vũng Tàu
SH9873352,Tiền Giang
SH9874478,Cần Thơ
SH9875764,TP.HCM
SH9876598,Huế
SH9877751,Vinh
SH9878202,Huế
SH9878299,Kiên Giang
SH9879906,Pleiku
SH9880992,Hà Nội
SH9882945,Nha Trang
SH9885504,Quảng Ninh
SH9887167,Bình Dương
SH9889042,Bến Tre
SH9891383,Kiên Giang
SH9895187,Đà Lạt
SH9895786,An Giang
SH9897063,Thái Nguyên
SH9898248,Bình Dương
SH9898656,Đồng Nai
SH9899410,Thái Nguyên
SH9900275,Pleiku
SH9900636,Thái Nguyên
SH9901929,Bến Tre
SH9903794,Pleiku
SH9905370,Tiền Giang
SH9905465,Tiền Giang
SH9906069,Buôn Ma Thuột
SH9906521,Đà Nẵng
SH9906779,Quy Nhơn
SH9907085,Quảng Ninh
SH9907653,TP.HCM
SH9908966,Buôn Ma Thuột
SH9909589,Hải Phòng
SH9915144,Huế
SH9915254,Pleiku
SH9917500,Nha Trang
SH9921066,Pleiku
SH9925071,Bình Dương
SH9926748,Pleiku
SH9929043,Hà Nội
SH9932581,An Giang
SH9933361,Quảng Ninh
SH9934217,Tiền Giang
SH9934644,Long An
SH9938471,An Giang
SH9938866,Đà Lạt
SH9939702,Huế
SH9939908,Đồng Nai
SH9945065,Hải Phòng
SH9945913,Quảng Ninh
SH9950391,Vũng Tàu
SH9951123,Tiền Giang
SH9951249,Huế
SH9951272,Kiên Giang
SH9955929,Hải Phòng
SH9957402,Long An
SH9958042,Kiên Giang
SH9959503,Kiên Giang
SH9960279,An Giang
SH9960531,Nha Trang
SH9961899,Vũng Tàu
SH9963616,Cần Thơ
SH9963829,An Giang
SH9964425,Hải Phòng
SH9967263,Đà Lạt
SH9968671,Vinh
SH9970343,An Giang
SH9972513,Đồng Nai
SH9977074,Đồng Nai
SH9978269,Quảng Ninh
SH9978954,Đà Nẵng
SH9978990,Nha Trang
SH9979905,Pleiku
SH9980222,Bến Tre
SH9980734,TP.HCM
SH9981819,Long An
SH9982151,An Giang
SH9983037,Quảng Ninh
SH9985243,Tiền Giang
SH9985862,Pleiku
SH9987148,Thái Nguyên
SH9987534,Bến Tre
SH9988298,Bình Dương
SH9988320,Buôn Ma Thuột
SH9991137,Vinh
SH9991642,Hà Nội
SH9992323,Đồng Nai
SH9992327,Quy Nhơn
SH9996238,Hà Nội
SH9996681,Nam Định
SH9999150,An Giang
SH9999734,Bình Dương
